firing_rate,ISI_CV,neuron_index
13.833333333333334,0.10886682780500959,100.0
10.166666666666666,0.1948108962059484,100.0
17.666666666666668,0.05600358837408481,100.0
19.333333333333332,0.04133104189985638,10.0
9.5,0.2587881957959841,100.0
18.166666666666668,0.05682938746685104,10.0
1.6666666666666667,0.6773829592775111,250.0
13.666666666666666,0.1175952627847743,100.0
19.666666666666668,0.04363578963844911,10.0
18.5,0.047352168865367354,10.0
20.166666666666668,0.04143810656468561,10.0
7.166666666666667,0.3583468292799828,250.0
19.0,0.04520808662919573,10.0
17.0,0.06322659794081426,10.0
16.5,0.07079042255810487,10.0
16.333333333333332,0.07428205247863329,100.0
11.0,0.21712346665726823,250.0
14.833333333333334,0.09461998238567332,100.0
11.833333333333334,0.1499338854993444,100.0
12.0,0.18216207320565161,10.0
5.5,0.4426927267203314,250.0
0.5,1.0,250.0
18.0,0.05687095301661166,10.0
7.166666666666667,0.4037962637371351,100.0
13.666666666666666,0.11271470868367466,250.0
17.666666666666668,0.06326064302828223,10.0
0.16666666666666666,1.0,250.0
16.333333333333332,0.06675773697428786,100.0
18.166666666666668,0.053322837539944525,10.0
20.333333333333332,0.042363674273283275,10.0
18.0,0.052485139305236864,100.0
14.0,0.09324937970131007,100.0
17.333333333333332,0.05916337093434434,100.0
18.5,0.05595274284023348,10.0
0.16666666666666666,1.0,250.0
6.0,0.3241816911553943,250.0
19.166666666666668,0.04423578099222117,100.0
19.0,0.05181411446032649,100.0
20.833333333333332,0.04164646144251988,10.0
19.166666666666668,0.046048015813029544,10.0
10.0,0.21659500234963636,250.0
5.0,0.4627102569756856,100.0
8.5,0.20896028781664086,250.0
19.833333333333332,0.039804090884974816,10.0
14.166666666666666,0.09746365642403777,100.0
16.333333333333332,0.06869198847721326,100.0
7.5,0.31117475027977576,250.0
17.0,0.06318610144364663,10.0
17.833333333333332,0.0554619950414549,10.0
17.833333333333332,0.05858940891265815,100.0
19.0,0.05008361226880944,10.0
13.666666666666666,0.1210129686166031,100.0
18.666666666666668,0.049752517239393786,10.0
16.0,0.06491499813447149,10.0
0.16666666666666666,1.0,250.0
19.333333333333332,0.04621139063556146,10.0
18.5,0.051576225922442986,10.0
15.0,0.09260730205130943,100.0
16.833333333333332,0.05579090828245596,100.0
11.0,0.20496027785590054,250.0
9.333333333333334,0.2524637724511575,250.0
2.6666666666666665,0.6759828503566667,250.0
20.833333333333332,0.03980082812556956,10.0
18.333333333333332,0.060063134701928915,10.0
6.666666666666667,0.42845037394562574,100.0
17.333333333333332,0.056383373105782425,10.0
17.0,0.06574937158254197,10.0
8.5,0.3189042943242,250.0
18.0,0.055624651473895226,10.0
8.333333333333334,0.23697485719575795,250.0
7.666666666666667,0.32064295666462056,250.0
9.833333333333334,0.21057939727775377,250.0
2.8333333333333335,0.7425028768336404,250.0
16.0,0.08055082323585873,100.0
14.166666666666666,0.1004512048429222,100.0
17.833333333333332,0.05561806739677335,100.0
13.666666666666666,0.09638775101681382,100.0
16.166666666666668,0.0729343497589117,10.0
14.333333333333334,0.09843847697472957,100.0
14.833333333333334,0.08958364666148544,250.0
16.833333333333332,0.058879397626764,10.0
16.333333333333332,0.06891937567635854,100.0
13.166666666666666,0.1148733740150903,100.0
15.666666666666666,0.0831255683387004,100.0
11.666666666666666,0.17169201991176405,250.0
12.166666666666666,0.14312863678103654,100.0
16.166666666666668,0.06301962820211252,10.0
15.166666666666666,0.07299784030592313,100.0
18.166666666666668,0.05586244358279861,10.0
18.333333333333332,0.048846724604350605,10.0
16.833333333333332,0.05250388091158343,10.0
13.666666666666666,0.10002000496673279,250.0
16.0,0.07677973812274981,100.0
18.5,0.05018604435211348,10.0
7.0,0.3465196290047873,250.0
18.333333333333332,0.0498531987605354,100.0
5.166666666666667,0.455323372074166,250.0
18.333333333333332,0.05156795524549249,10.0
18.666666666666668,0.046533959597489724,10.0
14.0,0.1003741783609538,250.0
0.16666666666666666,1.0,250.0
7.666666666666667,0.31795981576458227,250.0
17.333333333333332,0.06072620206349197,10.0
0.8333333333333334,0.5502298435565613,250.0
19.833333333333332,0.0484173026212609,10.0
18.5,0.04805742346775183,10.0
6.833333333333333,0.41653129803720923,250.0
19.0,0.04307425446485458,100.0
3.0,0.4837411977082246,250.0
10.166666666666666,0.2227238180738881,250.0
20.166666666666668,0.044890080523564135,10.0
10.5,0.22482301650830788,250.0
12.0,0.167453898382197,250.0
15.333333333333334,0.07984537870730493,100.0
16.5,0.06241645619433869,10.0
20.0,0.043241180325472556,10.0
17.0,0.06275591978991892,10.0
15.833333333333334,0.07018511519447067,100.0
14.666666666666666,0.0953289337780383,250.0
18.166666666666668,0.05172034885463865,10.0
12.333333333333334,0.1447078612677945,100.0
12.0,0.14712437017997645,250.0
16.333333333333332,0.06667667404066178,100.0
18.0,0.047782532212876976,100.0
9.333333333333334,0.3001624751962515,100.0
14.833333333333334,0.08736737760165285,10.0
19.0,0.048492253137212775,10.0
20.5,0.04768985490386247,10.0
14.5,0.10328219036777542,100.0
20.333333333333332,0.0414062829173221,10.0
21.666666666666668,0.03890284239439649,10.0
17.833333333333332,0.05733484212808059,60.0
16.333333333333332,0.07188846728766102,250.0
4.0,0.4789747502524668,250.0
8.833333333333334,0.24885865207152444,250.0
5.833333333333333,0.49625505559154764,250.0
18.5,0.051497207079384016,10.0
16.0,0.0712025294436092,100.0
18.5,0.05273054754764472,10.0
17.666666666666668,0.059598784293179295,100.0
2.1666666666666665,0.6485790957870313,250.0
15.0,0.09534869062505082,100.0
15.333333333333334,0.08892257117087325,100.0
11.666666666666666,0.15082162275734018,250.0
18.5,0.05298079171263312,10.0
3.8333333333333335,0.5420701369882579,250.0
0.6666666666666666,1.0,250.0
20.666666666666668,0.039366832160356365,10.0
14.5,0.10092054913980965,10.0
17.833333333333332,0.051439013497010085,100.0
6.166666666666667,0.3870155776581381,100.0
18.833333333333332,0.044626304173438935,100.0
7.333333333333333,0.3481244736526031,250.0
12.166666666666666,0.1452994209051895,100.0
19.5,0.049334538154469844,10.0
18.666666666666668,0.04882337000712078,100.0
0.16666666666666666,1.0,250.0
21.666666666666668,0.0411688292964734,10.0
14.833333333333334,0.07908774146792985,10.0
3.0,0.5400796094200389,100.0
17.166666666666668,0.059666942507200504,100.0
18.666666666666668,0.04596597773303771,100.0
8.833333333333334,0.2971309304637577,250.0
18.333333333333332,0.060486008620341106,10.0
20.333333333333332,0.04286142828487442,10.0
19.5,0.04953157562929887,10.0
8.666666666666666,0.2765944538701638,250.0
16.0,0.0704202950342264,250.0
14.666666666666666,0.08808705329962623,10.0
18.666666666666668,0.05095622526995058,10.0
12.333333333333334,0.1325956741048165,100.0
0.3333333333333333,1.0,250.0
14.166666666666666,0.10110441715905298,10.0
17.833333333333332,0.05790280612405184,100.0
7.333333333333333,0.3112799412094982,100.0
12.333333333333334,0.1370510968961742,250.0
6.5,0.38275462808747496,250.0
18.0,0.05393777473094292,100.0
19.666666666666668,0.04593202139621152,10.0
9.166666666666666,0.2568925135763599,100.0
1.0,1.0666913458555276,100.0
15.666666666666666,0.08367003978027097,100.0
19.0,0.04605463869438572,10.0
19.333333333333332,0.049445833133775874,100.0
14.333333333333334,0.09457778619683142,250.0
6.5,0.32020668500105176,250.0
15.5,0.07690816812528603,100.0
15.5,0.0786195401085651,100.0
18.666666666666668,0.052184180738905045,100.0
13.666666666666666,0.12636099923052813,250.0
15.833333333333334,0.06613124621856319,250.0
2.1666666666666665,0.842456714569678,100.0
16.5,0.07053085573032761,100.0
10.666666666666666,0.23114077570289496,100.0
12.0,0.1387990852524639,100.0
5.666666666666667,0.4134451789639371,250.0
14.666666666666666,0.09359532997426939,100.0
16.833333333333332,0.0646225433375812,100.0
18.333333333333332,0.05005037753035508,10.0
0.16666666666666666,1.0,250.0
16.166666666666668,0.07265391768819615,100.0
17.666666666666668,0.057884390375463335,100.0
2.6666666666666665,0.5287419289288465,250.0
21.166666666666668,0.039493355337627184,10.0
0.6666666666666666,1.0,250.0
12.0,0.15258738499192323,100.0
17.666666666666668,0.05242478289902898,10.0
4.5,0.550517484814163,100.0
17.333333333333332,0.059148005852854284,10.0
19.5,0.0458681613386654,10.0
9.166666666666666,0.2599798880871103,250.0
14.5,0.09347658478971557,100.0
17.833333333333332,0.0623256359986176,10.0
17.166666666666668,0.05842368000536417,10.0
19.833333333333332,0.04562681017091485,10.0
12.833333333333334,0.12816154225259888,250.0
18.5,0.052365093346874454,10.0
2.3333333333333335,0.4121445570173871,250.0
11.0,0.1679313655211872,100.0
13.5,0.10362385131403766,250.0
15.833333333333334,0.0651680398847403,100.0
2.1666666666666665,0.619215592640578,250.0
16.666666666666668,0.07016131384975487,10.0
13.166666666666666,0.12320580936369716,250.0
16.333333333333332,0.056616798535972374,250.0
19.166666666666668,0.05243421145706518,10.0
6.333333333333333,0.4169559864023126,250.0
12.666666666666666,0.1234614221535986,100.0
16.666666666666668,0.0598223355136658,100.0
1.1666666666666667,0.7689612829732204,250.0
16.833333333333332,0.06270637329266346,10.0
20.666666666666668,0.04612411125478873,10.0
2.8333333333333335,0.8601197800867134,250.0
19.333333333333332,0.04905020364191012,10.0
2.1666666666666665,0.549320966894963,250.0
8.0,0.2859142560508355,100.0
15.833333333333334,0.07123238865002139,100.0
6.333333333333333,0.40569671671871815,100.0
15.5,0.09751392376312037,100.0
0.16666666666666666,1.0,250.0
17.833333333333332,0.053169996403070054,10.0
14.833333333333334,0.08771203906641116,250.0
16.333333333333332,0.0820522898382516,100.0
13.333333333333334,0.10895133844244781,250.0
14.0,0.11961474855549976,100.0
7.333333333333333,0.2911879089672464,250.0
20.166666666666668,0.040372229375602524,10.0
15.166666666666666,0.08549316318473252,100.0
15.833333333333334,0.07453969690863294,100.0
13.5,0.12058126754568724,100.0
19.833333333333332,0.04250130769836735,10.0
18.5,0.0513943574071464,10.0
15.0,0.09262519701336475,100.0
13.5,0.11407521206369772,100.0
14.666666666666666,0.08757167204985253,100.0
14.333333333333334,0.09177872065440375,100.0
9.5,0.20343665825138266,250.0
0.5,1.0,250.0
15.833333333333334,0.07400762435522697,100.0
19.833333333333332,0.05577914985424955,10.0
18.5,0.0564009204085904,10.0
20.0,0.0392881798992199,100.0
10.166666666666666,0.19215485087198234,100.0
16.166666666666668,0.08199522315575218,100.0
16.166666666666668,0.06222640220786485,10.0
12.0,0.1621872493095175,100.0
19.833333333333332,0.04034694707572453,10.0
20.166666666666668,0.049635217706881625,10.0
17.0,0.059676953388814236,100.0
15.0,0.08337610392774197,100.0
12.5,0.15829878636489159,250.0
0.16666666666666666,1.0,250.0
0.5,1.0,250.0
4.333333333333333,0.4496625006288046,250.0
10.5,0.20392058933350057,250.0
0.3333333333333333,1.0,250.0
7.333333333333333,0.3696278222029644,250.0
17.666666666666668,0.06639724089842926,100.0
13.5,0.09885085342224795,100.0
18.333333333333332,0.053534175011439415,10.0
16.0,0.07546944453401395,10.0
1.0,1.2245903165518877,250.0
18.0,0.04898327887012542,10.0
18.666666666666668,0.043275271062852776,100.0
19.166666666666668,0.04677273367609161,10.0
14.0,0.10680754394788715,100.0
18.666666666666668,0.046332191691413165,10.0
20.166666666666668,0.04245068736058834,10.0
14.666666666666666,0.1042596934274874,100.0
18.166666666666668,0.05245377607670609,10.0
12.333333333333334,0.15369626087360605,250.0
14.166666666666666,0.09502566211325411,10.0
18.833333333333332,0.048445129902777676,10.0
11.666666666666666,0.17581832544723872,100.0
11.5,0.17507446527348614,100.0
18.333333333333332,0.056811851588934266,10.0
0.8333333333333334,0.4264790492463078,250.0
3.6666666666666665,0.5324440077497468,100.0
8.333333333333334,0.3282236996700286,100.0
18.5,0.04608309759275982,250.0
8.0,0.32127766221225207,250.0
20.0,0.0482582353208167,10.0
18.666666666666668,0.05793414960325982,10.0
8.0,0.3256853535703549,250.0
19.333333333333332,0.046680718424919485,10.0
9.833333333333334,0.19576273943067884,250.0
18.0,0.048605928500134794,10.0
12.666666666666666,0.14056764096832292,250.0
5.833333333333333,0.3705690033396453,100.0
14.833333333333334,0.08997848333744966,100.0
8.0,0.2579826089351304,100.0
18.0,0.056374108934787455,100.0
18.666666666666668,0.05195017106852259,10.0
16.333333333333332,0.06768500191578905,10.0
17.0,0.06590794169554966,10.0
5.666666666666667,0.3603867264323398,250.0
19.666666666666668,0.04608171732066062,10.0
12.333333333333334,0.13916995566903292,100.0
13.5,0.11862719892118298,100.0
0.16666666666666666,1.0,250.0
16.0,0.07918221727144112,100.0
18.833333333333332,0.0557803785470384,10.0
15.833333333333334,0.06659157389925822,10.0
18.0,0.05028417974662591,100.0
16.166666666666668,0.07820842736686467,100.0
7.5,0.324298029076406,100.0
7.833333333333333,0.3390414467143974,250.0
3.1666666666666665,0.6812338423676815,100.0
0.16666666666666666,1.0,250.0
18.166666666666668,0.06329518401443378,10.0
5.666666666666667,0.33932072140469705,100.0
18.0,0.05101928728849334,10.0
16.0,0.07073677791717528,10.0
9.0,0.25288916575096454,100.0
9.833333333333334,0.2540323205432206,100.0
1.6666666666666667,0.3720911808902242,250.0
6.833333333333333,0.37958299960112285,100.0
13.0,0.11475474602964315,250.0
13.333333333333334,0.1261314967399754,100.0
2.1666666666666665,0.5955479525844943,250.0
15.666666666666666,0.0775004007735915,250.0
14.833333333333334,0.08695783393301211,250.0
15.833333333333334,0.08207679299545956,250.0
11.0,0.17447841411347964,250.0
16.333333333333332,0.06695898724848603,100.0
18.333333333333332,0.05280258978471026,10.0
12.666666666666666,0.14471337141066723,100.0
20.166666666666668,0.041671439699861944,10.0
10.5,0.20493826594874318,250.0
19.5,0.04446701735149146,10.0
19.166666666666668,0.04769983973201248,10.0
10.833333333333334,0.18073718284917803,100.0
11.0,0.1772939714389929,250.0
17.666666666666668,0.05931494175822512,100.0
18.5,0.04595425963804598,10.0
17.0,0.07443777361264144,10.0
17.166666666666668,0.06029543258788217,10.0
17.333333333333332,0.061395836503854204,100.0
13.333333333333334,0.11839402326153138,250.0
14.833333333333334,0.10011171838296026,10.0
15.333333333333334,0.08514196491847655,100.0
16.166666666666668,0.08392207031517537,100.0
0.3333333333333333,1.0,250.0
1.0,0.8376688911660023,250.0
18.5,0.0492914153061893,10.0
15.166666666666666,0.08841283968780066,250.0
2.0,0.9983985428730829,250.0
5.666666666666667,0.38142327672174314,100.0
9.666666666666666,0.2480583559539765,250.0
13.0,0.10490782762971136,100.0
19.0,0.04202448894294007,10.0
18.666666666666668,0.053020994086145294,10.0
9.166666666666666,0.1953152569255019,100.0
1.5,0.5976357197625777,250.0
10.833333333333334,0.2050871368131359,100.0
15.166666666666666,0.0862412993536909,10.0
18.0,0.05354206711094466,10.0
16.5,0.07287863766223086,100.0
17.666666666666668,0.05657821686285956,100.0
5.666666666666667,0.4605369981383322,250.0
1.6666666666666667,0.7674702348686595,100.0
17.166666666666668,0.05867398192334249,10.0
7.5,0.3228248088972251,250.0
15.666666666666666,0.07630553298245828,100.0
12.833333333333334,0.12381111384617413,100.0
13.5,0.11458700894267314,100.0
11.166666666666666,0.2037604245125478,100.0
20.0,0.04757469193105351,10.0
1.5,0.6547295365145308,250.0
0.6666666666666666,1.0,250.0
17.5,0.06987698540256357,10.0
9.333333333333334,0.2433980897683932,250.0
17.666666666666668,0.055507076839748544,10.0
18.166666666666668,0.05442639335740219,10.0
14.666666666666666,0.07955078156191242,100.0
17.833333333333332,0.053320916330182315,100.0
10.833333333333334,0.19795614075946802,100.0
17.166666666666668,0.0644472142550833,10.0
0.8333333333333334,0.3686315403201898,250.0
0.16666666666666666,1.0,250.0
0.16666666666666666,1.0,250.0
19.666666666666668,0.05091392488498855,10.0
19.666666666666668,0.041345453575502754,10.0
13.666666666666666,0.10308031622095426,250.0
19.833333333333332,0.049413215190701194,10.0
12.166666666666666,0.16069925316428182,100.0
15.5,0.09381123911514708,100.0
16.666666666666668,0.06646939740837009,10.0
17.833333333333332,0.06060634006922878,100.0
2.5,0.6166108070703655,250.0
12.833333333333334,0.12238843627084786,10.0
12.0,0.12164100254841355,100.0
10.166666666666666,0.204888201876409,100.0
7.833333333333333,0.2868154459268653,250.0
20.166666666666668,0.045807343120269094,10.0
2.1666666666666665,0.6924531107019869,250.0
20.0,0.04528035513863681,10.0
9.0,0.2189121992444664,10.0
19.0,0.055850534738991195,10.0
3.1666666666666665,0.5332374018360327,250.0
1.3333333333333333,0.7499719906490641,250.0
6.333333333333333,0.3989149446856091,100.0
19.166666666666668,0.03937133060976088,100.0
18.333333333333332,0.05311764333989318,100.0
5.5,0.4760867968219692,100.0
18.333333333333332,0.05740936471172468,10.0
13.666666666666666,0.10017929919332315,100.0
21.166666666666668,0.03891802799097708,10.0
8.0,0.34904358537516095,250.0
18.833333333333332,0.04646510261662306,10.0
10.666666666666666,0.20339444579369903,100.0
17.0,0.06265447100073461,100.0
20.333333333333332,0.044034896779834416,10.0
9.333333333333334,0.274068690074548,100.0
0.16666666666666666,1.0,250.0
13.5,0.0899795024776033,10.0
20.5,0.040707587749677865,10.0
17.666666666666668,0.058316389099318605,10.0
7.166666666666667,0.3252125676101462,100.0
18.333333333333332,0.053435775206643395,10.0
14.0,0.10655937763503905,100.0
14.833333333333334,0.09487431530433311,100.0
16.666666666666668,0.0704268022163148,100.0
1.5,0.7400042527953562,250.0
20.0,0.03825637316256183,10.0
19.666666666666668,0.04872264234229906,10.0
13.833333333333334,0.10845225271240064,250.0
11.333333333333334,0.2083433756185609,250.0
19.666666666666668,0.05052533804310953,10.0
7.666666666666667,0.3990509034036508,100.0
2.1666666666666665,0.6192238091996891,250.0
15.166666666666666,0.07987597436448526,10.0
17.333333333333332,0.06613401822491943,100.0
6.833333333333333,0.4899522237670866,250.0
18.5,0.05683787270203474,10.0
15.833333333333334,0.0860810112900577,100.0
19.5,0.0465133789978401,10.0
15.833333333333334,0.0738652118628303,100.0
9.166666666666666,0.2586889280137152,100.0
17.5,0.05593659813343083,100.0
7.666666666666667,0.3849775328578319,250.0
17.166666666666668,0.050788457723873026,10.0
11.166666666666666,0.17844044184464114,250.0
18.666666666666668,0.04303122570994245,10.0
19.5,0.048788704611941694,10.0
2.6666666666666665,0.5486064398838542,250.0
17.5,0.054206250794541284,10.0
19.0,0.046566523224546894,10.0
1.0,0.7709754361462032,250.0
18.333333333333332,0.05168864193262364,10.0
18.833333333333332,0.047649335716016955,10.0
16.166666666666668,0.06478652142662487,100.0
9.333333333333334,0.2624334989146434,250.0
16.5,0.0736930986589913,10.0
8.666666666666666,0.27656091557228024,250.0
18.5,0.05581809709364134,10.0
18.166666666666668,0.05515547733347238,100.0
13.166666666666666,0.12257483752853494,250.0
9.5,0.26182349107456976,250.0
16.166666666666668,0.0726242242161526,100.0
14.166666666666666,0.09880734919034725,250.0
19.5,0.04680443200671234,10.0
1.0,0.5614077113748775,250.0
10.5,0.1779526455630768,250.0
12.333333333333334,0.15335654432622664,250.0
15.666666666666666,0.08042590050323266,100.0
16.333333333333332,0.06695558773813971,100.0
10.166666666666666,0.25898428445323957,250.0
17.5,0.05289910085971213,10.0
11.833333333333334,0.178002269563121,250.0
13.833333333333334,0.10418191427822658,10.0
10.166666666666666,0.20107456806472288,250.0
15.166666666666666,0.07431928206070536,100.0
12.333333333333334,0.12973777497608285,100.0
15.5,0.07359937260230807,100.0
0.3333333333333333,1.0,250.0
18.166666666666668,0.051578507675313336,10.0
13.666666666666666,0.10956664055498688,100.0
4.166666666666667,0.48437743079453077,250.0
7.166666666666667,0.35612816906200484,100.0
7.166666666666667,0.36135844728100447,250.0
0.6666666666666666,1.0,100.0
19.0,0.04800640866761584,10.0
15.5,0.0751522843334686,100.0
10.666666666666666,0.183972288105578,100.0
0.8333333333333334,0.857652693415504,250.0
0.5,1.0,250.0
2.3333333333333335,0.5001659509317756,250.0
6.166666666666667,0.35168953678871473,250.0
20.166666666666668,0.04643797282195906,10.0
15.833333333333334,0.07852092727513105,10.0
19.166666666666668,0.04996354340817327,10.0
12.166666666666666,0.17704244115979373,250.0
16.166666666666668,0.07519045167651672,100.0
19.5,0.04459929308562045,10.0
1.1666666666666667,0.9015338101947711,250.0
0.16666666666666666,1.0,250.0
16.5,0.06693354781645801,100.0
7.166666666666667,0.29111943844110144,250.0
18.666666666666668,0.05432146501177742,10.0
3.0,0.5466434341650792,100.0
19.833333333333332,0.04429238070767899,10.0
2.0,0.7831883383960604,250.0
19.833333333333332,0.038467465333081576,10.0
1.8333333333333333,0.6909423704184163,250.0
0.16666666666666666,1.0,250.0
6.666666666666667,0.2904182094129734,250.0
0.3333333333333333,1.0,250.0
9.5,0.26488560235167263,250.0
12.333333333333334,0.14760654711761495,100.0
17.5,0.05594960431185513,10.0
13.666666666666666,0.11948812458077192,100.0
19.666666666666668,0.04381797162386676,10.0
7.0,0.3782237831088167,100.0
0.3333333333333333,1.0,250.0
15.666666666666666,0.0875143768166618,100.0
15.166666666666666,0.08118385421276457,250.0
12.833333333333334,0.12502345321606992,250.0
11.333333333333334,0.17655921428693247,250.0
13.666666666666666,0.10172537951887531,250.0
18.333333333333332,0.06033438132938689,10.0
15.833333333333334,0.07688020557402737,100.0
18.0,0.05007218271267874,100.0
6.333333333333333,0.35865303374407037,250.0
16.5,0.07135882595646587,100.0
12.166666666666666,0.16790041630563582,250.0
16.166666666666668,0.06992615100473146,10.0
12.5,0.14839576780038524,250.0
19.666666666666668,0.05313326874200025,10.0
12.833333333333334,0.15890471162331085,100.0
13.833333333333334,0.11602600673395956,10.0
17.5,0.06076994241198596,100.0
15.0,0.09336834055450859,100.0
18.166666666666668,0.054231373434256755,10.0
15.0,0.07644108884130266,100.0
14.666666666666666,0.08367444158276269,10.0
15.5,0.07669143888184637,10.0
19.0,0.046597416156564736,10.0
0.16666666666666666,1.0,250.0
17.333333333333332,0.05837125501465445,100.0
20.5,0.04275393261914008,10.0
18.166666666666668,0.051076894575202564,100.0
0.6666666666666666,1.0,250.0
17.833333333333332,0.05615655101722449,10.0
11.666666666666666,0.14341473929408635,100.0
17.166666666666668,0.06383736192724708,100.0
16.0,0.07697058063550861,100.0
6.5,0.32558652537773797,250.0
4.666666666666667,0.5544100649955166,250.0
14.166666666666666,0.10367353249998673,100.0
18.833333333333332,0.051259971626891526,10.0
6.833333333333333,0.38967229743292126,250.0
0.6666666666666666,1.0,250.0
1.3333333333333333,0.851111446387372,250.0
10.166666666666666,0.21539273444842402,10.0
13.0,0.11337005701194922,100.0
12.666666666666666,0.1500727494860762,250.0
14.666666666666666,0.09656935317251192,250.0
14.166666666666666,0.10582254098672574,100.0
17.833333333333332,0.05786224273285259,10.0
13.166666666666666,0.11409422290602596,100.0
6.0,0.3372811503795167,100.0
17.666666666666668,0.05667741433780586,10.0
10.666666666666666,0.20451438650631765,100.0
13.833333333333334,0.10377112526854898,100.0
4.0,0.8184262592946935,100.0
16.5,0.0656440782369239,100.0
8.833333333333334,0.2828285889924339,250.0
17.333333333333332,0.059196348788617494,10.0
14.833333333333334,0.08739702908701698,100.0
16.666666666666668,0.07704943569378032,10.0
16.5,0.06842288502108188,10.0
17.666666666666668,0.0519899182209097,10.0
16.666666666666668,0.06795824562356902,100.0
1.5,0.3303057803832623,10.0
15.166666666666666,0.08069717450077578,10.0
16.5,0.06441287011614896,100.0
6.166666666666667,0.4427881771295745,250.0
13.666666666666666,0.09577250175784337,250.0
15.833333333333334,0.07406268511437748,100.0
16.333333333333332,0.0751094324132865,100.0
9.166666666666666,0.25793031506613384,250.0
14.833333333333334,0.07926830276921262,250.0
18.0,0.05039371541826323,10.0
14.333333333333334,0.09067932776177781,100.0
13.166666666666666,0.13080967372045432,100.0
14.0,0.10807301573503386,100.0
4.166666666666667,0.5276981666498862,250.0
17.666666666666668,0.060454971256364474,10.0
15.333333333333334,0.07322154581853557,100.0
5.0,0.5537848522000913,250.0
0.5,1.0,100.0
0.16666666666666666,1.0,250.0
18.833333333333332,0.05097829378515279,10.0
16.5,0.06895058392214001,10.0
18.333333333333332,0.052438745721219586,10.0
9.0,0.27429232837320655,100.0
12.666666666666666,0.12648836016710402,60.0
18.333333333333332,0.052577018992863496,10.0
16.166666666666668,0.0738102845167462,100.0
4.166666666666667,0.5240396135588614,250.0
13.166666666666666,0.11922440378768952,10.0
17.5,0.05495980649682962,10.0
3.3333333333333335,0.6192779771529793,100.0
15.0,0.08402606906302174,10.0
13.833333333333334,0.096511298224255,250.0
1.5,0.472482587590828,250.0
19.5,0.04884274384451738,10.0
14.666666666666666,0.09703595070714273,250.0
12.0,0.1388166524206182,250.0
0.5,1.0,250.0
11.333333333333334,0.1746633781619991,100.0
17.666666666666668,0.055670348178308904,10.0
14.666666666666666,0.08903777363062756,100.0
16.833333333333332,0.05542085433000142,10.0
4.333333333333333,0.6145009985551532,250.0
16.666666666666668,0.06809879855346351,100.0
8.166666666666666,0.33435979324189224,250.0
15.666666666666666,0.08712512547004743,10.0
14.5,0.09017563203792625,10.0
15.5,0.0909750956847225,100.0
12.666666666666666,0.11891121391376827,250.0
15.333333333333334,0.08408462896922049,100.0
12.666666666666666,0.15116281733289433,250.0
12.5,0.1535310249813767,250.0
4.666666666666667,0.41887240284660376,100.0
1.1666666666666667,1.0668992137992803,250.0
5.0,0.5061730274826328,100.0
10.666666666666666,0.17556791659757273,100.0
14.666666666666666,0.09284554997833463,10.0
1.0,0.4010943964585577,250.0
19.166666666666668,0.05059559686702983,10.0
10.166666666666666,0.26032660869317187,250.0
4.166666666666667,0.5258852445542762,250.0
0.3333333333333333,1.0,250.0
10.0,0.24027883383545856,250.0
11.666666666666666,0.13054855400479895,100.0
0.16666666666666666,1.0,250.0
15.166666666666666,0.10124608750168548,100.0
16.0,0.07727777607918324,10.0
3.6666666666666665,0.5388504454854527,250.0
17.166666666666668,0.058359502184178555,100.0
18.5,0.04692428403729386,10.0
18.666666666666668,0.04917034559317481,10.0
15.166666666666666,0.08750445512877894,10.0
13.833333333333334,0.11517540396667297,100.0
18.333333333333332,0.05541362304024213,10.0
17.666666666666668,0.04793372740965909,10.0
19.0,0.04853466089125363,100.0
14.666666666666666,0.0987330413132379,10.0
14.5,0.09738299141737114,10.0
13.5,0.11418034503581138,100.0
14.5,0.09180527714245393,100.0
17.166666666666668,0.07469521656018951,10.0
8.5,0.25688230588690186,250.0
9.666666666666666,0.22095009832401405,250.0
16.833333333333332,0.06766958422185283,10.0
13.666666666666666,0.11397401134840898,100.0
18.666666666666668,0.05428726923008759,100.0
19.833333333333332,0.04403874283634269,10.0
16.0,0.07485328053762287,100.0
9.833333333333334,0.24121635160544846,250.0
8.666666666666666,0.2673765858706562,100.0
18.833333333333332,0.055877531051241276,10.0
12.5,0.16462988099094988,250.0
18.333333333333332,0.0470841535453678,10.0
19.833333333333332,0.04308187200259662,10.0
8.666666666666666,0.23433602688612765,100.0
13.666666666666666,0.11804079285154688,10.0
11.833333333333334,0.14775447315653356,100.0
19.5,0.04877913827014468,10.0
15.5,0.08121202626079854,100.0
17.333333333333332,0.06050464305569614,10.0
17.0,0.06630934802131261,10.0
12.5,0.14899767993506635,100.0
1.3333333333333333,0.4379428354198647,250.0
18.666666666666668,0.05682023759081964,10.0
15.666666666666666,0.0866581617979012,100.0
16.166666666666668,0.0659261587851441,10.0
15.666666666666666,0.08929063198761192,250.0
15.833333333333334,0.07834066816644608,100.0
17.0,0.06429019569553703,10.0
5.5,0.4811755988412103,250.0
17.5,0.05926412377298366,100.0
7.0,0.32284422513871397,100.0
18.333333333333332,0.05635232800392513,10.0
2.5,0.6874173731891394,250.0
0.3333333333333333,1.0,250.0
17.833333333333332,0.050674190355405525,10.0
0.6666666666666666,1.0,250.0
16.0,0.06813678360974422,100.0
0.3333333333333333,1.0,250.0
17.166666666666668,0.06440912508567022,10.0
18.166666666666668,0.05213652222750564,100.0
17.833333333333332,0.05339892962127131,10.0
2.3333333333333335,0.6981265030134549,250.0
10.0,0.23497774640492597,250.0
3.0,0.4891251837665075,250.0
19.666666666666668,0.04962660904131817,10.0
16.666666666666668,0.06389388799042489,10.0
19.0,0.046686912175364706,10.0
18.5,0.04070878862830885,10.0
15.833333333333334,0.08035796618428695,100.0
16.5,0.0717396461268728,100.0
9.666666666666666,0.2529184898489527,250.0
12.833333333333334,0.1425273227006511,100.0
18.5,0.044182479110499176,10.0
14.666666666666666,0.09411993406938553,100.0
15.166666666666666,0.08219018197161199,100.0
14.166666666666666,0.1080871364438741,100.0
19.0,0.044578464723872675,100.0
20.166666666666668,0.03953202621341772,100.0
1.6666666666666667,0.498736347295202,250.0
14.0,0.10775178447901537,100.0
20.0,0.03891246404041756,10.0
17.0,0.06403760712943474,10.0
19.0,0.055008425818360365,10.0
17.166666666666668,0.054220333799372196,10.0
14.333333333333334,0.0897067742780305,100.0
0.6666666666666666,1.0,250.0
8.333333333333334,0.262185957266132,250.0
19.0,0.041925111948567045,10.0
14.5,0.10518627895398563,60.0
1.1666666666666667,0.8598228015237876,100.0
20.0,0.0490910609846324,10.0
17.166666666666668,0.06141788811317185,100.0
2.6666666666666665,0.6640029590837181,250.0
7.0,0.35787268637135905,250.0
19.0,0.04458675020986406,10.0
16.5,0.07929301618224584,100.0
14.333333333333334,0.10299970073571403,10.0
17.333333333333332,0.06527248597450111,10.0
8.833333333333334,0.2618208681472214,100.0
17.333333333333332,0.05936734274667139,10.0
15.166666666666666,0.0804318014778459,100.0
19.333333333333332,0.04844074106443662,10.0
15.166666666666666,0.07412849113238544,100.0
19.666666666666668,0.04354448837632721,100.0
10.833333333333334,0.19173389153352857,250.0
17.0,0.056892529775408034,10.0
19.5,0.049105638043285445,10.0
18.166666666666668,0.05596484286912914,10.0
1.0,0.552311663687409,250.0
15.333333333333334,0.08232870353746422,100.0
17.166666666666668,0.05954430038592066,10.0
2.5,0.7445157462695001,250.0
18.166666666666668,0.060247173027776,10.0
0.6666666666666666,1.0,250.0
19.5,0.046459070142994434,10.0
7.833333333333333,0.32223885562088456,250.0
16.166666666666668,0.0657950421354121,100.0
10.5,0.2107938947040745,250.0
7.333333333333333,0.4019125663746843,250.0
3.6666666666666665,0.4345426733941505,250.0
19.0,0.04604502493114241,10.0
18.666666666666668,0.056670408906707895,100.0
16.333333333333332,0.07486239929909062,10.0
13.666666666666666,0.12081398978247497,10.0
18.666666666666668,0.048346663173532506,100.0
18.833333333333332,0.05100333021017427,10.0
0.16666666666666666,1.0,250.0
1.3333333333333333,0.8424029228880895,250.0
0.3333333333333333,1.0,250.0
14.833333333333334,0.08549433277799659,100.0
16.833333333333332,0.06299364135646729,100.0
17.0,0.06402119766177997,100.0
0.3333333333333333,1.0,250.0
15.5,0.07678746219438327,100.0
7.166666666666667,0.35448300850649583,250.0
15.833333333333334,0.0692503829937839,10.0
18.833333333333332,0.04813720298360461,10.0
19.333333333333332,0.04747393583760587,10.0
18.5,0.051248945367260046,10.0
3.6666666666666665,0.5467740158985694,250.0
13.5,0.12885161954723587,100.0
17.666666666666668,0.0587863393859768,100.0
16.166666666666668,0.06807491349760045,100.0
11.166666666666666,0.20357601031079348,100.0
3.1666666666666665,0.4733535992435126,250.0
15.666666666666666,0.07604551279612831,250.0
13.333333333333334,0.12565566842096462,100.0
6.333333333333333,0.3408718122560971,250.0
8.666666666666666,0.26792816245992396,250.0
17.666666666666668,0.05400193842648407,10.0
15.0,0.08646684027647061,100.0
5.0,0.462635495443378,250.0
17.666666666666668,0.0519238854571266,10.0
17.333333333333332,0.05777456532974743,10.0
13.333333333333334,0.11289673209402122,100.0
15.166666666666666,0.07727633616482335,100.0
1.3333333333333333,0.7357607064277154,250.0
18.166666666666668,0.06243229281829976,10.0
1.3333333333333333,0.7250698962436707,250.0
0.8333333333333334,1.0312809324316528,250.0
20.0,0.040754381588335345,10.0
1.3333333333333333,0.9505387663015699,250.0
15.666666666666666,0.08916705517273896,100.0
16.666666666666668,0.07620821035615309,100.0
17.666666666666668,0.05954516191462515,10.0
15.166666666666666,0.09224272386760286,100.0
14.666666666666666,0.09868227548042625,250.0
15.166666666666666,0.0810999850202862,10.0
19.5,0.04324914992748678,10.0
15.666666666666666,0.08267843712680348,100.0
16.333333333333332,0.07101345050449166,10.0
17.0,0.06540263564283294,100.0
2.0,1.0248634423257121,250.0
14.0,0.09649065645856414,100.0
18.0,0.05668909096289837,10.0
18.166666666666668,0.06001671467134758,10.0
11.0,0.18206630477772623,100.0
0.16666666666666666,1.0,250.0
10.0,0.23448851343530558,250.0
4.666666666666667,0.6284219578003652,250.0
18.833333333333332,0.048235095466188274,10.0
17.166666666666668,0.062274802509205286,10.0
18.166666666666668,0.05734123709037946,10.0
15.0,0.07510964200236642,10.0
5.666666666666667,0.3294714164955605,250.0
14.666666666666666,0.09713675534307757,100.0
17.0,0.062121845454077625,100.0
21.833333333333332,0.03683982641951382,10.0
4.5,0.5470028086099633,250.0
15.5,0.06928114609269646,10.0
0.5,1.0,250.0
4.166666666666667,0.7602164027403698,100.0
3.8333333333333335,0.4068046850272508,250.0
13.0,0.12358336666458475,250.0
13.333333333333334,0.12996093857017524,100.0
15.666666666666666,0.08527611186957061,100.0
4.666666666666667,0.4881137033989038,250.0
11.5,0.1595776971937866,250.0
9.0,0.22999297381575462,250.0
20.0,0.041993487776808745,10.0
18.333333333333332,0.05405457592471948,10.0
17.0,0.07456881276167801,10.0
15.0,0.09318633069834881,100.0
15.5,0.08481240218351989,100.0
8.666666666666666,0.2705418331729773,250.0
18.833333333333332,0.04824779173570107,100.0
15.333333333333334,0.08779970858828906,100.0
15.0,0.09273528467778823,250.0
13.333333333333334,0.10714508044524348,100.0
10.666666666666666,0.18900064632940478,250.0
7.833333333333333,0.2879303308607521,100.0
11.333333333333334,0.14670423633937518,100.0
9.0,0.26615541328042114,250.0
5.666666666666667,0.49030141674410327,250.0
18.833333333333332,0.05299211348681221,10.0
7.833333333333333,0.28497702229337,100.0
19.5,0.044263482697759364,10.0
0.16666666666666666,1.0,250.0
18.833333333333332,0.05069718950463124,10.0
5.333333333333333,0.401275298460988,250.0
20.166666666666668,0.03949064677968884,10.0
18.333333333333332,0.05615851262014046,10.0
18.166666666666668,0.05484843172987983,100.0
1.5,0.693085252629579,250.0
19.666666666666668,0.046708511528779334,10.0
17.333333333333332,0.07046480273149462,100.0
2.3333333333333335,0.648505224104163,250.0
17.333333333333332,0.05490407080801781,100.0
16.0,0.0780194879078442,100.0
17.166666666666668,0.05998555168125461,10.0
14.333333333333334,0.09842948669345375,100.0
16.833333333333332,0.06320403741438312,10.0
18.666666666666668,0.05259982547115147,10.0
16.333333333333332,0.06823269665020576,100.0
16.333333333333332,0.07501744502425994,100.0
20.0,0.04216592902603429,10.0
19.333333333333332,0.051681327549212674,10.0
0.16666666666666666,1.0,250.0
17.666666666666668,0.06121228979375322,10.0
17.0,0.058135173200302086,100.0
9.833333333333334,0.1929274867179515,100.0
14.0,0.10658907351338508,100.0
14.333333333333334,0.10198020347152487,100.0
0.6666666666666666,1.0,250.0
10.833333333333334,0.1808866414984555,100.0
11.166666666666666,0.1760926804000665,100.0
10.666666666666666,0.25802186008115596,250.0
19.0,0.05113704247502759,10.0
17.5,0.059866750643601085,10.0
17.166666666666668,0.06414753292049269,10.0
16.833333333333332,0.05570237180211246,10.0
15.166666666666666,0.0853372457890182,10.0
9.5,0.2456734948221704,100.0
9.166666666666666,0.23954086999499452,250.0
19.0,0.04981806932379543,10.0
9.5,0.3012553606197454,100.0
19.166666666666668,0.04896440015773415,10.0
20.5,0.04359938177702806,10.0
7.666666666666667,0.32759483656454275,250.0
13.833333333333334,0.09748624203156253,100.0
11.833333333333334,0.1823616455034814,250.0
8.166666666666666,0.268250397838725,250.0
15.166666666666666,0.07422951713265079,100.0
18.333333333333332,0.05294748043884461,10.0
14.666666666666666,0.09528294389757021,100.0
17.5,0.04938259672046644,10.0
18.333333333333332,0.049640931038964005,10.0
19.5,0.04843706356788359,10.0
6.5,0.3673237721236399,250.0
15.666666666666666,0.08026304737408375,10.0
12.166666666666666,0.15464831917400879,250.0
10.666666666666666,0.17939561359472755,100.0
15.833333333333334,0.07792776258783796,10.0
17.5,0.06543674004495485,10.0
15.166666666666666,0.0864631459679957,60.0
19.333333333333332,0.0439014104046382,10.0
12.666666666666666,0.13968366148609826,100.0
11.5,0.17950790908435485,250.0
19.166666666666668,0.04883707788632341,10.0
14.333333333333334,0.09603660945013555,100.0
10.5,0.2292901887180796,250.0
2.0,0.5366855064895767,250.0
10.166666666666666,0.20076479035672815,250.0
10.666666666666666,0.2176570030412455,250.0
19.0,0.05581223543281513,10.0
0.16666666666666666,1.0,250.0
14.833333333333334,0.09453899974184252,100.0
14.666666666666666,0.09216639482793428,100.0
8.0,0.3158589977164723,100.0
17.0,0.06406226135720339,100.0
1.0,0.6939842568136932,250.0
7.0,0.297090028038141,100.0
0.3333333333333333,1.0,250.0
19.0,0.05033744936966498,10.0
18.333333333333332,0.055162223598999006,10.0
16.833333333333332,0.06542037712424618,100.0
19.833333333333332,0.05244723801766478,10.0
4.5,0.5819215385224095,100.0
16.666666666666668,0.0693947589033031,10.0
14.166666666666666,0.08466450084051601,10.0
0.8333333333333334,0.5115959419591793,250.0
14.5,0.09974923796917032,100.0
12.333333333333334,0.15913817884391834,100.0
15.0,0.08560117970721895,100.0
7.333333333333333,0.31887165827564506,100.0
13.666666666666666,0.11329733948521835,100.0
18.333333333333332,0.057647189827701936,100.0
11.333333333333334,0.1791366081015727,100.0
18.5,0.05427291618606287,10.0
2.0,0.728896003707488,250.0
19.5,0.04991789448455499,10.0
18.333333333333332,0.052813100619993,10.0
15.166666666666666,0.09194213215474165,100.0
14.333333333333334,0.0962736488728246,100.0
18.5,0.056054792443631894,10.0
18.0,0.059526149231804576,10.0
16.833333333333332,0.06737260310222638,10.0
17.5,0.0553376476172753,10.0
2.5,0.9261419555624263,250.0
12.0,0.16885328427234153,250.0
17.0,0.06706647014294702,10.0
18.833333333333332,0.04473297044859712,10.0
15.166666666666666,0.09025293558589795,100.0
17.833333333333332,0.059904296059789405,100.0
16.0,0.07581868734112375,10.0
16.666666666666668,0.07301471524518342,100.0
19.5,0.05247227068596679,10.0
14.833333333333334,0.10121480223121629,100.0
18.5,0.05418390925188066,10.0
14.333333333333334,0.10120217441122528,100.0
20.666666666666668,0.04382705503858485,10.0
6.666666666666667,0.33280712203038404,100.0
18.333333333333332,0.051530603690678606,10.0
14.833333333333334,0.08353602778118492,10.0
8.333333333333334,0.28551226525658074,250.0
1.3333333333333333,0.7142084507972687,250.0
13.166666666666666,0.11525567974339607,250.0
16.5,0.06237311112430222,100.0
6.666666666666667,0.32131170604153614,250.0
20.5,0.04859701371068109,10.0
0.6666666666666666,1.0,250.0
16.0,0.07697885955040497,250.0
17.0,0.07191661649275466,100.0
13.166666666666666,0.14847042348809858,100.0
19.166666666666668,0.046783535373530465,10.0
16.666666666666668,0.05901465753696186,100.0
16.333333333333332,0.06592840472592822,10.0
17.5,0.061732337176569015,100.0
0.16666666666666666,1.0,250.0
16.0,0.08149483182508009,100.0
11.5,0.17844101834208054,250.0
17.0,0.06538347346392064,10.0
14.166666666666666,0.10950640740675345,100.0
18.666666666666668,0.05641509910802346,10.0
18.666666666666668,0.05144623836383875,10.0
14.0,0.09114714808653071,250.0
19.0,0.05262224712562977,10.0
18.666666666666668,0.042816856893754925,10.0
16.0,0.07920657630093904,100.0
3.5,0.6066866709999517,250.0
11.0,0.20552569717448668,250.0
17.666666666666668,0.054198564339588674,10.0
15.5,0.08190427063314025,100.0
17.166666666666668,0.06499231784270068,100.0
16.833333333333332,0.05988023133977662,10.0
11.5,0.16881250295634248,100.0
15.0,0.08107175705316622,100.0
14.833333333333334,0.0880278695604141,100.0
15.666666666666666,0.09212056411677676,100.0
15.666666666666666,0.08637895493312815,100.0
1.6666666666666667,0.8023200705844057,250.0
1.6666666666666667,0.9168884129214453,100.0
0.16666666666666666,1.0,250.0
0.3333333333333333,1.0,250.0
12.666666666666666,0.09732694479361438,10.0
16.833333333333332,0.06510335912595772,100.0
15.666666666666666,0.07804719962945705,100.0
11.0,0.1871395277803455,250.0
11.0,0.19375534032054087,250.0
17.833333333333332,0.05206501965619428,10.0
14.833333333333334,0.08062429948895167,250.0
15.333333333333334,0.07988147219012802,10.0
10.333333333333334,0.23889518357163803,250.0
0.8333333333333334,0.8931574025352744,250.0
2.3333333333333335,0.5038988186598198,250.0
20.333333333333332,0.04427181654128141,10.0
18.333333333333332,0.05127716326551697,10.0
7.666666666666667,0.30271869500102955,250.0
0.16666666666666666,1.0,250.0
19.833333333333332,0.041824996149669,10.0
10.333333333333334,0.21783576749088732,100.0
16.166666666666668,0.06866375208413797,250.0
18.666666666666668,0.04544007338237811,10.0
0.6666666666666666,1.0,100.0
13.833333333333334,0.10172075792317863,100.0
5.333333333333333,0.497687777927658,250.0
18.5,0.0509002323624418,10.0
18.333333333333332,0.05106729648283725,10.0
7.166666666666667,0.3611041643259314,100.0
13.666666666666666,0.10701688119892117,100.0
19.0,0.04977649512268658,100.0
10.166666666666666,0.20825424984324953,250.0
20.0,0.04427388548276956,10.0
9.166666666666666,0.2671431300810585,250.0
16.666666666666668,0.07013871463887754,10.0
19.0,0.0450099134644462,10.0
15.833333333333334,0.07589002975488242,10.0
17.833333333333332,0.05633042252172369,100.0
17.333333333333332,0.05377650549839983,10.0
4.5,0.4597908670046295,100.0
10.166666666666666,0.2125690549083789,250.0
20.5,0.03997630883779274,10.0
19.666666666666668,0.04886043407307661,10.0
19.0,0.048028292785546274,10.0
18.333333333333332,0.05423954307225307,60.0
14.333333333333334,0.09922510313187669,100.0
14.0,0.1048362191673364,250.0
2.6666666666666665,0.6071661531930076,250.0
8.166666666666666,0.33505406942706967,250.0
17.333333333333332,0.06021189537061696,10.0
10.5,0.19144372199154724,100.0
17.833333333333332,0.054687945041960756,10.0
20.0,0.0484241497116934,10.0
14.333333333333334,0.09959408321483983,250.0
14.333333333333334,0.09027648788735058,250.0
18.0,0.05913415508012633,10.0
18.0,0.061392496398370106,10.0
17.833333333333332,0.05434616162016305,10.0
3.0,0.539345504651222,250.0
19.666666666666668,0.046772825282800794,10.0
17.166666666666668,0.0638280821808689,100.0
0.16666666666666666,1.0,250.0
16.0,0.07482460596354304,10.0
3.5,0.6766111053319985,250.0
16.0,0.07495422551681344,100.0
17.833333333333332,0.054126560709385006,100.0
12.666666666666666,0.12844448619568508,100.0
18.5,0.05138744322527518,10.0
17.666666666666668,0.055700216979155,10.0
1.3333333333333333,0.9089028828521877,250.0
15.5,0.07614523389553272,10.0
18.5,0.05065757790068537,10.0
9.166666666666666,0.21338279165078047,100.0
18.0,0.05483867759631776,100.0
0.5,1.0,250.0
17.333333333333332,0.06333389943457535,10.0
12.166666666666666,0.13189932774461036,100.0
17.333333333333332,0.060040996960533596,10.0
20.166666666666668,0.045485937811430205,10.0
2.6666666666666665,0.4778092203031537,250.0
17.166666666666668,0.06376482895620789,100.0
19.0,0.0467711018079006,10.0
9.833333333333334,0.2138860647588229,100.0
14.5,0.10311456782529431,100.0
19.333333333333332,0.051957098387069335,10.0
19.166666666666668,0.050453123040598284,10.0
20.5,0.041221762090172316,10.0
16.666666666666668,0.06777461791975335,10.0
18.833333333333332,0.048089821942221674,10.0
6.833333333333333,0.35927931507119965,250.0
15.666666666666666,0.08658065155335327,100.0
3.0,0.3680618445973919,250.0
12.166666666666666,0.13725849401014298,10.0
17.333333333333332,0.061296284206306964,10.0
17.5,0.05664205834677913,100.0
16.0,0.08544362466930545,100.0
14.833333333333334,0.08977051879515721,100.0
15.333333333333334,0.08875174379460624,10.0
18.0,0.060297925307926034,10.0
15.666666666666666,0.07530497540436336,100.0
10.166666666666666,0.20595816089397675,100.0
17.0,0.06725834196891338,100.0
11.833333333333334,0.14625345808405563,100.0
17.0,0.058143343585026167,100.0
19.666666666666668,0.045119268571718905,10.0
13.666666666666666,0.0933005819635968,100.0
16.333333333333332,0.06286236515510883,100.0
5.166666666666667,0.6695096747571038,250.0
16.333333333333332,0.07159291482150767,10.0
13.5,0.11408990954596307,100.0
17.5,0.06121279181303673,100.0
0.16666666666666666,1.0,250.0
0.16666666666666666,1.0,250.0
16.5,0.06352577717520679,10.0
18.0,0.0621567874600623,10.0
16.833333333333332,0.06287114593918182,100.0
0.6666666666666666,1.0,250.0
12.333333333333334,0.13940280407366643,250.0
19.333333333333332,0.05359339918479585,10.0
19.166666666666668,0.043798904991821534,10.0
8.666666666666666,0.2594678607780833,250.0
19.666666666666668,0.04360425175724455,10.0
19.666666666666668,0.04746643077204052,10.0
9.0,0.23650249563157252,250.0
18.5,0.057489991575921016,10.0
16.333333333333332,0.07629078248997602,100.0
2.8333333333333335,0.4169633231225785,250.0
7.0,0.3638823333549073,250.0
19.333333333333332,0.047511909149090696,10.0
17.833333333333332,0.06256632222255797,100.0
15.666666666666666,0.0713835282288288,100.0
15.833333333333334,0.08037051608339915,100.0
16.833333333333332,0.06231639824533831,100.0
14.333333333333334,0.09307738402445728,100.0
16.166666666666668,0.06576355850406952,10.0
17.5,0.05999159576542253,10.0
16.5,0.06802998339747435,10.0
11.333333333333334,0.15739106562109123,100.0
18.5,0.051014689720715614,100.0
18.166666666666668,0.05193433081110054,10.0
18.5,0.05266319513907778,10.0
2.1666666666666665,0.6625244947825831,250.0
15.5,0.07895050737995514,100.0
16.333333333333332,0.06627161965796485,100.0
18.0,0.054872810506258377,10.0
17.0,0.05900623461653409,100.0
13.166666666666666,0.1277923060449362,10.0
12.5,0.16290555288011624,100.0
11.666666666666666,0.13654211213820544,10.0
17.166666666666668,0.06610577675954496,10.0
14.666666666666666,0.08029676164653454,10.0
15.333333333333334,0.07828383682323993,10.0
19.0,0.052517773586231664,100.0
8.833333333333334,0.22782597048742084,250.0
18.166666666666668,0.0503952298936364,10.0
16.166666666666668,0.060423556691708055,10.0
13.833333333333334,0.11575803268091991,10.0
17.5,0.054546164148040276,10.0
19.0,0.051539446919772434,10.0
10.0,0.2199620128467897,100.0
17.5,0.051787945034123886,100.0
12.833333333333334,0.1168901578069511,250.0
0.3333333333333333,1.0,250.0
7.833333333333333,0.37136615423781083,250.0
3.1666666666666665,0.488727751194872,100.0
17.0,0.060915882847949535,10.0
13.666666666666666,0.10998085704922474,100.0
17.333333333333332,0.057887492027918326,10.0
10.833333333333334,0.22841256405716365,100.0
13.5,0.12051193185024235,100.0
17.333333333333332,0.06464673880603179,100.0
16.0,0.07507441159818173,250.0
12.5,0.1499616804942367,100.0
10.333333333333334,0.18643762236849845,250.0
2.1666666666666665,0.7145580990010446,250.0
18.333333333333332,0.046084650214955426,10.0
16.666666666666668,0.07144209991443229,10.0
1.8333333333333333,0.47201410753940626,250.0
4.333333333333333,0.4213075602395568,250.0
15.333333333333334,0.09050417583859421,100.0
17.166666666666668,0.06634790449301098,100.0
11.5,0.1939587603612091,100.0
17.5,0.06542723147054355,100.0
18.333333333333332,0.05429739584510144,10.0
3.0,0.5752313911372843,250.0
11.833333333333334,0.16987132501976468,100.0
9.5,0.24073317162749547,100.0
18.833333333333332,0.04478970372564973,10.0
18.166666666666668,0.058318569376668516,10.0
5.5,0.4335192248421184,100.0
2.1666666666666665,0.6482642184516978,250.0
14.666666666666666,0.09160057866372143,10.0
16.833333333333332,0.061201036362044034,100.0
0.16666666666666666,1.0,250.0
2.3333333333333335,0.7283146104171602,250.0
20.5,0.0442840020401372,10.0
3.8333333333333335,0.46455081324991376,100.0
12.333333333333334,0.14055503757790377,100.0
19.0,0.04876700328671664,10.0
14.5,0.09398343249616689,100.0
11.166666666666666,0.18022564106608208,100.0
12.666666666666666,0.11128919542522105,100.0
20.0,0.041277260395625265,10.0
17.0,0.06879776199842746,10.0
11.833333333333334,0.1629374511992278,100.0
15.833333333333334,0.07432785894012633,100.0
19.5,0.042942873415050396,10.0
18.5,0.05314050353816159,10.0
14.666666666666666,0.10085254933405202,100.0
16.166666666666668,0.08110103514101825,100.0
17.333333333333332,0.05817020378933761,100.0
19.333333333333332,0.04588112114391908,10.0
3.5,0.6108695244241336,250.0
17.666666666666668,0.05455339806248571,10.0
13.5,0.12120704352326601,250.0
20.166666666666668,0.04293361388955094,10.0
17.333333333333332,0.06528684566543004,10.0
20.5,0.04593764626417963,10.0
19.666666666666668,0.040711656291250516,10.0
14.0,0.11367662852459659,100.0
17.0,0.06453063631979472,10.0
19.333333333333332,0.05205858268370621,100.0
12.833333333333334,0.1355342714128252,100.0
18.666666666666668,0.05031280122445036,10.0
0.16666666666666666,1.0,250.0
18.833333333333332,0.04879097614437366,10.0
11.5,0.21315069849213172,250.0
16.5,0.06962477758022699,10.0
18.333333333333332,0.05106483089384898,10.0
6.833333333333333,0.38102200281854126,250.0
13.0,0.12390339238162294,250.0
4.333333333333333,0.3080255360894786,250.0
1.0,0.6551794846551371,250.0
20.333333333333332,0.03938596401545102,10.0
21.333333333333332,0.039830666789106794,10.0
15.5,0.08010678222634836,10.0
13.833333333333334,0.11994162092414097,100.0
2.6666666666666665,0.521826825254003,250.0
3.1666666666666665,0.5426789034461923,250.0
13.833333333333334,0.10355525935028424,10.0
6.5,0.31695783229564306,100.0
17.0,0.06320495249684428,10.0
14.166666666666666,0.10126277261427692,10.0
17.5,0.057689535757520706,10.0
19.333333333333332,0.039836483839865336,10.0
18.833333333333332,0.04816854731389345,10.0
5.166666666666667,0.5423719403684809,250.0
10.833333333333334,0.2156104468154644,250.0
17.166666666666668,0.0638546918173422,10.0
12.166666666666666,0.15916966008721356,250.0
17.0,0.059635865439092085,250.0
15.833333333333334,0.07566195637779959,10.0
16.333333333333332,0.06573764660654409,100.0
17.833333333333332,0.05023210648047032,10.0
8.5,0.27021980166164233,100.0
13.0,0.11148930874280162,100.0
15.5,0.08078707630752843,250.0
13.0,0.15505718232270857,100.0
10.5,0.22055652314721885,100.0
11.666666666666666,0.1588548092185059,100.0
1.1666666666666667,0.9315157014389556,100.0
11.833333333333334,0.1558565640749698,250.0
16.833333333333332,0.06327157995423152,100.0
12.0,0.14852731081595458,250.0
13.833333333333334,0.10896855154877116,250.0
18.333333333333332,0.05885804101070957,10.0
1.0,0.49138361153376126,250.0
17.666666666666668,0.061231983911783174,10.0
13.666666666666666,0.12053195981553101,100.0
13.833333333333334,0.10307502046727328,250.0
9.5,0.22388563832460934,100.0
5.5,0.415772781253963,250.0
5.166666666666667,0.39139316369996285,250.0
18.166666666666668,0.058768619698238204,10.0
16.5,0.06854603839406642,250.0
11.666666666666666,0.2029643933778634,250.0
17.666666666666668,0.06221155225667567,100.0
2.0,0.5533733355292122,100.0
5.833333333333333,0.4623195581766567,250.0
19.333333333333332,0.045682322989597395,100.0
3.5,0.5850998684606379,250.0
21.0,0.0388806729907408,10.0
14.666666666666666,0.10476273163906433,100.0
12.833333333333334,0.11856178450159982,250.0
16.166666666666668,0.07448964898677342,100.0
19.0,0.054838100698521616,10.0
16.0,0.07234581041872344,100.0
17.833333333333332,0.061180588594812596,10.0
5.5,0.33225210998689086,100.0
3.5,0.555365397990371,250.0
11.0,0.1550508358624281,10.0
0.5,1.0,250.0
19.333333333333332,0.044713301919610426,10.0
16.833333333333332,0.07060491923644538,10.0
0.8333333333333334,0.6438181210077729,250.0
3.3333333333333335,0.651179443559716,100.0
16.166666666666668,0.07856190442569717,100.0
16.166666666666668,0.0727582848743996,10.0
14.5,0.09197784428563853,10.0
1.1666666666666667,0.6193909929774827,250.0
13.833333333333334,0.10605793024018648,250.0
18.0,0.055752784083103246,10.0
0.16666666666666666,1.0,250.0
13.666666666666666,0.112733059868916,10.0
19.5,0.046985790139053255,10.0
21.166666666666668,0.03737351847663562,10.0
16.333333333333332,0.07607292833323857,100.0
17.333333333333332,0.0669801460150643,100.0
12.833333333333334,0.1279870360991633,100.0
1.8333333333333333,0.9263375346933399,250.0
17.666666666666668,0.0563782951369017,10.0
1.8333333333333333,0.5000022007677788,250.0
14.833333333333334,0.09758776870684537,250.0
10.666666666666666,0.1864435208900966,100.0
12.5,0.13698466454589459,100.0
16.333333333333332,0.0633949058496671,100.0
18.333333333333332,0.049124288750585596,10.0
18.166666666666668,0.05651823064711255,10.0
19.5,0.04085558399860239,10.0
18.5,0.04836763800308689,10.0
5.0,0.43929679218180157,250.0
19.333333333333332,0.04294570596516684,10.0
17.333333333333332,0.0548692595372775,10.0
15.0,0.09059419420370422,100.0
5.166666666666667,0.4218334066862903,250.0
11.333333333333334,0.16549417362603347,250.0
0.16666666666666666,1.0,250.0
13.833333333333334,0.10868765046915907,250.0
19.166666666666668,0.04822711128043334,10.0
16.0,0.06609456250097127,100.0
15.166666666666666,0.08454444099606083,100.0
17.333333333333332,0.05464385020746122,10.0
8.0,0.3155021655141139,250.0
12.5,0.1562891819594078,100.0
14.666666666666666,0.10620246474066054,100.0
6.833333333333333,0.37092338495226135,250.0
18.5,0.05694750134556504,10.0
3.1666666666666665,0.6718075455502297,250.0
13.666666666666666,0.10597496255861336,100.0
20.0,0.04822830112367583,10.0
14.833333333333334,0.08833972205908383,100.0
16.0,0.07193134969457195,250.0
6.666666666666667,0.38371097464763115,100.0
20.166666666666668,0.0452833452341761,10.0
17.5,0.06213596641293885,100.0
5.833333333333333,0.4014279694521203,250.0
10.166666666666666,0.19494740193709545,100.0
17.333333333333332,0.060725481489344514,100.0
16.666666666666668,0.06400918684757961,100.0
0.3333333333333333,1.0,250.0
16.5,0.0734188270640943,250.0
10.0,0.24987280386417746,100.0
17.5,0.05513102326906428,10.0
14.5,0.1062988136279742,10.0
19.5,0.041898063793070185,10.0
16.666666666666668,0.06393863194122143,10.0
2.3333333333333335,0.5432552048098174,250.0
15.833333333333334,0.07156348270912288,100.0
12.666666666666666,0.1500235025340955,250.0
15.0,0.0825764302121829,100.0
0.5,1.0,250.0
16.0,0.0810898762848037,10.0
17.666666666666668,0.05855530112692388,10.0
15.5,0.07787201395690324,100.0
13.666666666666666,0.1147903498137574,100.0
0.16666666666666666,1.0,250.0
0.3333333333333333,1.0,250.0
2.8333333333333335,0.6889124353229616,250.0
17.666666666666668,0.052957947722955104,10.0
15.333333333333334,0.08869979781708989,100.0
17.166666666666668,0.06462932436810256,100.0
0.16666666666666666,1.0,250.0
14.666666666666666,0.10011061809248475,100.0
14.666666666666666,0.08190728402292959,100.0
18.666666666666668,0.05161974020428126,10.0
2.6666666666666665,0.5894595977627891,250.0
15.0,0.08317200059632082,250.0
13.5,0.11645534732634706,100.0
12.0,0.15509112210477413,100.0
20.0,0.045552910170485295,10.0
5.666666666666667,0.4248625485097365,100.0
14.5,0.09834764345522956,100.0
7.5,0.27475857673728765,250.0
19.5,0.0493441168064652,100.0
19.5,0.047722750574642196,10.0
17.833333333333332,0.05696984720374993,100.0
8.5,0.30330492874962195,100.0
18.166666666666668,0.05129157374423021,10.0
16.666666666666668,0.06874415526276628,10.0
7.166666666666667,0.36297516369857824,250.0
18.666666666666668,0.04736379766913854,10.0
3.6666666666666665,0.6490499382535204,250.0
17.833333333333332,0.05877558378530697,10.0
18.666666666666668,0.04613538869245296,10.0
14.666666666666666,0.08537638127554287,250.0
19.0,0.04930086755611884,100.0
11.5,0.1861613657697458,100.0
15.166666666666666,0.07894654733635603,100.0
15.5,0.09021235366253814,250.0
17.166666666666668,0.0639018126422311,10.0
10.333333333333334,0.20720192845827384,250.0
7.0,0.3143290715293914,250.0
17.833333333333332,0.05764408928461497,10.0
13.5,0.11199674504145182,100.0
19.0,0.052839484214810585,10.0
14.666666666666666,0.10065569686784467,100.0
10.666666666666666,0.16974918863905264,250.0
18.0,0.05603165632919736,100.0
8.666666666666666,0.23356152990989187,250.0
10.833333333333334,0.20066478784130137,250.0
17.333333333333332,0.053288453146053745,10.0
17.666666666666668,0.062237956153068805,10.0
18.333333333333332,0.05276538459441667,10.0
5.833333333333333,0.3745177307903255,250.0
20.333333333333332,0.04192155930326232,10.0
14.0,0.10673101642358626,100.0
0.6666666666666666,1.0,250.0
19.0,0.05057949647261465,100.0
0.16666666666666666,1.0,250.0
18.0,0.06018570755760341,10.0
11.833333333333334,0.16632966982290295,100.0
17.5,0.05849029857454201,10.0
17.5,0.06121384240027352,100.0
13.166666666666666,0.10573736964439638,100.0
19.166666666666668,0.04523123578301473,10.0
2.5,0.7891142869650498,250.0
9.0,0.2275954694379969,10.0
1.6666666666666667,0.7071626152422775,250.0
18.166666666666668,0.05905195915074717,10.0
16.666666666666668,0.06498263368364977,10.0
11.833333333333334,0.13936505391104842,100.0
20.333333333333332,0.045566411876795,10.0
0.3333333333333333,1.0,250.0
11.166666666666666,0.20323340572384854,250.0
14.5,0.09960694335332569,100.0
19.0,0.048227673886113424,10.0
12.333333333333334,0.16226124008333415,250.0
14.333333333333334,0.10391885596794383,100.0
3.8333333333333335,0.4843823354456562,250.0
15.833333333333334,0.06982599305654207,100.0
16.5,0.06202814093057179,100.0
19.333333333333332,0.04769314325711369,10.0
19.0,0.044453147434568865,10.0
12.833333333333334,0.13850687997442643,250.0
12.5,0.1419627865534516,100.0
15.333333333333334,0.09088721207363677,100.0
18.0,0.05153759626493468,10.0
3.8333333333333335,0.5056833225280198,250.0
18.833333333333332,0.05045224331907513,10.0
1.0,1.2030410895101682,250.0
17.0,0.060294916727327466,100.0
15.333333333333334,0.07524260709177329,100.0
15.666666666666666,0.07636208419330184,100.0
19.833333333333332,0.055142775363357016,10.0
17.333333333333332,0.060730136072310106,100.0
11.0,0.14642780401528377,10.0
20.333333333333332,0.04734601359141624,10.0
19.0,0.041838992016455155,10.0
15.333333333333334,0.08286858609589312,100.0
0.16666666666666666,1.0,250.0
18.0,0.051933403933652846,10.0
15.833333333333334,0.0732918524807352,100.0
20.333333333333332,0.046317953972753484,10.0
5.666666666666667,0.3944016662399962,250.0
6.666666666666667,0.33879553160974024,250.0
5.0,0.46342167337574697,250.0
17.833333333333332,0.04962738756043971,10.0
4.333333333333333,0.5922605277696849,250.0
2.6666666666666665,0.40727601128500157,250.0
18.5,0.053073031995928506,10.0
12.0,0.15362918353290025,100.0
14.166666666666666,0.1065831968581348,250.0
10.333333333333334,0.19448451482729634,250.0
15.5,0.06669441686945818,100.0
16.166666666666668,0.07135385135321874,100.0
5.333333333333333,0.4326484890613753,250.0
0.5,1.0,250.0
7.0,0.3457164845446315,250.0
18.666666666666668,0.05654613367407474,100.0
4.333333333333333,0.4671239917545514,250.0
7.666666666666667,0.29195669847916045,100.0
11.666666666666666,0.15116044216117627,250.0
17.166666666666668,0.0541360331983954,100.0
21.333333333333332,0.043734719811280055,10.0
15.833333333333334,0.06545428331634519,10.0
19.166666666666668,0.05496344722672919,10.0
13.166666666666666,0.11940630297978216,100.0
17.666666666666668,0.05895624636644619,10.0
0.8333333333333334,0.6416478606118435,250.0
15.333333333333334,0.08724830319271677,100.0
18.166666666666668,0.05983407923260223,10.0
7.833333333333333,0.3674750512991012,100.0
17.666666666666668,0.05905032074287058,100.0
19.166666666666668,0.047007998412562514,10.0
3.6666666666666665,0.4756854617502137,250.0
2.8333333333333335,0.6194041395284215,100.0
4.166666666666667,0.5344960385140675,250.0
6.0,0.43006365845861777,250.0
0.6666666666666666,1.0,250.0
19.666666666666668,0.04462083365227158,10.0
14.333333333333334,0.10198914129978248,250.0
15.0,0.09192518308968929,100.0
16.333333333333332,0.07677022460960868,100.0
3.0,0.6176896940982533,250.0
12.166666666666666,0.12404830108921142,250.0
16.666666666666668,0.07410583634833985,100.0
1.0,0.6190990362915368,250.0
17.833333333333332,0.06118109540668446,10.0
20.833333333333332,0.043557740144806976,10.0
6.166666666666667,0.31892028840642217,250.0
7.166666666666667,0.3268870665172185,250.0
6.333333333333333,0.39737863809012053,250.0
14.5,0.10452303513310805,250.0
18.666666666666668,0.05335382012202058,10.0
8.666666666666666,0.2600618894140663,100.0
17.166666666666668,0.05440315200331863,100.0
12.833333333333334,0.1329241888939417,10.0
17.166666666666668,0.06008389273731451,10.0
18.333333333333332,0.053872789899537976,10.0
12.166666666666666,0.14628245914857735,100.0
1.6666666666666667,0.7932537382105218,250.0
5.166666666666667,0.4373413125190831,250.0
16.0,0.075985162462885,10.0
17.0,0.06272804969563148,100.0
16.333333333333332,0.06674248431065244,100.0
12.166666666666666,0.13852624155481685,100.0
13.0,0.13600550747383827,100.0
16.5,0.07354940935400875,10.0
6.5,0.3605263231270044,100.0
18.833333333333332,0.043839494737020854,10.0
18.5,0.05325423733112353,10.0
0.8333333333333334,0.511086964615648,250.0
20.0,0.04503408675223802,10.0
14.5,0.09522538849203233,100.0
17.666666666666668,0.054860535650144863,100.0
3.6666666666666665,0.527160441050533,250.0
18.166666666666668,0.04730765096194363,100.0
3.3333333333333335,0.8600353527211259,250.0
18.333333333333332,0.05563068789347306,10.0
11.0,0.17622954517457634,250.0
19.166666666666668,0.04507099570924966,10.0
14.666666666666666,0.08723881542637757,100.0
14.5,0.10310493771233596,250.0
16.5,0.0693135012548097,100.0
18.666666666666668,0.06155713945463833,10.0
16.5,0.05946413477166705,100.0
14.333333333333334,0.10997102337635287,250.0
18.0,0.05478916437530278,10.0
17.5,0.05952236276041833,10.0
5.0,0.3669357169482674,250.0
10.333333333333334,0.243547533369887,100.0
7.333333333333333,0.31399851216766944,250.0
18.166666666666668,0.060244395893479886,10.0
18.666666666666668,0.05288729330934292,10.0
9.666666666666666,0.20822596811412836,100.0
18.166666666666668,0.05486891524455124,10.0
18.333333333333332,0.04704896804181409,100.0
11.666666666666666,0.16769511366081064,250.0
20.666666666666668,0.041335313650165864,10.0
16.666666666666668,0.06642711494135839,100.0
5.833333333333333,0.39818773472152375,100.0
0.3333333333333333,1.0,250.0
19.333333333333332,0.050456268038113865,10.0
18.0,0.05398207969905001,10.0
18.666666666666668,0.046923234662379264,10.0
20.833333333333332,0.04110527930455954,10.0
16.333333333333332,0.07244586432192764,100.0
14.333333333333334,0.09762170421673799,100.0
9.0,0.2897634737878009,250.0
11.166666666666666,0.1708454743539275,100.0
13.333333333333334,0.11297733207633008,250.0
4.666666666666667,0.5078730182589093,250.0
15.666666666666666,0.0662740558004406,250.0
9.833333333333334,0.22280776909627314,100.0
15.666666666666666,0.07409029101882444,100.0
15.333333333333334,0.0769205553319042,100.0
12.833333333333334,0.13750155264818373,100.0
18.666666666666668,0.057646635445170256,10.0
13.166666666666666,0.13200527488300123,100.0
10.0,0.22677948841982898,100.0
8.666666666666666,0.26947159610750154,250.0
17.833333333333332,0.05267237588055973,10.0
2.1666666666666665,0.6916169198533771,250.0
9.333333333333334,0.21493690710572277,100.0
19.166666666666668,0.04884928281327554,10.0
16.333333333333332,0.057365448609457616,10.0
19.166666666666668,0.05022593145300053,10.0
17.833333333333332,0.04464263423336646,10.0
15.333333333333334,0.08998241581447794,100.0
12.666666666666666,0.1448243156009544,10.0
18.666666666666668,0.05230416963860119,10.0
15.666666666666666,0.07399433591775119,10.0
0.16666666666666666,1.0,250.0
7.833333333333333,0.276761263625733,100.0
1.0,0.6733747752730048,250.0
0.3333333333333333,1.0,250.0
7.666666666666667,0.30917774860175684,250.0
13.166666666666666,0.11450286488522693,250.0
17.5,0.06456728988952239,250.0
16.0,0.07242336780138386,100.0
15.833333333333334,0.07724128838819672,100.0
1.3333333333333333,0.5772679213077403,250.0
18.833333333333332,0.04591682343599186,10.0
14.666666666666666,0.09985150310189177,250.0
20.0,0.04276274665361707,10.0
7.333333333333333,0.3328413966851195,250.0
17.0,0.06794444260040074,100.0
3.3333333333333335,0.6512023308223771,250.0
16.666666666666668,0.06535556282069868,100.0
12.333333333333334,0.14370830945711566,100.0
14.833333333333334,0.1041153517130291,250.0
6.833333333333333,0.30957344250362473,100.0
6.666666666666667,0.3992697139273898,250.0
19.0,0.04945272450368578,10.0
11.166666666666666,0.1598532096548267,100.0
10.666666666666666,0.17646205304251558,250.0
6.333333333333333,0.3781050744354747,250.0
18.333333333333332,0.057649647951019733,10.0
17.833333333333332,0.07006462798199962,10.0
13.0,0.12074480820687475,100.0
18.333333333333332,0.05129895863565539,100.0
16.5,0.06920685100393541,100.0
17.666666666666668,0.054287664182589436,10.0
14.666666666666666,0.08306630978086825,100.0
2.5,0.36083480105966453,250.0
6.0,0.36212675702957314,100.0
5.833333333333333,0.44265340238666256,100.0
16.333333333333332,0.06622742533667514,10.0
20.166666666666668,0.04423814324111361,10.0
8.666666666666666,0.2692568340788449,100.0
17.333333333333332,0.062107428271394434,100.0
10.833333333333334,0.1838375827695379,250.0
15.333333333333334,0.09118242896730996,10.0
18.666666666666668,0.05240674719758378,10.0
17.833333333333332,0.05792431612863545,10.0
17.166666666666668,0.06447316179146084,10.0
19.833333333333332,0.04589826555524125,10.0
11.833333333333334,0.16438755152760234,250.0
15.333333333333334,0.08461051830527686,100.0
1.3333333333333333,0.32321950704436814,250.0
14.833333333333334,0.09532207508085147,250.0
10.833333333333334,0.17822043893495834,250.0
11.333333333333334,0.1702905397148182,100.0
16.0,0.08413305751763757,100.0
9.333333333333334,0.21555065030748852,250.0
15.5,0.08336595109985173,100.0
17.166666666666668,0.06692101353134947,100.0
16.333333333333332,0.07118510251651144,100.0
5.0,0.37304869809063346,100.0
2.3333333333333335,0.6662595295319726,250.0
9.333333333333334,0.24240505441807908,250.0
18.0,0.05602692146444461,10.0
12.666666666666666,0.14228744063170012,100.0
0.6666666666666666,1.0,250.0
4.166666666666667,0.4530789195319057,250.0
20.333333333333332,0.04304966120745029,10.0
12.166666666666666,0.145024282631241,100.0
15.166666666666666,0.08988609895349364,100.0
16.666666666666668,0.06801936279740343,10.0
15.666666666666666,0.07671654070035915,10.0
17.166666666666668,0.06253441339121378,100.0
16.333333333333332,0.06562959981490457,100.0
16.666666666666668,0.06470991226605091,100.0
18.333333333333332,0.05290420388798564,10.0
9.5,0.2319188533193269,100.0
1.8333333333333333,0.6246675230138637,250.0
17.666666666666668,0.05401576779343385,10.0
2.0,0.6648134957513656,250.0
8.0,0.37894058900974614,250.0
17.666666666666668,0.056392422295205955,10.0
9.166666666666666,0.2368337283752615,250.0
12.666666666666666,0.1463291648292199,10.0
14.333333333333334,0.08753523806176103,250.0
18.5,0.04997414627176741,10.0
5.166666666666667,0.3568408078667125,250.0
19.333333333333332,0.05063437961527946,10.0
16.833333333333332,0.06588620175511532,10.0
16.666666666666668,0.07434090605282394,100.0
16.333333333333332,0.06926009520534475,100.0
18.0,0.052046933981682635,100.0
19.0,0.048530852989975545,10.0
17.0,0.053750334439280234,100.0
19.166666666666668,0.04285826043702377,10.0
13.333333333333334,0.13396898841461588,100.0
18.666666666666668,0.04976875048767031,10.0
17.166666666666668,0.05969158584181957,100.0
7.666666666666667,0.24517878909717342,250.0
6.0,0.33580337283699246,250.0
17.166666666666668,0.06172564156809118,10.0
1.8333333333333333,0.4286307766985804,250.0
20.166666666666668,0.046203743547112215,10.0
12.833333333333334,0.14263086018929433,100.0
15.166666666666666,0.07830232073586073,10.0
16.5,0.06745964614086213,10.0
13.666666666666666,0.1281176004711546,250.0
13.0,0.1317731427313467,250.0
15.833333333333334,0.07816173419303823,250.0
16.666666666666668,0.07338606698465994,10.0
0.6666666666666666,1.0,250.0
5.0,0.4834964879620153,250.0
13.5,0.12010964151190101,250.0
15.333333333333334,0.07848734418146842,100.0
13.833333333333334,0.09470157912513316,100.0
4.333333333333333,0.5257387453741119,250.0
0.5,1.0,250.0
17.166666666666668,0.059730714996119955,100.0
14.333333333333334,0.09438726006826789,100.0
2.1666666666666665,0.7925060648169704,100.0
12.833333333333334,0.15046049999297326,100.0
15.0,0.0909342347549615,250.0
7.666666666666667,0.36106182427291345,250.0
17.5,0.06115697510872908,60.0
17.833333333333332,0.05373519444089076,10.0
8.833333333333334,0.2413995931416534,100.0
17.333333333333332,0.06438130350050127,10.0
19.5,0.04800493744688992,10.0
19.0,0.049677955803031325,10.0
16.5,0.07753815379555407,100.0
17.333333333333332,0.05378614122852091,100.0
15.333333333333334,0.08182272066042086,100.0
16.333333333333332,0.074827835058936,100.0
19.333333333333332,0.05108764680654611,10.0
17.0,0.06598071487805163,10.0
12.166666666666666,0.1566629085424053,250.0
15.333333333333334,0.06899897484846662,10.0
19.5,0.048000137158887554,100.0
14.333333333333334,0.100683315841544,100.0
16.333333333333332,0.07270341425312829,250.0
16.166666666666668,0.07076002973936019,10.0
17.5,0.057322037221884434,100.0
11.833333333333334,0.17514294507303982,250.0
18.166666666666668,0.04761117859877812,10.0
16.166666666666668,0.07916921002161961,100.0
14.166666666666666,0.10661386945291393,10.0
0.8333333333333334,0.6019934442380117,250.0
5.5,0.47963572275529964,250.0
0.16666666666666666,1.0,250.0
14.833333333333334,0.08517810706128773,100.0
14.166666666666666,0.08201556794138794,10.0
12.166666666666666,0.1732219259111458,100.0
9.5,0.21054809874305405,100.0
13.166666666666666,0.1477230700891857,250.0
16.666666666666668,0.0715286285177829,100.0
20.833333333333332,0.04053718378148196,10.0
16.333333333333332,0.07312636697312805,10.0
7.0,0.40866291720315306,250.0
19.166666666666668,0.049307836921306136,10.0
17.333333333333332,0.059068078264737506,10.0
18.666666666666668,0.052588016287523805,10.0
11.166666666666666,0.1651198323912756,100.0
18.5,0.05335463458934669,10.0
4.0,0.39617103054797664,100.0
13.5,0.11212440811779786,250.0
11.833333333333334,0.14171404916412408,250.0
18.666666666666668,0.05539966216115345,10.0
18.166666666666668,0.04901089076536208,10.0
18.5,0.05156188577342999,10.0
19.5,0.04828585679478636,100.0
1.6666666666666667,0.9648539713410893,250.0
20.0,0.045012151123303056,10.0
15.833333333333334,0.07851241007568048,10.0
16.333333333333332,0.07199503969439254,100.0
19.166666666666668,0.04789684155165078,10.0
15.833333333333334,0.07051177646320285,100.0
16.666666666666668,0.07274967710956037,10.0
14.666666666666666,0.09587182173699038,250.0
15.666666666666666,0.07377737761133007,10.0
11.5,0.1690589074981256,250.0
5.666666666666667,0.38670761271575804,250.0
15.833333333333334,0.08383635230411464,10.0
15.0,0.08154692347160594,10.0
1.6666666666666667,1.264356699443867,250.0
18.5,0.05598415635540826,10.0
13.833333333333334,0.10600378989706888,100.0
2.6666666666666665,0.8637732832200533,250.0
0.6666666666666666,1.0,250.0
7.833333333333333,0.30772401246580305,250.0
9.0,0.25535671103800084,100.0
18.833333333333332,0.04745126901283922,10.0
17.166666666666668,0.0574941569612017,10.0
13.666666666666666,0.10249375900822598,100.0
1.0,0.18681954192515163,250.0
9.0,0.297435788657102,250.0
18.166666666666668,0.055108381852607316,10.0
10.333333333333334,0.23956034850499708,100.0
17.0,0.06680329713852613,100.0
16.5,0.06627357014163847,100.0
13.166666666666666,0.11699216035224753,100.0
5.666666666666667,0.3664018919655324,250.0
12.0,0.16247453049623672,250.0
17.166666666666668,0.05274631658528749,10.0
16.666666666666668,0.0667538836802728,100.0
18.833333333333332,0.05005632115275846,10.0
17.833333333333332,0.05005687856362518,10.0
0.16666666666666666,1.0,250.0
17.0,0.06431737034647295,100.0
18.166666666666668,0.047027698918807474,10.0
17.833333333333332,0.06304663934200157,100.0
18.5,0.05029343910735715,100.0
17.5,0.06482795845533587,60.0
12.333333333333334,0.12398309586184882,100.0
17.666666666666668,0.06107348641340583,10.0
2.6666666666666665,0.5259823607718548,250.0
11.833333333333334,0.15329818214260194,250.0
4.833333333333333,0.584374969253779,250.0
5.5,0.4097645065415818,250.0
10.166666666666666,0.22834158063763926,250.0
11.333333333333334,0.1626212346339897,100.0
16.5,0.0695912057593969,10.0
14.333333333333334,0.09746937015330573,100.0
7.0,0.32450046230588403,250.0
16.0,0.0777238170698371,100.0
2.3333333333333335,0.6307226952917927,250.0
16.166666666666668,0.07249786952768644,10.0
16.333333333333332,0.07254913282874943,10.0
5.833333333333333,0.43706194737019705,250.0
17.666666666666668,0.05648397742978251,10.0
6.833333333333333,0.35067505473047095,250.0
9.833333333333334,0.2315554406313274,250.0
7.0,0.27305054746631785,250.0
0.3333333333333333,1.0,250.0
19.5,0.04728036474806215,10.0
17.333333333333332,0.05944455677416775,10.0
17.666666666666668,0.056735101963814365,100.0
18.833333333333332,0.05271123945874586,10.0
15.333333333333334,0.08162294875694412,100.0
18.833333333333332,0.04973215383280316,10.0
18.5,0.05266533434200698,10.0
17.333333333333332,0.05715280475439477,100.0
17.5,0.05506071771726487,100.0
0.3333333333333333,1.0,100.0
6.166666666666667,0.3862173499793371,250.0
8.666666666666666,0.250465865447598,250.0
14.166666666666666,0.10005676884998754,100.0
5.666666666666667,0.3266906359030425,250.0
18.666666666666668,0.056707860264002825,10.0
16.5,0.07027077089658004,10.0
18.833333333333332,0.04766794391167755,100.0
13.5,0.12102874754815621,250.0
16.5,0.07116626719265098,100.0
19.333333333333332,0.047753917598445786,10.0
17.5,0.06874467170924564,10.0
1.6666666666666667,0.8364276993361279,250.0
13.333333333333334,0.09387859294038738,100.0
15.333333333333334,0.08705999393277795,100.0
21.333333333333332,0.039236356076756074,10.0
15.666666666666666,0.07899572868536991,100.0
11.666666666666666,0.17498306026963878,100.0
7.0,0.3593754057829388,250.0
0.16666666666666666,1.0,250.0
15.5,0.07459436735170427,100.0
20.333333333333332,0.03653275340521579,10.0
16.5,0.0728726153839378,10.0
11.0,0.18408145209811302,10.0
17.5,0.0567105484457149,100.0
18.5,0.051368608311544765,10.0
14.166666666666666,0.09765153332567264,100.0
17.666666666666668,0.06773527201544871,10.0
12.666666666666666,0.13407751153917355,100.0
17.333333333333332,0.06737867251818858,100.0
5.166666666666667,0.4109483882761781,250.0
16.0,0.08251022587133043,100.0
14.833333333333334,0.0841614783466595,250.0
12.333333333333334,0.12605727666160874,100.0
12.666666666666666,0.12808015826258923,100.0
18.666666666666668,0.04346924932845168,10.0
12.5,0.12555842858498106,250.0
16.5,0.06306847474255854,250.0
13.333333333333334,0.1358869538323493,100.0
21.166666666666668,0.04261836349761345,10.0
2.3333333333333335,0.9424552773077449,250.0
19.5,0.058591700803251205,10.0
7.333333333333333,0.3705147678335879,250.0
13.0,0.13491794266963564,100.0
17.166666666666668,0.061401538935741296,10.0
18.833333333333332,0.05389368653027836,10.0
17.666666666666668,0.05497410211572382,10.0
8.166666666666666,0.2825540940187138,100.0
14.0,0.09978227396961173,100.0
0.5,1.0,250.0
9.0,0.2571665766606085,250.0
18.833333333333332,0.04827586442555817,10.0
15.666666666666666,0.07205341340739893,10.0
19.5,0.04807759312654181,10.0
15.0,0.07721255482567127,100.0
18.166666666666668,0.05226423226188073,100.0
3.1666666666666665,0.5126833800035011,250.0
19.333333333333332,0.046342722093794746,10.0
19.5,0.047791393270537615,10.0
7.5,0.273660812863419,100.0
7.333333333333333,0.32540649964106,250.0
18.333333333333332,0.04794034149042132,10.0
16.666666666666668,0.06621882514184006,10.0
2.6666666666666665,0.7419535087598347,250.0
17.333333333333332,0.06299324401742432,10.0
3.8333333333333335,0.41323986875388097,250.0
16.666666666666668,0.06815364824772753,10.0
0.16666666666666666,1.0,250.0
16.0,0.07410218560580956,10.0
16.166666666666668,0.06327798081031616,100.0
6.0,0.36775153758248375,250.0
14.0,0.1021528822807337,100.0
14.833333333333334,0.08481865450475412,100.0
17.833333333333332,0.06406543653963756,100.0
16.166666666666668,0.07287698791246884,10.0
15.666666666666666,0.07516154107003484,10.0
15.5,0.08552272071077675,100.0
0.16666666666666666,1.0,250.0
0.3333333333333333,1.0,250.0
0.16666666666666666,1.0,250.0
16.0,0.06905072988903813,100.0
18.333333333333332,0.05916536990788353,100.0
15.5,0.08039618837698395,100.0
18.666666666666668,0.05343580817489995,10.0
17.5,0.05412281888838415,10.0
19.5,0.048802284756543725,10.0
15.666666666666666,0.07935124716447824,100.0
17.666666666666668,0.05554685633849703,10.0
15.666666666666666,0.0682051168530957,10.0
17.5,0.06297952383775396,100.0
20.0,0.045224752054033784,10.0
8.833333333333334,0.29457842398396183,100.0
0.3333333333333333,1.0,250.0
15.833333333333334,0.07873791407465597,10.0
9.833333333333334,0.22559314423010624,250.0
17.666666666666668,0.05903435892160308,10.0
0.5,1.0,250.0
16.0,0.07962314051410459,100.0
18.833333333333332,0.05730585413225237,10.0
20.0,0.048759278397034395,100.0
12.166666666666666,0.12413564979410956,100.0
3.3333333333333335,0.41378338428292566,100.0
12.5,0.14156006785990408,10.0
1.0,1.7602802048862811,250.0
16.333333333333332,0.07223152359620894,100.0
11.0,0.17901598439664465,250.0
15.833333333333334,0.07030467236267135,100.0
18.166666666666668,0.05654643414813664,10.0
16.5,0.06611583441780926,100.0
11.5,0.1533739810444381,250.0
16.5,0.060063036180616626,100.0
19.166666666666668,0.050260294716417526,10.0
20.833333333333332,0.04375944769481448,10.0
13.833333333333334,0.10025253539378177,100.0
13.833333333333334,0.09753495415945465,100.0
17.5,0.05432704369333744,10.0
19.5,0.04518090504941257,10.0
21.166666666666668,0.03731617141191297,10.0
13.5,0.11663439307285776,100.0
17.166666666666668,0.05628711880955305,100.0
14.833333333333334,0.08711545597308133,10.0
4.166666666666667,0.38943932457178587,250.0
12.833333333333334,0.12867388533746227,250.0
6.0,0.30557804384231824,250.0
16.666666666666668,0.07431033023606917,10.0
19.666666666666668,0.047002452162289425,10.0
16.833333333333332,0.058422687592809254,250.0
8.0,0.2824848926186728,250.0
0.16666666666666666,1.0,250.0
9.5,0.27689606874925193,100.0
1.0,0.5410189016606862,250.0
13.833333333333334,0.10425204539092059,250.0
14.666666666666666,0.09967308528736493,100.0
18.666666666666668,0.04972332668081607,10.0
18.0,0.052808539391245926,10.0
18.0,0.05239804316007765,100.0
13.166666666666666,0.12324532118407393,100.0
17.666666666666668,0.053312758521687986,10.0
18.333333333333332,0.04855753253195467,100.0
11.666666666666666,0.1692484504626934,100.0
13.166666666666666,0.1140970252986052,250.0
17.166666666666668,0.06218264701783675,10.0
14.5,0.10095412160557178,100.0
18.166666666666668,0.053841994454166174,10.0
19.0,0.053695640814190565,10.0
14.833333333333334,0.08981766244301705,100.0
16.333333333333332,0.05613819742683936,250.0
19.5,0.04723114437014799,10.0
14.166666666666666,0.09247774645989996,100.0
4.166666666666667,0.5468637077156996,250.0
15.833333333333334,0.09192036914371482,100.0
13.5,0.10692475580942638,100.0
6.0,0.4177771683107974,250.0
15.833333333333334,0.0676855810091563,100.0
13.833333333333334,0.10665964388454721,100.0
14.833333333333334,0.07926894121924627,100.0
6.0,0.40290430291482165,250.0
17.333333333333332,0.05782070594285392,100.0
18.333333333333332,0.05345693930633332,100.0
0.16666666666666666,1.0,250.0
19.833333333333332,0.04409985361145668,10.0
19.0,0.04509629681231152,10.0
19.333333333333332,0.0457730264186609,10.0
1.8333333333333333,0.5268426111293077,250.0
11.5,0.1953210048434937,100.0
12.333333333333334,0.1347891210953681,100.0
3.5,0.5532805956145792,250.0
8.5,0.27231641304525317,250.0
15.333333333333334,0.06806186210857336,100.0
21.0,0.03878352057610204,10.0
1.6666666666666667,0.3981968616641568,250.0
0.8333333333333334,0.8261905159978066,250.0
6.166666666666667,0.36936727057061614,250.0
17.333333333333332,0.05595595399428133,10.0
16.166666666666668,0.07183529978784263,10.0
15.666666666666666,0.0721194407188261,100.0
1.3333333333333333,0.7240255683072321,250.0
11.166666666666666,0.18527020219972495,100.0
17.666666666666668,0.047204703422920095,10.0
5.833333333333333,0.3895960342980984,100.0
16.666666666666668,0.07516931535304251,10.0
15.166666666666666,0.09029089744593484,100.0
1.6666666666666667,0.7368899723932384,250.0
19.833333333333332,0.04888829551768282,10.0
20.833333333333332,0.04717019443722845,10.0
14.666666666666666,0.09483581567936154,10.0
17.666666666666668,0.06233131996904236,10.0
11.5,0.17491461877003706,250.0
19.833333333333332,0.04953219037370796,10.0
19.0,0.05002886066023424,100.0
17.833333333333332,0.05578319965779088,10.0
13.333333333333334,0.11921983673138262,100.0
16.5,0.06498282723126889,100.0
19.0,0.04575298184637562,10.0
9.666666666666666,0.2630410272855479,100.0
14.666666666666666,0.10055579267772406,100.0
17.333333333333332,0.05522301882473267,10.0
10.833333333333334,0.16905455256003232,250.0
15.833333333333334,0.07731210263706512,100.0
5.166666666666667,0.4540356106730629,250.0
19.333333333333332,0.0490196366647572,10.0
19.666666666666668,0.046993036673885,10.0
18.833333333333332,0.05286943735666281,10.0
0.16666666666666666,1.0,250.0
18.833333333333332,0.04936362179488203,10.0
15.5,0.08426687892756016,10.0
3.6666666666666665,0.7019122505580199,250.0
5.166666666666667,0.5496061024746411,250.0
11.666666666666666,0.15269502787121822,100.0
19.833333333333332,0.04618669483648189,10.0
16.0,0.07273858872851581,100.0
0.16666666666666666,1.0,250.0
15.333333333333334,0.08560301021501703,100.0
17.0,0.06153904191522547,10.0
14.5,0.08895862925997722,100.0
5.0,0.6090014258628942,250.0
12.166666666666666,0.1336287013164295,250.0
2.8333333333333335,0.613988834998749,250.0
19.333333333333332,0.04890997805078569,10.0
12.5,0.14294380021240824,100.0
15.333333333333334,0.07653531253176112,100.0
15.166666666666666,0.09029546191864359,100.0
20.666666666666668,0.044392630036561985,10.0
19.0,0.04266617838125039,10.0
17.166666666666668,0.06284309962414267,10.0
2.5,0.8218902137937484,250.0
16.333333333333332,0.07586807666619215,100.0
20.0,0.04296093733692594,100.0
20.166666666666668,0.0493848688366256,10.0
0.5,1.0,250.0
12.5,0.14286318668599782,100.0
9.0,0.25636767715307446,100.0
15.166666666666666,0.08360452962226941,250.0
19.5,0.04553558130742037,10.0
18.333333333333332,0.047995698777939626,10.0
12.166666666666666,0.14579688802953075,250.0
19.0,0.05150720138605754,10.0
17.333333333333332,0.05013455272524492,10.0
15.666666666666666,0.07875037241326155,100.0
13.333333333333334,0.1202044847662944,100.0
14.666666666666666,0.10579614784558213,100.0
20.166666666666668,0.04363187734032796,10.0
2.6666666666666665,0.908129810306602,250.0
5.666666666666667,0.4263323331880933,100.0
0.16666666666666666,1.0,250.0
17.833333333333332,0.060515774143552026,10.0
11.5,0.15450580908398187,10.0
16.5,0.07219918262748355,10.0
16.333333333333332,0.06519842745915455,10.0
0.16666666666666666,1.0,100.0
19.166666666666668,0.05373198766794333,10.0
12.833333333333334,0.11807229765589042,100.0
14.333333333333334,0.09940399134106943,100.0
8.666666666666666,0.2704196715332607,250.0
19.666666666666668,0.05043081559867848,10.0
20.5,0.039213632940349435,10.0
18.333333333333332,0.052606800054027236,100.0
14.666666666666666,0.09293561747920152,100.0
19.333333333333332,0.045468465030776,10.0
7.833333333333333,0.2947089934304882,250.0
19.666666666666668,0.04640402962110096,10.0
18.166666666666668,0.04985767425354085,10.0
19.333333333333332,0.05028662490233422,10.0
13.333333333333334,0.12603297551867432,100.0
17.5,0.05798789302672119,100.0
0.16666666666666666,1.0,250.0
16.5,0.07572872337936883,100.0
14.0,0.12203885051806125,100.0
5.5,0.4410996791186006,250.0
11.833333333333334,0.13736495507401897,250.0
16.833333333333332,0.06689431147422116,100.0
19.5,0.04422459666049419,10.0
2.5,0.5189387257858451,100.0
16.166666666666668,0.07217323448493171,100.0
15.166666666666666,0.07576482882156009,10.0
10.666666666666666,0.18490396845581972,250.0
16.5,0.06511546195118877,100.0
18.833333333333332,0.05672379785191988,10.0
3.6666666666666665,0.655910488556147,250.0
19.0,0.0482161969010435,10.0
0.8333333333333334,0.7021910494711607,250.0
8.0,0.32793835828542295,250.0
18.333333333333332,0.048681026243525896,10.0
5.5,0.42913839905223194,250.0
13.833333333333334,0.10993463610976682,100.0
15.833333333333334,0.07605552764717918,100.0
12.5,0.12344382392246325,100.0
20.0,0.04934527818637283,10.0
19.666666666666668,0.04448850861977254,10.0
9.0,0.2849731174413352,100.0
18.333333333333332,0.05359734939188832,100.0
20.833333333333332,0.03808860180517593,10.0
18.833333333333332,0.05732982927088959,10.0
3.0,1.003944057303389,250.0
1.5,0.6599016703965898,250.0
17.5,0.05390039287068221,100.0
16.666666666666668,0.06048778683810838,10.0
15.5,0.06990801376727077,100.0
16.0,0.07250694774893321,100.0
9.833333333333334,0.20985615685609554,250.0
14.333333333333334,0.10612948268208156,100.0
4.666666666666667,0.562051813778435,250.0
15.833333333333334,0.08100530438680763,100.0
19.166666666666668,0.049766265342679424,10.0
19.333333333333332,0.04274269364356887,100.0
9.666666666666666,0.23972474941818234,250.0
16.0,0.06674180171530608,100.0
0.16666666666666666,1.0,250.0
17.5,0.06399578050845763,10.0
14.0,0.09986483876044795,100.0
16.333333333333332,0.07398722980700256,100.0
0.16666666666666666,1.0,250.0
19.5,0.04647856955722884,10.0
0.3333333333333333,1.0,250.0
0.16666666666666666,1.0,250.0
15.666666666666666,0.09050927018813744,100.0
10.333333333333334,0.22033218113207165,250.0
3.1666666666666665,0.6186866303274415,250.0
18.833333333333332,0.0503428767853054,10.0
15.5,0.0879939324280064,250.0
2.0,0.7078478751024878,250.0
2.8333333333333335,0.7339275206411163,250.0
17.666666666666668,0.05800587548213664,100.0
17.0,0.0596168975642387,100.0
3.3333333333333335,0.5768793584207235,250.0
13.0,0.1099369852170951,100.0
19.333333333333332,0.05283315886506239,10.0
17.0,0.06834887137516246,100.0
12.666666666666666,0.1472610438475328,100.0
11.166666666666666,0.17462842975608586,100.0
17.5,0.05621624467313343,10.0
12.5,0.13886605264233393,100.0
3.3333333333333335,0.5052157848330137,250.0
11.833333333333334,0.1647274026954504,250.0
4.666666666666667,0.3995438232369516,250.0
20.166666666666668,0.04518749668562155,10.0
18.166666666666668,0.04736072117406283,10.0
19.5,0.04674503949767006,10.0
18.833333333333332,0.054995208577340304,10.0
13.666666666666666,0.1124176981891764,250.0
19.333333333333332,0.04819828106221871,10.0
14.333333333333334,0.09693492774519494,100.0
0.16666666666666666,1.0,250.0
17.333333333333332,0.06303363300338877,100.0
17.333333333333332,0.06585574311600391,10.0
0.5,1.0,250.0
14.0,0.11631243989195242,100.0
0.3333333333333333,1.0,250.0
16.666666666666668,0.07240143396864243,100.0
17.0,0.06423661829721382,10.0
20.666666666666668,0.041164310702977845,10.0
12.166666666666666,0.160151131610527,100.0
14.166666666666666,0.10010116889620957,100.0
14.833333333333334,0.0855107832522874,10.0
15.833333333333334,0.07842805774999594,100.0
0.16666666666666666,1.0,250.0
11.0,0.1731194197120581,250.0
11.5,0.1824126335215054,100.0
18.666666666666668,0.051542309730254206,10.0
11.166666666666666,0.20373666050202957,100.0
1.6666666666666667,0.8812077702033316,250.0
5.166666666666667,0.45094252215266956,250.0
18.166666666666668,0.051767618623654324,10.0
20.166666666666668,0.04162295457852296,10.0
0.16666666666666666,1.0,250.0
17.666666666666668,0.05316486353199002,10.0
15.666666666666666,0.06397211976538557,10.0
12.333333333333334,0.15354526377509986,250.0
18.833333333333332,0.053329105941185756,10.0
20.5,0.03999785035834511,10.0
17.333333333333332,0.06426389853314554,10.0
13.5,0.11467835967358433,100.0
1.3333333333333333,0.8588916210397035,250.0
15.833333333333334,0.07130161980707274,10.0
10.166666666666666,0.16967496913846625,100.0
15.5,0.07969992577761877,10.0
19.333333333333332,0.04404181069498858,100.0
18.5,0.048544395704475184,100.0
4.666666666666667,0.5759192810037399,250.0
13.666666666666666,0.10586802294454295,100.0
18.833333333333332,0.052253737075524234,10.0
8.666666666666666,0.24092605646644535,100.0
9.166666666666666,0.27227637607997035,250.0
20.5,0.043303101870092196,10.0
16.333333333333332,0.07828258488426285,100.0
18.666666666666668,0.044074804492190055,10.0
18.833333333333332,0.052065246929433505,10.0
17.833333333333332,0.04952480390897713,10.0
5.166666666666667,0.49539709210258237,100.0
16.166666666666668,0.06850555300223266,100.0
16.333333333333332,0.08432896479410495,10.0
13.166666666666666,0.1368950179883165,250.0
17.833333333333332,0.058018885990131545,100.0
4.5,0.549568613180343,250.0
15.166666666666666,0.06909975371239636,100.0
19.166666666666668,0.050723447832459315,10.0
19.333333333333332,0.055981492336790506,10.0
3.0,0.5019605664872816,250.0
14.5,0.08663137062605142,100.0
15.333333333333334,0.07605628214515234,250.0
7.833333333333333,0.40808281819876285,250.0
1.6666666666666667,0.536840446406632,250.0
21.0,0.04280835792976135,10.0
0.3333333333333333,1.0,250.0
15.666666666666666,0.07537331809954141,100.0
11.0,0.1877563713660498,100.0
19.5,0.04388835207810201,10.0
20.0,0.04626175906983407,100.0
13.833333333333334,0.10864436607374366,250.0
8.5,0.24414477754232622,100.0
16.166666666666668,0.069328526005122,10.0
13.833333333333334,0.10004081273390507,250.0
18.5,0.049408716969217135,60.0
13.333333333333334,0.14233999819149026,100.0
16.666666666666668,0.060585656393341875,100.0
13.833333333333334,0.0998460527842435,100.0
18.333333333333332,0.051270540121177946,10.0
15.666666666666666,0.09190854145209917,100.0
19.166666666666668,0.05445011364514799,10.0
15.166666666666666,0.0837693456217517,250.0
18.833333333333332,0.04573411177640622,100.0
20.0,0.045557521441159925,10.0
18.666666666666668,0.050408381848013974,100.0
16.166666666666668,0.07486688847852993,100.0
17.5,0.056181773303173255,10.0
16.166666666666668,0.06656240028591348,100.0
12.166666666666666,0.17448865643133213,100.0
0.6666666666666666,1.0,250.0
16.666666666666668,0.0603279361583363,100.0
14.333333333333334,0.08964411750062554,10.0
13.166666666666666,0.11767609989843335,250.0
19.166666666666668,0.049979368189880594,10.0
18.5,0.050070291395389474,10.0
20.0,0.042084356960541525,10.0
2.1666666666666665,0.2946503965514948,250.0
18.833333333333332,0.04504340158435827,100.0
14.5,0.09145999167000256,100.0
4.333333333333333,0.3549562031202204,250.0
19.5,0.045904535666804296,10.0
15.333333333333334,0.08008144372758659,250.0
4.833333333333333,0.41149173537307504,250.0
15.166666666666666,0.08625002322904989,100.0
3.8333333333333335,0.6438329685380362,100.0
5.666666666666667,0.42087791291826826,100.0
19.166666666666668,0.04770204776323168,10.0
0.3333333333333333,1.0,100.0
1.1666666666666667,0.6680622052422855,250.0
14.833333333333334,0.09182980413438563,100.0
14.333333333333334,0.09687110477738232,10.0
5.166666666666667,0.48528291941940915,250.0
5.833333333333333,0.5148401581354811,250.0
18.333333333333332,0.04692562463357522,100.0
1.1666666666666667,0.5332866892184837,250.0
13.833333333333334,0.11590594606128116,100.0
15.0,0.08292812639948563,10.0
1.1666666666666667,0.8066262683929136,250.0
14.166666666666666,0.09265044022262461,100.0
16.666666666666668,0.054748128946459175,10.0
13.833333333333334,0.1166961779539837,100.0
8.0,0.28506910327688567,100.0
17.0,0.05861584511235213,100.0
19.333333333333332,0.0497607637197818,10.0
9.333333333333334,0.26254112983316086,250.0
21.5,0.0405931993635035,10.0
0.3333333333333333,1.0,250.0
6.833333333333333,0.5038618467767573,250.0
17.5,0.059961250375666936,100.0
18.0,0.05645928915534434,10.0
8.0,0.2895909005597902,250.0
17.0,0.06422695192206115,10.0
20.833333333333332,0.04045026225149707,10.0
10.0,0.19198983568589253,100.0
16.5,0.06618661831589072,100.0
0.6666666666666666,1.0,250.0
16.5,0.06784978576752462,250.0
1.0,1.0022710822052963,250.0
2.3333333333333335,1.088036368335418,250.0
15.0,0.08344813421671297,10.0
12.333333333333334,0.1309840626598924,250.0
19.666666666666668,0.05008188667811355,10.0
17.0,0.0624289952295245,10.0
13.0,0.1312298618078829,10.0
15.833333333333334,0.07773622858090974,100.0
19.666666666666668,0.044128118956764384,10.0
18.5,0.05559324360154932,10.0
10.833333333333334,0.2119805632310928,100.0
18.666666666666668,0.04903142619226816,10.0
0.3333333333333333,1.0,250.0
15.0,0.08679867048353472,100.0
14.166666666666666,0.10345338159694034,10.0
4.166666666666667,0.645262020088425,250.0
19.333333333333332,0.046698753192170005,10.0
13.333333333333334,0.1034349659078934,250.0
16.333333333333332,0.07160048117153772,100.0
19.166666666666668,0.052189789069419894,100.0
1.8333333333333333,0.5643891169466637,250.0
0.5,1.0,250.0
17.166666666666668,0.060292505054613664,100.0
18.5,0.060445141032873774,10.0
17.333333333333332,0.07415139775684336,100.0
19.5,0.04473243184135915,10.0
17.833333333333332,0.05621538529855498,10.0
0.16666666666666666,1.0,250.0
15.166666666666666,0.07975132577094068,100.0
13.166666666666666,0.12051767586544675,100.0
19.5,0.04217690180785346,10.0
1.5,0.9208950661782221,250.0
18.833333333333332,0.053614101651960934,60.0
12.0,0.17077483973979593,100.0
16.333333333333332,0.07918492023176205,10.0
6.166666666666667,0.38012100906617907,250.0
16.833333333333332,0.06625692377638308,100.0
20.0,0.046952887536469125,10.0
11.666666666666666,0.16615388433849776,250.0
18.333333333333332,0.05576078242389576,10.0
14.333333333333334,0.10161591804023971,100.0
4.5,0.47470410529300366,250.0
19.666666666666668,0.04851303680597075,10.0
13.166666666666666,0.13098442422615608,100.0
9.666666666666666,0.18224786395707188,250.0
18.833333333333332,0.053026558892363566,10.0
10.166666666666666,0.22455263626650152,100.0
13.833333333333334,0.12285999875185168,100.0
15.5,0.08434349280441815,100.0
0.3333333333333333,1.0,250.0
19.333333333333332,0.049766089647769365,10.0
16.333333333333332,0.07344967594506793,100.0
20.0,0.042196718418033,10.0
20.666666666666668,0.04324103215793342,10.0
7.833333333333333,0.3628339120459908,100.0
8.5,0.27378733147584433,250.0
14.5,0.09793695998035463,100.0
8.833333333333334,0.25530685626659105,250.0
17.5,0.05791387782855384,10.0
8.333333333333334,0.24560014787744427,250.0
15.0,0.08731301681670142,10.0
8.0,0.263798792664365,100.0
14.833333333333334,0.09188786679321194,10.0
8.333333333333334,0.2991081567306996,250.0
0.16666666666666666,1.0,250.0
17.333333333333332,0.05778147286267794,10.0
12.0,0.14370639040014588,100.0
15.833333333333334,0.07988178929498492,250.0
1.6666666666666667,0.850176759430626,250.0
18.833333333333332,0.052907893047933224,10.0
17.5,0.06332529029317871,10.0
15.833333333333334,0.07050303733697594,250.0
19.166666666666668,0.04464244036118064,10.0
5.0,0.5073951027344532,250.0
11.0,0.19115742437914363,100.0
17.5,0.05636793486018606,10.0
14.333333333333334,0.11720861959413609,100.0
2.8333333333333335,0.695218125394653,250.0
18.833333333333332,0.049464734259444976,10.0
15.0,0.08766964848820179,60.0
16.0,0.07901056544804108,100.0
16.333333333333332,0.07365481951942399,100.0
7.166666666666667,0.39431783726413816,250.0
20.833333333333332,0.040857057789279436,10.0
10.5,0.16357035507827997,250.0
13.166666666666666,0.11593107560976551,100.0
17.833333333333332,0.05699122690902245,10.0
18.666666666666668,0.0507665978700679,10.0
15.333333333333334,0.08047956756759407,10.0
17.5,0.06237396099171699,100.0
16.833333333333332,0.06863067644748962,10.0
11.666666666666666,0.15912843251006226,250.0
18.833333333333332,0.053219029579225266,100.0
1.1666666666666667,1.123934325220509,250.0
16.0,0.07263955113797094,100.0
19.5,0.04258947904364398,10.0
9.5,0.2424339583472933,250.0
16.666666666666668,0.0661957840717562,100.0
16.333333333333332,0.0656424557182121,100.0
3.3333333333333335,0.5734015616675051,100.0
16.166666666666668,0.07668292393472959,100.0
20.0,0.04339286816527122,10.0
19.166666666666668,0.05188745862615301,10.0
15.666666666666666,0.0787951015991614,100.0
13.833333333333334,0.1009738693540909,100.0
18.666666666666668,0.054576890814954496,10.0
16.333333333333332,0.06837213967581174,100.0
17.0,0.06020187839528579,100.0
13.0,0.13167389124829548,250.0
6.5,0.36165729098002086,250.0
19.666666666666668,0.04376808163769804,10.0
1.5,0.9156934851141837,250.0
18.666666666666668,0.048569236168421605,10.0
8.333333333333334,0.2553177204571649,100.0
18.333333333333332,0.051691315358751794,10.0
19.5,0.03843394056252208,10.0
19.666666666666668,0.04770959324763446,10.0
13.833333333333334,0.11661317599222759,100.0
19.333333333333332,0.04029831120198404,10.0
15.833333333333334,0.07524063087510778,100.0
18.666666666666668,0.048297833321918615,10.0
15.333333333333334,0.08872551284178766,100.0
13.166666666666666,0.09681145860833489,100.0
17.833333333333332,0.060235904631067136,10.0
17.166666666666668,0.05744229808871419,10.0
12.5,0.1217737614456796,100.0
18.666666666666668,0.051498067596127746,10.0
15.166666666666666,0.09155431837025614,100.0
2.6666666666666665,0.7085250885124277,250.0
0.16666666666666666,1.0,250.0
17.333333333333332,0.0618907037428271,10.0
18.833333333333332,0.045939753600575985,10.0
15.833333333333334,0.09646156893572332,100.0
18.5,0.049244514141169544,10.0
7.0,0.34167600963277356,250.0
11.0,0.18993924863511497,10.0
17.666666666666668,0.05491537992064945,100.0
7.0,0.320116180317031,250.0
19.5,0.05205008896668032,10.0
16.833333333333332,0.05969024350433633,10.0
15.666666666666666,0.07313601940511288,100.0
17.833333333333332,0.058393142453698366,10.0
4.666666666666667,0.5942726036867223,250.0
0.16666666666666666,1.0,250.0
4.833333333333333,0.6024040515840403,100.0
10.166666666666666,0.2150464263003328,250.0
7.333333333333333,0.2876707052500158,250.0
9.166666666666666,0.2232716772811772,100.0
14.5,0.084582773366159,100.0
18.666666666666668,0.04823598009837525,10.0
16.0,0.06687416392763482,100.0
12.0,0.1547792009050115,250.0
19.0,0.051652792984815024,10.0
8.5,0.28633048853433174,100.0
1.1666666666666667,0.9713479327442407,250.0
12.0,0.13319671717022658,100.0
11.666666666666666,0.154867017847431,100.0
0.16666666666666666,1.0,250.0
19.5,0.04567052839959698,100.0
11.0,0.1542532369909251,250.0
2.0,0.6589217321493903,250.0
0.16666666666666666,1.0,250.0
18.833333333333332,0.05486633365662788,10.0
8.833333333333334,0.2860313853113565,250.0
0.16666666666666666,1.0,250.0
12.666666666666666,0.13713728032612432,250.0
0.5,1.0,250.0
17.333333333333332,0.06073802238882538,10.0
10.333333333333334,0.17595223691401074,100.0
1.0,0.615033102740851,250.0
12.666666666666666,0.11368679692508145,250.0
11.166666666666666,0.1603808182046024,100.0
16.5,0.0712097250123901,100.0
11.333333333333334,0.1964582619384206,100.0
19.666666666666668,0.041235678340117606,10.0
17.5,0.0498935609158256,10.0
9.833333333333334,0.22630831004427243,250.0
18.0,0.049043665111743344,100.0
11.333333333333334,0.19671283699581754,100.0
6.0,0.40827836664618217,250.0
21.833333333333332,0.04192014115063265,10.0
17.833333333333332,0.05865831275015784,10.0
7.666666666666667,0.2891640396738608,250.0
12.5,0.14790938350355137,100.0
0.5,1.0,250.0
13.0,0.1271147533481686,100.0
17.166666666666668,0.06252117980246534,10.0
1.5,1.1838699198614138,250.0
18.666666666666668,0.0560117723604986,10.0
17.0,0.05809002699672929,10.0
16.0,0.0665412856853599,10.0
5.666666666666667,0.3678890643863742,250.0
20.166666666666668,0.04879883835136805,10.0
12.666666666666666,0.12781507808740544,100.0
13.333333333333334,0.11834191572686018,100.0
17.833333333333332,0.0639635057059028,10.0
16.833333333333332,0.06012586254277406,100.0
14.166666666666666,0.11816197348408702,250.0
16.666666666666668,0.06708193014201462,100.0
15.5,0.07917028599084897,100.0
12.166666666666666,0.16126799443817247,100.0
16.0,0.08195329099719446,10.0
18.0,0.051222005085660244,100.0
11.0,0.17862072524358413,100.0
16.666666666666668,0.0704911879291138,10.0
12.0,0.162634283906174,250.0
14.833333333333334,0.09049614307316561,100.0
10.333333333333334,0.1993694843057016,250.0
3.6666666666666665,0.5156176326305442,100.0
1.1666666666666667,0.96184990247369,250.0
17.0,0.06572373361731297,100.0
11.5,0.1461902387889553,100.0
15.333333333333334,0.0834365633364081,100.0
16.833333333333332,0.057773750346484055,100.0
17.666666666666668,0.05512415877300376,10.0
18.5,0.054443998627842216,10.0
18.333333333333332,0.05794991982518152,10.0
4.833333333333333,0.5136095085414627,250.0
19.666666666666668,0.04546752426410684,10.0
5.833333333333333,0.41794669085559627,100.0
16.833333333333332,0.07230135094415881,100.0
16.833333333333332,0.06469802243027797,100.0
15.666666666666666,0.07818571429851826,10.0
19.0,0.04902839431850321,100.0
14.166666666666666,0.09230493775771977,100.0
7.333333333333333,0.318457491795368,250.0
5.166666666666667,0.435750932116168,250.0
19.333333333333332,0.045722070193185346,10.0
14.333333333333334,0.09893931423575418,100.0
16.333333333333332,0.07157538010143695,100.0
14.666666666666666,0.0951119268480594,100.0
20.166666666666668,0.044252010192620414,10.0
18.333333333333332,0.05079736169185278,10.0
14.5,0.09845735770590358,100.0
11.333333333333334,0.15523728370353262,100.0
18.0,0.04963778870669195,10.0
18.166666666666668,0.053982444911272284,10.0
12.5,0.1590698745972347,100.0
17.666666666666668,0.05576326667305605,100.0
2.3333333333333335,0.5567057589271592,250.0
6.166666666666667,0.4066611839871002,250.0
15.5,0.06917843927928306,100.0
20.166666666666668,0.04601680354750647,10.0
4.666666666666667,0.38727468768451695,250.0
16.5,0.07439516513736648,10.0
16.666666666666668,0.06539021746476034,100.0
2.6666666666666665,0.4477456705516883,250.0
13.0,0.13981938731743335,250.0
16.833333333333332,0.07266063935648318,100.0
2.1666666666666665,0.6029357979695482,250.0
16.5,0.0715898452956807,250.0
17.166666666666668,0.058022333997917584,10.0
13.833333333333334,0.10261596207015193,100.0
20.166666666666668,0.04590872080435227,10.0
3.6666666666666665,0.6986664071048377,250.0
1.6666666666666667,0.648068698792022,250.0
7.333333333333333,0.3019051066411543,250.0
20.333333333333332,0.040996609320978046,10.0
8.0,0.2816969142245704,250.0
0.8333333333333334,0.5030506042053808,250.0
9.833333333333334,0.24091985201101054,100.0
14.166666666666666,0.10741372129948758,100.0
11.666666666666666,0.17806966615243894,250.0
12.166666666666666,0.12701145485690918,250.0
18.166666666666668,0.05436482210496209,100.0
16.333333333333332,0.07119611065928833,100.0
10.0,0.22540570047464778,100.0
14.666666666666666,0.09068916731925827,100.0
19.833333333333332,0.03981612448255152,10.0
10.333333333333334,0.17775882402684798,100.0
6.833333333333333,0.38965408180416505,100.0
4.0,0.3699798449825984,250.0
17.0,0.06521745515217875,10.0
16.166666666666668,0.08315619149185002,10.0
18.333333333333332,0.057098545539732794,10.0
19.166666666666668,0.04975374712431066,100.0
11.833333333333334,0.15476530546139328,250.0
6.833333333333333,0.49295593683957256,100.0
18.5,0.059039518455936045,10.0
14.166666666666666,0.10538307444958357,100.0
18.666666666666668,0.049136266554593,10.0
12.0,0.15289390222825908,250.0
14.166666666666666,0.10294496495905635,10.0
15.166666666666666,0.08912025339907424,100.0
18.833333333333332,0.05080556204322716,10.0
0.3333333333333333,1.0,250.0
10.0,0.2443671731875502,250.0
16.833333333333332,0.0584369137671634,100.0
16.5,0.06962962604101942,10.0
0.16666666666666666,1.0,250.0
4.166666666666667,0.4859523019705046,100.0
15.5,0.08313168505032409,10.0
19.5,0.04831279144613814,10.0
17.666666666666668,0.06371279660647991,10.0
19.5,0.0449841941525952,10.0
3.8333333333333335,0.6226689480404166,250.0
14.333333333333334,0.10822174634986173,100.0
18.166666666666668,0.04448303947512114,10.0
16.166666666666668,0.07048688316346925,60.0
16.0,0.07545021792905325,100.0
17.166666666666668,0.06212084866589716,10.0
18.0,0.05783181420858611,10.0
15.333333333333334,0.08364917957552034,10.0
0.16666666666666666,1.0,250.0
15.333333333333334,0.0816331962045126,100.0
9.5,0.23471781308285816,250.0
0.16666666666666666,1.0,250.0
15.666666666666666,0.0754869148151716,100.0
9.0,0.25212068885140626,250.0
14.666666666666666,0.10753561391884839,100.0
17.0,0.05799784478595771,100.0
16.666666666666668,0.07703544543367738,100.0
18.333333333333332,0.0466434018970575,10.0
18.833333333333332,0.04949061735392964,10.0
14.5,0.0964392444640877,100.0
17.333333333333332,0.059504228794074514,10.0
17.333333333333332,0.04797663929297656,10.0
18.833333333333332,0.04349242307623597,10.0
19.666666666666668,0.04098346807795701,10.0
7.666666666666667,0.29216806274213036,250.0
3.6666666666666665,0.6461864827711891,250.0
16.833333333333332,0.06305371856925225,10.0
15.5,0.08503932121223805,250.0
20.166666666666668,0.03728504604276754,10.0
15.166666666666666,0.08179399448503176,10.0
13.666666666666666,0.09857418008263705,100.0
17.5,0.05607610179946626,10.0
11.333333333333334,0.16874361177070313,250.0
4.666666666666667,0.551558875671449,250.0
17.833333333333332,0.05845661361600277,10.0
17.166666666666668,0.05855191762034887,100.0
18.833333333333332,0.048466652375768984,10.0
5.333333333333333,0.3373951618456673,250.0
17.833333333333332,0.05519151194911023,10.0
14.5,0.09266912434690992,100.0
18.833333333333332,0.051726182974106374,100.0
10.166666666666666,0.21854498911048773,250.0
3.1666666666666665,0.47776819221951294,250.0
19.166666666666668,0.047363909090178645,10.0
17.166666666666668,0.059062338887585525,10.0
16.5,0.06413021274902417,100.0
3.0,0.5413246636088673,250.0
16.0,0.06759040922027576,100.0
7.666666666666667,0.3686338622698412,250.0
13.833333333333334,0.10731939866879676,100.0
15.666666666666666,0.07926432366888136,250.0
15.5,0.08305750168183787,100.0
8.5,0.2717430383965745,100.0
18.666666666666668,0.04841018487208209,100.0
20.0,0.046848397568938896,10.0
0.16666666666666666,1.0,250.0
19.0,0.04636317274892884,10.0
17.0,0.06782223135127052,10.0
4.333333333333333,0.5559768998097944,250.0
5.5,0.3956540806489583,250.0
10.166666666666666,0.22152557627314642,100.0
7.333333333333333,0.31132386472460577,250.0
18.333333333333332,0.05050160037772499,10.0
0.5,1.0,250.0
12.333333333333334,0.1406705890662953,250.0
12.666666666666666,0.13238563403948514,100.0
18.5,0.053387462250932854,10.0
14.0,0.09972755040878806,100.0
20.833333333333332,0.04336963530508064,10.0
4.666666666666667,0.5426188763084467,100.0
14.333333333333334,0.09598335047912188,10.0
16.333333333333332,0.07615206209898089,100.0
5.5,0.4267808397629123,250.0
19.0,0.05388295905967662,10.0
12.666666666666666,0.13325850684148893,250.0
14.166666666666666,0.09399591549657883,100.0
10.166666666666666,0.20425676326940037,250.0
8.333333333333334,0.24141952045573634,250.0
4.333333333333333,0.42481989556802274,250.0
1.1666666666666667,0.7989780513530265,250.0
18.166666666666668,0.05282776391579481,100.0
16.666666666666668,0.06671342627787258,100.0
1.8333333333333333,1.0821064008241355,100.0
3.8333333333333335,0.5213013807922423,250.0
4.0,0.5103495744346487,250.0
19.166666666666668,0.04778058249241225,10.0
16.5,0.06772412804444654,10.0
16.166666666666668,0.06593355422444085,10.0
20.333333333333332,0.04517533261605224,10.0
17.666666666666668,0.05983767658374056,10.0
18.333333333333332,0.051155109978884804,60.0
13.333333333333334,0.11338827873701703,10.0
15.333333333333334,0.07108604915416902,100.0
18.833333333333332,0.05363732071846618,10.0
1.1666666666666667,1.0277424550853236,250.0
15.666666666666666,0.07765915462766051,100.0
0.16666666666666666,1.0,250.0
16.5,0.06915107472276079,10.0
0.5,1.0,250.0
1.3333333333333333,0.8389185299663849,250.0
11.166666666666666,0.13594632416755592,100.0
8.166666666666666,0.286986982662733,250.0
18.0,0.058830051941649544,10.0
18.833333333333332,0.05374979423540927,10.0
0.16666666666666666,1.0,250.0
1.8333333333333333,0.5562359342318667,250.0
2.6666666666666665,0.5350658186671046,250.0
18.0,0.05195921127599637,10.0
16.666666666666668,0.060066095858802585,10.0
16.0,0.07311695215710372,10.0
6.166666666666667,0.4034627748570209,250.0
13.166666666666666,0.13200612508462764,250.0
7.5,0.3680991908998316,250.0
17.666666666666668,0.062044499355217775,10.0
16.5,0.07722077298749581,10.0
19.5,0.05030489809634881,10.0
8.5,0.2635838853210715,100.0
15.833333333333334,0.07165609126865152,250.0
11.0,0.19077199163814149,250.0
16.333333333333332,0.07373016633599717,100.0
17.5,0.059203534397554096,100.0
18.833333333333332,0.05466814217559951,10.0
13.0,0.1555393524790589,100.0
16.333333333333332,0.07139085138939216,100.0
10.833333333333334,0.21671099989458387,100.0
4.666666666666667,0.6744974315613165,250.0
19.0,0.049173657178297116,10.0
0.5,1.0,250.0
0.5,1.0,250.0
18.666666666666668,0.051118213492585995,10.0
18.666666666666668,0.05133224956663788,10.0
13.833333333333334,0.10850398261396024,100.0
17.0,0.060263410553592384,10.0
19.0,0.048401503007278246,10.0
10.5,0.178983354599442,100.0
17.333333333333332,0.060377167270540974,100.0
4.666666666666667,0.486774826047108,250.0
16.333333333333332,0.07384568678960769,100.0
2.1666666666666665,0.6493743957957276,250.0
15.666666666666666,0.06724643585558199,100.0
12.166666666666666,0.16187866019841246,100.0
0.6666666666666666,1.0,250.0
7.0,0.3656294222846427,250.0
18.333333333333332,0.04488281566284897,10.0
16.0,0.07667156478350223,100.0
20.333333333333332,0.05054149718084697,10.0
20.166666666666668,0.04177800480067481,10.0
2.1666666666666665,0.6266326381964314,250.0
0.16666666666666666,1.0,250.0
10.833333333333334,0.15224704577446532,10.0
19.0,0.04708556376368215,100.0
18.166666666666668,0.05259797647084876,100.0
18.666666666666668,0.04984420543160859,10.0
19.5,0.0454080229497428,10.0
15.5,0.08392769552790298,250.0
12.833333333333334,0.13617418064376552,250.0
17.166666666666668,0.06420757639730243,100.0
0.16666666666666666,1.0,250.0
1.8333333333333333,0.43575851607165905,250.0
16.666666666666668,0.062409457392177035,10.0
16.333333333333332,0.06660476545366172,100.0
20.166666666666668,0.04332401471147581,10.0
9.0,0.23870492899076537,100.0
16.666666666666668,0.06457824105055876,100.0
18.833333333333332,0.04818032507347243,100.0
18.833333333333332,0.04983478944481215,10.0
15.0,0.0889190780787219,250.0
17.833333333333332,0.04778249915089977,100.0
18.833333333333332,0.041487461731315546,10.0
13.166666666666666,0.12991812254444676,100.0
18.166666666666668,0.05046086287332493,10.0
9.0,0.2446004231425051,250.0
15.0,0.08376801492081588,10.0
18.666666666666668,0.05105747176719536,10.0
19.333333333333332,0.049259504308789955,10.0
17.666666666666668,0.053251271874612156,10.0
1.8333333333333333,0.6514404955935207,250.0
16.666666666666668,0.061905226677401365,100.0
2.6666666666666665,0.49229825033042024,250.0
2.5,0.44088788626203046,250.0
4.5,0.5053833163805596,250.0
12.166666666666666,0.13145214257717977,250.0
4.666666666666667,0.5009702820221792,100.0
7.5,0.30709666229501587,250.0
12.166666666666666,0.17544422107286262,250.0
17.166666666666668,0.06497741304058952,100.0
9.833333333333334,0.2195381247633151,250.0
2.8333333333333335,0.45563714258287413,250.0
0.16666666666666666,1.0,250.0
12.166666666666666,0.15003139176322666,250.0
9.666666666666666,0.22632920392141237,250.0
19.0,0.04558481795489373,100.0
15.833333333333334,0.06896626736609975,100.0
11.166666666666666,0.18607918695163653,100.0
17.333333333333332,0.06248260343524481,10.0
19.5,0.05070479931130005,10.0
10.833333333333334,0.1587938247525686,100.0
10.5,0.24079754071271842,100.0
0.5,1.0,250.0
6.5,0.3638659988393991,250.0
15.166666666666666,0.09408234330470996,100.0
0.16666666666666666,1.0,250.0
8.833333333333334,0.25905696583916443,250.0
14.666666666666666,0.08563141138054464,100.0
9.833333333333334,0.2350594963584194,100.0
5.5,0.5452081539887614,250.0
16.0,0.06344762255440031,10.0
15.333333333333334,0.0914878919242339,10.0
19.0,0.05055565419781982,10.0
8.833333333333334,0.23075359554980557,100.0
19.333333333333332,0.04992140321552314,10.0
19.333333333333332,0.04521692349782464,10.0
11.666666666666666,0.1496515438303607,100.0
19.166666666666668,0.04425014089025778,10.0
21.166666666666668,0.043317699403019716,10.0
12.166666666666666,0.12551128993160318,250.0
19.833333333333332,0.041775548739464534,10.0
0.6666666666666666,1.0,250.0
7.833333333333333,0.4212657487084595,100.0
18.333333333333332,0.05711741168990398,10.0
14.0,0.11256761330522946,100.0
8.333333333333334,0.31799846132855125,100.0
14.166666666666666,0.12370407042706805,100.0
16.166666666666668,0.06913426768497719,250.0
1.1666666666666667,1.0513893878233609,250.0
19.666666666666668,0.04219650313887931,10.0
20.0,0.04907927554202208,10.0
20.333333333333332,0.04258567430333118,10.0
15.5,0.07569549089850566,100.0
18.833333333333332,0.049385281580465255,10.0
7.333333333333333,0.28515868950658196,250.0
2.5,0.48157307817659456,250.0
19.5,0.043146497027046336,10.0
15.833333333333334,0.07827758286211643,10.0
18.5,0.052686269086155126,10.0
15.333333333333334,0.07516840053571916,100.0
18.833333333333332,0.05126844904101444,10.0
1.0,0.9536802722016042,250.0
14.5,0.09203785629374253,250.0
19.333333333333332,0.047988998081190004,100.0
12.0,0.13556078603941987,250.0
18.333333333333332,0.04691753829574095,10.0
0.16666666666666666,1.0,250.0
8.166666666666666,0.3236989500502978,250.0
20.666666666666668,0.04189868085286891,10.0
18.166666666666668,0.057688364131849856,10.0
20.166666666666668,0.041633660894449726,10.0
13.166666666666666,0.11555890709187155,10.0
11.0,0.1658478400564976,100.0
19.833333333333332,0.054238875359924874,10.0
12.333333333333334,0.1229343622731862,100.0
17.833333333333332,0.051104277713189594,10.0
8.5,0.27292029561890474,250.0
0.3333333333333333,1.0,250.0
18.166666666666668,0.05327210842558279,100.0
18.833333333333332,0.04601299331955164,10.0
16.0,0.0740768196780854,100.0
17.166666666666668,0.0645876386552272,10.0
11.666666666666666,0.19590993493298856,100.0
16.833333333333332,0.07022606481418672,100.0
12.666666666666666,0.12882105672251884,250.0
16.333333333333332,0.07051075941524637,10.0
0.3333333333333333,1.0,100.0
17.333333333333332,0.06210450446067375,10.0
1.0,1.006321690256667,250.0
12.833333333333334,0.126429227913475,100.0
15.5,0.08548437970612943,100.0
2.0,0.4792227981154527,100.0
17.333333333333332,0.06258892068668054,10.0
1.0,0.8696652521912406,250.0
18.333333333333332,0.05911930907870703,10.0
17.5,0.05336225848539037,10.0
16.666666666666668,0.05868320943783995,100.0
14.333333333333334,0.1032723931306846,250.0
16.333333333333332,0.07425184609822429,100.0
12.0,0.1457360666387578,100.0
17.333333333333332,0.057131201402568145,10.0
17.666666666666668,0.057773870519625424,10.0
18.666666666666668,0.05235840485324308,10.0
16.666666666666668,0.06319929612562601,100.0
19.666666666666668,0.0480908588502483,10.0
17.833333333333332,0.05148302450230196,10.0
16.0,0.07390896949879046,100.0
15.0,0.08178305953414419,100.0
14.166666666666666,0.09775315205345586,100.0
13.0,0.10474541587593865,100.0
17.333333333333332,0.05669589396636763,10.0
1.3333333333333333,0.5345799963922313,250.0
1.8333333333333333,0.6400933236311076,250.0
20.333333333333332,0.03809965169734458,10.0
17.333333333333332,0.05983097359654022,10.0
20.333333333333332,0.045266936870531564,10.0
4.333333333333333,0.5126181261496946,250.0
6.166666666666667,0.47778760184642094,100.0
0.3333333333333333,1.0,250.0
19.833333333333332,0.04401271718786676,10.0
13.5,0.09971078339894004,10.0
2.6666666666666665,0.4425535034190015,250.0
17.666666666666668,0.057344977228662705,10.0
10.5,0.2130270224533216,100.0
15.166666666666666,0.0803748908655673,100.0
9.5,0.24847653126856392,250.0
13.833333333333334,0.1131704448752002,100.0
8.0,0.30950510503489187,10.0
4.333333333333333,0.5154186952029441,250.0
18.666666666666668,0.051348930389791624,10.0
18.166666666666668,0.06477571648756782,10.0
3.3333333333333335,0.5963683184742005,250.0
4.5,0.440402674371251,250.0
16.833333333333332,0.0727334026006943,100.0
15.833333333333334,0.08316807590677207,100.0
19.333333333333332,0.04762390113178013,10.0
17.666666666666668,0.05808751874751022,100.0
16.5,0.0751775451872532,100.0
20.333333333333332,0.04206796514797497,10.0
12.833333333333334,0.13006737946149788,10.0
13.666666666666666,0.11512500480548721,100.0
0.16666666666666666,1.0,250.0
14.666666666666666,0.10078089006286689,100.0
1.6666666666666667,0.659731297770025,250.0
20.0,0.049782339285080364,10.0
1.5,1.2310888320261528,250.0
18.5,0.055728478042244435,10.0
18.666666666666668,0.050331873301777075,10.0
13.333333333333334,0.1056395082991587,100.0
15.166666666666666,0.09441781945679369,100.0
19.666666666666668,0.041633646450213994,10.0
12.833333333333334,0.133036300564106,100.0
17.666666666666668,0.052671217398826055,10.0
14.333333333333334,0.10714539526005343,100.0
16.833333333333332,0.07243532923923668,100.0
14.333333333333334,0.10127517475077884,250.0
4.333333333333333,0.5027923708187697,250.0
13.666666666666666,0.10534890155065611,100.0
8.166666666666666,0.2764120050366589,250.0
8.333333333333334,0.2565004476710348,250.0
5.0,0.44987419137447865,250.0
17.333333333333332,0.06543592978349994,10.0
14.833333333333334,0.0863679462428724,250.0
20.166666666666668,0.04426443835408697,10.0
18.333333333333332,0.046938496358848926,10.0
16.833333333333332,0.06959311555183595,10.0
17.333333333333332,0.05749748265866843,100.0
14.666666666666666,0.0912201215053963,100.0
17.666666666666668,0.05654812198236614,10.0
13.5,0.1041703802165825,100.0
0.5,1.0,250.0
16.166666666666668,0.07165180846120904,100.0
16.166666666666668,0.08083271807707586,100.0
11.166666666666666,0.19594052532371597,100.0
18.833333333333332,0.050676020438358754,10.0
18.833333333333332,0.05161013886316489,100.0
16.833333333333332,0.06587737949883478,10.0
13.666666666666666,0.1072968417778344,100.0
6.0,0.389511854531133,250.0
19.0,0.04545096702518486,10.0
19.833333333333332,0.04652200569428723,10.0
13.666666666666666,0.0996875937637288,100.0
3.1666666666666665,0.6080912910830898,250.0
7.666666666666667,0.29605053132966536,250.0
11.0,0.21402829648611896,250.0
18.833333333333332,0.045100253441634944,10.0
17.0,0.06993283499365426,100.0
12.166666666666666,0.14907516902658188,250.0
14.333333333333334,0.09967395881401454,100.0
13.166666666666666,0.15146949601051435,250.0
14.166666666666666,0.11236674590484842,100.0
7.166666666666667,0.36758546931958597,100.0
17.0,0.060420266996815644,100.0
10.833333333333334,0.20872178893522803,100.0
9.666666666666666,0.25986375540784207,100.0
19.0,0.04696882128629811,10.0
5.166666666666667,0.4282265959800129,250.0
18.833333333333332,0.0449538094101199,10.0
12.166666666666666,0.13802462391490075,100.0
7.0,0.3209178575377999,100.0
19.5,0.050588499431075365,10.0
9.833333333333334,0.2270210570894956,100.0
0.6666666666666666,1.0,250.0
17.666666666666668,0.052119618757239417,100.0
2.6666666666666665,0.5514594787041225,250.0
13.333333333333334,0.13003137391490396,10.0
19.0,0.052282095147899936,100.0
20.0,0.0442980011516441,10.0
17.666666666666668,0.06166614416104867,100.0
13.333333333333334,0.10714650869705988,100.0
15.5,0.08493263801087693,100.0
7.0,0.32722651827042104,250.0
15.833333333333334,0.07193953492033797,100.0
12.833333333333334,0.11897281768946967,250.0
9.333333333333334,0.2493993600560137,250.0
0.3333333333333333,1.0,250.0
2.3333333333333335,0.7396337979994972,250.0
19.833333333333332,0.04879681242910086,10.0
16.0,0.07657334890888007,100.0
20.333333333333332,0.04720171415437891,10.0
15.333333333333334,0.07730910988803849,100.0
9.333333333333334,0.26505529274966233,100.0
18.166666666666668,0.055139511108272726,10.0
11.0,0.20614441718710982,100.0
3.0,0.6129501920040619,250.0
0.16666666666666666,1.0,250.0
16.666666666666668,0.06514321332166878,10.0
17.666666666666668,0.059978390384652004,100.0
18.166666666666668,0.055430135004121556,100.0
18.5,0.055558646818346144,10.0
2.0,0.8786836318227402,250.0
17.0,0.06348032558642078,10.0
14.166666666666666,0.09734027771586595,100.0
7.166666666666667,0.4002247344872817,250.0
18.666666666666668,0.050217935020997945,10.0
14.5,0.09389862920984832,250.0
13.166666666666666,0.11055619464280357,250.0
13.166666666666666,0.1251511052146427,100.0
19.666666666666668,0.04281638804851833,10.0
16.333333333333332,0.07801758533367953,10.0
13.666666666666666,0.11922781636541509,100.0
15.666666666666666,0.08600092681072105,100.0
17.5,0.059839983311855145,10.0
20.666666666666668,0.04044810135267017,10.0
6.666666666666667,0.32469780163461964,100.0
7.833333333333333,0.3296965384280407,100.0
14.0,0.10785440237639075,100.0
14.166666666666666,0.09488055237988668,250.0
19.666666666666668,0.046463111123605294,60.0
10.0,0.20492943186944945,250.0
15.666666666666666,0.07867395779634777,10.0
17.166666666666668,0.0567046845476107,10.0
13.833333333333334,0.11830451937761154,250.0
18.666666666666668,0.04838926581743821,100.0
19.0,0.050487941162623756,10.0
19.833333333333332,0.048583769703228114,10.0
0.5,1.0,250.0
17.833333333333332,0.059757263891411366,10.0
17.666666666666668,0.057931121462035155,10.0
17.666666666666668,0.05064523696017869,10.0
17.833333333333332,0.05349242599231746,100.0
17.5,0.056919037378515745,10.0
8.0,0.3239274480770537,100.0
1.1666666666666667,0.614154707764812,250.0
19.0,0.05248636625048547,100.0
11.333333333333334,0.19445739470006965,250.0
3.1666666666666665,0.821742061321293,250.0
11.166666666666666,0.19532229820320776,250.0
1.0,0.6634548269549463,250.0
19.833333333333332,0.04333948627794026,10.0
0.8333333333333334,0.6946036549019333,250.0
13.0,0.10927194249794048,100.0
19.333333333333332,0.044434824512963864,10.0
4.833333333333333,0.45737060272121366,250.0
6.666666666666667,0.3717968738474923,250.0
11.5,0.17999694830770419,100.0
2.0,0.5551886128392165,250.0
14.0,0.09150733761995579,100.0
17.5,0.06259440261815494,100.0
16.5,0.06806345605548701,10.0
18.666666666666668,0.045432379825661215,10.0
1.5,0.35356898165864414,250.0
19.166666666666668,0.04751443970252442,100.0
1.6666666666666667,0.6330686125599274,250.0
17.0,0.06426933914635086,10.0
1.1666666666666667,0.6311468439552365,250.0
13.666666666666666,0.11123009650044327,100.0
1.5,0.6114989407231947,250.0
19.5,0.04698739402600353,10.0
15.666666666666666,0.07816075344721503,10.0
16.666666666666668,0.07222171660757182,100.0
17.0,0.06204566815538249,100.0
17.166666666666668,0.05950554261836607,10.0
0.5,1.0,250.0
16.166666666666668,0.07430243849797459,100.0
18.5,0.05412022535401852,10.0
17.166666666666668,0.06145893723066282,100.0
14.666666666666666,0.08557732590716603,100.0
19.333333333333332,0.048628011038680044,10.0
4.0,0.6584773089127989,250.0
19.333333333333332,0.04774386834499348,10.0
16.666666666666668,0.057931532254033274,100.0
12.0,0.17051854961127275,250.0
17.166666666666668,0.06098053845674702,100.0
16.5,0.06846153493669707,100.0
5.833333333333333,0.3424936527601279,250.0
13.833333333333334,0.10699367155694095,100.0
14.666666666666666,0.10544285154703913,10.0
19.333333333333332,0.04757950565936156,100.0
14.833333333333334,0.10225045897125994,250.0
0.5,1.0,250.0
11.166666666666666,0.1673391090767669,250.0
7.0,0.3935714590626803,100.0
15.833333333333334,0.0726594978237878,100.0
18.0,0.050543905940002624,100.0
8.666666666666666,0.31862267190936094,100.0
15.166666666666666,0.07753905699210585,100.0
15.5,0.08277455985129091,100.0
20.0,0.043100765991886045,10.0
15.166666666666666,0.07232828887591834,100.0
12.0,0.15148945504177166,250.0
17.833333333333332,0.06563235450075999,10.0
5.833333333333333,0.4681873178465747,250.0
9.5,0.18775087924583023,100.0
19.833333333333332,0.04925899880444672,10.0
13.666666666666666,0.10554731632754054,250.0
15.833333333333334,0.0732896239098762,250.0
17.333333333333332,0.05095273756663549,100.0
14.166666666666666,0.0935487343375927,10.0
15.166666666666666,0.07424086369702204,100.0
18.833333333333332,0.0508312835282724,10.0
19.166666666666668,0.052535245045352605,10.0
14.333333333333334,0.09691101617179869,100.0
1.8333333333333333,0.7628513775920136,250.0
15.166666666666666,0.07212147157721396,10.0
5.166666666666667,0.4121807486384573,250.0
18.0,0.056040151035181195,10.0
15.166666666666666,0.08080877761659006,10.0
0.16666666666666666,1.0,250.0
18.333333333333332,0.054814829931400924,100.0
18.666666666666668,0.052591411500053295,10.0
14.0,0.10786551369077027,100.0
18.666666666666668,0.05312752465679572,100.0
12.833333333333334,0.12745194681704475,250.0
14.0,0.10213096902140543,100.0
13.0,0.1344251724852882,100.0
11.166666666666666,0.17968979476191033,100.0
18.333333333333332,0.0470810619727702,100.0
19.0,0.04515386906426411,10.0
18.166666666666668,0.05424254797691177,10.0
15.5,0.08210395159180697,10.0
18.166666666666668,0.06107300057405506,10.0
16.666666666666668,0.062653786372331,10.0
18.833333333333332,0.04661852806603608,10.0
18.833333333333332,0.05081076425610818,10.0
20.333333333333332,0.039998310089329366,10.0
1.0,0.33295656460506035,250.0
8.833333333333334,0.26463268101440457,250.0
14.166666666666666,0.08085628019341026,100.0
10.0,0.2019304426986044,250.0
16.0,0.08083048606712541,100.0
13.333333333333334,0.10552583286751348,100.0
16.333333333333332,0.061616841015857585,100.0
17.166666666666668,0.06097866713646721,100.0
7.833333333333333,0.3333513710602017,250.0
20.0,0.042770803065134505,10.0
10.0,0.2280775890747652,250.0
15.833333333333334,0.07425180748243597,10.0
18.333333333333332,0.04657902862678811,10.0
9.0,0.314081211343373,250.0
14.833333333333334,0.09875881586606543,100.0
6.166666666666667,0.37618758343018865,100.0
14.166666666666666,0.09229876256032649,100.0
0.3333333333333333,1.0,250.0
7.333333333333333,0.3267601159146786,100.0
16.833333333333332,0.06046445737016462,10.0
19.0,0.04735469893220707,10.0
1.3333333333333333,0.8414089037912562,250.0
14.333333333333334,0.10746561909922106,100.0
14.333333333333334,0.0900855484780862,100.0
0.6666666666666666,1.0,250.0
17.333333333333332,0.060346782845694086,100.0
18.0,0.06284969314148924,10.0
16.5,0.06819907531612547,10.0
15.333333333333334,0.08352149262817352,100.0
14.333333333333334,0.080016323447693,250.0
19.0,0.048129419931375095,10.0
17.333333333333332,0.057194098491046806,60.0
11.833333333333334,0.15142843253639005,250.0
17.5,0.05666343476448238,100.0
16.666666666666668,0.07045305039947262,100.0
17.333333333333332,0.059684251702240315,100.0
17.666666666666668,0.05498788472771392,10.0
12.333333333333334,0.1520114748868527,250.0
15.166666666666666,0.08633581139693029,250.0
15.666666666666666,0.07427148854029948,10.0
18.166666666666668,0.04956203223726156,10.0
14.166666666666666,0.10571512208452555,100.0
14.333333333333334,0.09061443260639757,10.0
19.666666666666668,0.05085346087451279,10.0
15.333333333333334,0.08482011229189854,100.0
12.666666666666666,0.12441392413837782,100.0
8.833333333333334,0.304112298869929,250.0
18.833333333333332,0.045621143005303934,10.0
20.0,0.04654967438103384,10.0
14.333333333333334,0.10377542074193268,250.0
18.833333333333332,0.048422403030733835,100.0
9.833333333333334,0.27340468427633036,100.0
16.833333333333332,0.062469197348851514,60.0
6.5,0.4323709224659353,250.0
0.16666666666666666,1.0,250.0
15.666666666666666,0.07570516007912982,100.0
11.5,0.1885134971725452,250.0
15.5,0.0684633409794197,10.0
1.5,0.5008526992716987,250.0
20.5,0.04726270126018977,10.0
15.666666666666666,0.07149399136217821,10.0
10.833333333333334,0.1932022094650793,100.0
18.333333333333332,0.055105461466725625,10.0
6.833333333333333,0.37169914621257705,100.0
18.333333333333332,0.05324246414936365,10.0
13.333333333333334,0.1092619379041873,250.0
11.666666666666666,0.17617473557034286,250.0
6.333333333333333,0.4061527109716972,250.0
13.0,0.12759377609666936,100.0
18.5,0.05116326794333746,10.0
14.5,0.09725179276689928,100.0
18.833333333333332,0.052328900948992035,10.0
0.16666666666666666,1.0,250.0
19.333333333333332,0.046055373558507716,10.0
13.333333333333334,0.1182266456140886,100.0
18.833333333333332,0.05133555027612331,10.0
4.666666666666667,0.4783684340960144,250.0
16.666666666666668,0.07035658150550676,10.0
15.833333333333334,0.07496028352221577,100.0
0.8333333333333334,0.7971992497233373,250.0
11.166666666666666,0.19065130497078983,100.0
14.333333333333334,0.08646441632873776,10.0
8.833333333333334,0.2570149087653087,250.0
19.0,0.04400036259322778,10.0
10.166666666666666,0.22684143862511436,100.0
17.5,0.06066897610868052,100.0
16.833333333333332,0.058486013070282755,10.0
14.333333333333334,0.1023496867747534,100.0
12.5,0.12089327544580748,100.0
19.5,0.05029150679518695,10.0
17.833333333333332,0.052683869472898597,10.0
13.833333333333334,0.10989353336363916,100.0
9.833333333333334,0.22837620142966017,100.0
17.666666666666668,0.06124951451959144,10.0
0.6666666666666666,1.0,250.0
14.5,0.08802119439270896,10.0
15.833333333333334,0.07707116351227078,10.0
13.0,0.1273605422646497,100.0
14.166666666666666,0.11340307453593386,100.0
8.166666666666666,0.2994488867730892,250.0
17.333333333333332,0.05781000019705631,10.0
11.5,0.13857307401208915,100.0
18.666666666666668,0.05246985574034864,10.0
16.333333333333332,0.0767384913724839,10.0
10.666666666666666,0.19998560951563485,250.0
15.666666666666666,0.06793289638829207,100.0
17.166666666666668,0.07257601081453849,100.0
15.166666666666666,0.08548932036878754,100.0
15.0,0.08527521300740297,100.0
19.333333333333332,0.0484247272588288,10.0
15.666666666666666,0.08201480572404249,10.0
12.833333333333334,0.1328632026654721,100.0
18.5,0.04837467129429777,10.0
18.5,0.06205465642281144,100.0
12.166666666666666,0.17310062087296071,100.0
16.166666666666668,0.07483031251494578,100.0
3.0,0.6079650531308426,250.0
15.833333333333334,0.07047415588407982,100.0
17.666666666666668,0.051190898773403215,100.0
7.5,0.2640741002375825,250.0
1.3333333333333333,0.6893674223970068,100.0
10.333333333333334,0.22691529510561417,250.0
0.8333333333333334,0.5366079549362006,250.0
15.333333333333334,0.08799402590367755,100.0
0.6666666666666666,1.0,250.0
17.166666666666668,0.06782453268162444,100.0
14.166666666666666,0.10848766867950932,100.0
15.666666666666666,0.07361448386210259,10.0
12.0,0.18917704131248297,250.0
2.3333333333333335,0.4889539537333118,250.0
15.333333333333334,0.09629258757694982,100.0
17.833333333333332,0.056132122304867096,100.0
17.333333333333332,0.0593565404468159,10.0
3.1666666666666665,0.5717173110416891,250.0
19.166666666666668,0.051569762410854994,10.0
14.833333333333334,0.09475997817702919,250.0
18.0,0.06143855609922846,10.0
0.16666666666666666,1.0,250.0
7.666666666666667,0.33368805396109313,100.0
20.0,0.044720774622208366,10.0
19.0,0.049038371313218546,10.0
8.166666666666666,0.292990324668613,250.0
5.5,0.4974402360112797,250.0
14.833333333333334,0.09014235639969127,10.0
17.166666666666668,0.05616239382050297,100.0
16.166666666666668,0.07574861867552285,10.0
14.833333333333334,0.10180981256681339,100.0
18.0,0.05193787188988325,10.0
18.833333333333332,0.05586691854940993,10.0
13.0,0.1058999193652409,250.0
12.166666666666666,0.12890042317622968,100.0
9.166666666666666,0.2496080081479284,250.0
16.166666666666668,0.06777852233437091,100.0
14.166666666666666,0.11614414172163805,100.0
0.16666666666666666,1.0,250.0
16.333333333333332,0.06666952931478201,100.0
11.833333333333334,0.15493156075206105,100.0
7.666666666666667,0.3167128684689045,250.0
17.666666666666668,0.057608505312413925,10.0
15.666666666666666,0.07988635494797733,10.0
19.0,0.05133966312082689,10.0
2.5,0.453031932764389,250.0
19.666666666666668,0.04837713292020057,10.0
14.5,0.09415205098818386,60.0
13.0,0.13817867452679233,100.0
3.3333333333333335,0.6587051466629359,250.0
10.833333333333334,0.18919281230879187,100.0
17.5,0.06616658768822457,10.0
8.666666666666666,0.2702069477335633,250.0
12.166666666666666,0.14187291261696908,10.0
13.833333333333334,0.11448012941126827,250.0
14.666666666666666,0.08825155511053438,100.0
16.666666666666668,0.07292302816158079,10.0
0.3333333333333333,1.0,250.0
15.333333333333334,0.07850571766114466,250.0
18.166666666666668,0.05394951703503472,10.0
20.333333333333332,0.04701533294234694,10.0
15.333333333333334,0.0902085439397615,100.0
0.16666666666666666,1.0,250.0
7.833333333333333,0.312403328234437,250.0
15.166666666666666,0.07770519829598052,10.0
12.5,0.12127049263662552,100.0
16.0,0.08112081210194083,100.0
11.166666666666666,0.19503063534964468,250.0
0.16666666666666666,1.0,250.0
19.0,0.05275754480527282,10.0
15.166666666666666,0.08420888506570606,100.0
18.833333333333332,0.04467881202921435,10.0
6.666666666666667,0.39314571708770923,250.0
0.16666666666666666,1.0,250.0
20.166666666666668,0.04414923568425159,10.0
19.5,0.04712977383885417,10.0
0.8333333333333334,0.6260403022720925,250.0
15.833333333333334,0.08204746341638433,100.0
14.0,0.09441511834874253,250.0
19.166666666666668,0.0471493538321694,10.0
17.5,0.06328543756560683,10.0
17.166666666666668,0.0669583917782675,100.0
17.5,0.06419599562250677,10.0
15.333333333333334,0.08190001470759255,250.0
19.0,0.0488299453543993,10.0
1.1666666666666667,0.750140460861626,250.0
0.16666666666666666,1.0,250.0
17.0,0.060333118273449275,10.0
15.833333333333334,0.06565199937960924,100.0
13.833333333333334,0.11140909200756652,100.0
16.333333333333332,0.06601035492953912,10.0
12.333333333333334,0.13563847201920343,100.0
17.166666666666668,0.06510719846657549,10.0
18.666666666666668,0.04848506133777563,10.0
0.3333333333333333,1.0,250.0
16.833333333333332,0.057671898517736145,100.0
1.1666666666666667,0.4240873715624614,250.0
19.666666666666668,0.04502738263297278,100.0
17.666666666666668,0.04997976316199413,10.0
1.0,0.8357930409122606,250.0
12.5,0.13525571558993563,100.0
16.166666666666668,0.07593223920872298,10.0
14.833333333333334,0.07898784747492195,10.0
16.0,0.07897189010325789,100.0
13.833333333333334,0.10763492240810882,100.0
15.666666666666666,0.07557814407490966,250.0
19.0,0.05183085271907025,10.0
15.333333333333334,0.09554380135273305,100.0
17.5,0.0542708681703124,100.0
0.3333333333333333,1.0,250.0
13.0,0.1312281206618919,10.0
17.5,0.055209835780254124,10.0
16.0,0.07747949173352893,250.0
18.666666666666668,0.050580379179219224,100.0
14.5,0.07992279328735014,100.0
4.0,0.3705870167110076,100.0
0.3333333333333333,1.0,250.0
20.333333333333332,0.047379323422155825,10.0
1.6666666666666667,0.8436454841100136,250.0
19.0,0.05051623069046126,10.0
0.16666666666666666,1.0,250.0
19.333333333333332,0.045554967682257926,10.0
9.333333333333334,0.23157044915630393,250.0
11.5,0.16591488009085054,100.0
16.166666666666668,0.065366616307734,100.0
13.166666666666666,0.1333024064747525,250.0
13.666666666666666,0.10099495505972775,100.0
19.666666666666668,0.04475219169732416,10.0
3.0,0.6059150722985905,250.0
1.3333333333333333,1.2032674292106833,250.0
17.333333333333332,0.05769998182219393,10.0
19.333333333333332,0.04554708300358804,10.0
16.666666666666668,0.06274725699336278,10.0
0.6666666666666666,1.0,250.0
16.333333333333332,0.06461102731167244,10.0
16.166666666666668,0.07767513446520294,10.0
7.666666666666667,0.2924216528982202,100.0
15.666666666666666,0.06464776238091426,250.0
2.6666666666666665,0.6815544601661887,250.0
19.333333333333332,0.042458523797762444,10.0
0.8333333333333334,0.7348532696866692,250.0
0.6666666666666666,1.0,250.0
11.833333333333334,0.14817281938888452,100.0
16.333333333333332,0.06833528035383087,100.0
16.666666666666668,0.06639837738680805,10.0
19.0,0.04645152483785655,100.0
16.666666666666668,0.058546071419101564,10.0
19.166666666666668,0.04735042248081677,10.0
18.333333333333332,0.048770397346872114,10.0
7.666666666666667,0.2888755514522355,100.0
8.333333333333334,0.3282794681917139,250.0
20.0,0.041139933232580424,10.0
21.666666666666668,0.04083450148574071,10.0
15.666666666666666,0.07048392746841857,100.0
18.0,0.05070782012057541,100.0
3.6666666666666665,0.5982959527387856,250.0
17.5,0.05844710174214286,10.0
1.6666666666666667,0.6346661763351137,250.0
0.3333333333333333,1.0,250.0
14.666666666666666,0.09470840725000527,100.0
6.166666666666667,0.39872885478459896,250.0
12.333333333333334,0.1335327524444942,100.0
19.833333333333332,0.04624883993118726,10.0
19.166666666666668,0.046858091662971155,10.0
16.833333333333332,0.06229585892930131,100.0
17.0,0.052081448274562556,60.0
1.6666666666666667,0.5282001910383891,100.0
21.5,0.03543027122992839,10.0
16.833333333333332,0.06492174602689851,10.0
19.666666666666668,0.05199140012426053,10.0
1.6666666666666667,0.6617348971122443,250.0
18.833333333333332,0.04933891885907525,10.0
18.666666666666668,0.054093221542270184,10.0
20.0,0.04532538012717784,10.0
15.5,0.07739333833818293,100.0
0.6666666666666666,1.0,250.0
19.5,0.048674390141717844,10.0
0.16666666666666666,1.0,250.0
9.333333333333334,0.2354916811143518,100.0
13.833333333333334,0.1036039824922649,10.0
17.0,0.06391096123737922,100.0
19.5,0.04494213200272393,100.0
16.0,0.06461508332420801,100.0
18.333333333333332,0.05838765904200452,10.0
19.833333333333332,0.04483281132348133,10.0
13.833333333333334,0.11433776649200576,100.0
16.333333333333332,0.06364389539745513,100.0
12.166666666666666,0.14771871798793756,100.0
15.5,0.0757003722107271,10.0
12.0,0.14231292756358888,100.0
18.333333333333332,0.053565029901393835,10.0
19.666666666666668,0.04535298748817599,10.0
13.5,0.09774404444495348,100.0
16.666666666666668,0.06743347309369684,10.0
20.0,0.043594290225923135,10.0
8.166666666666666,0.3164950445101553,250.0
17.5,0.05709194186693119,100.0
16.833333333333332,0.0603568697549737,10.0
3.1666666666666665,0.43679332648483665,250.0
15.5,0.0761070039025605,100.0
20.333333333333332,0.0442001401639589,10.0
4.333333333333333,0.5000644083773055,10.0
18.333333333333332,0.05062240426420405,10.0
5.333333333333333,0.3568079858675724,250.0
0.5,1.0,250.0
20.0,0.04343339710076601,10.0
18.833333333333332,0.04437647959662115,10.0
18.166666666666668,0.05097268410025642,100.0
11.666666666666666,0.14211172516295004,250.0
18.5,0.05187522904644896,10.0
0.3333333333333333,1.0,250.0
7.666666666666667,0.3426330444809998,250.0
15.5,0.07234079984880448,10.0
16.166666666666668,0.07651197662972722,100.0
19.0,0.04399040599629288,100.0
0.5,1.0,250.0
2.1666666666666665,1.16687014583261,250.0
7.166666666666667,0.38310212904829877,250.0
17.5,0.05871988627933032,100.0
18.666666666666668,0.0510392182260137,10.0
12.333333333333334,0.1373462967616142,100.0
17.166666666666668,0.05184784972499179,100.0
9.833333333333334,0.2250330468221406,250.0
17.0,0.054554894876237894,100.0
9.0,0.2366142288076916,100.0
19.833333333333332,0.047003757174777824,10.0
16.166666666666668,0.062356158185073715,100.0
17.5,0.057468401233637105,10.0
18.166666666666668,0.05498571471870536,10.0
0.6666666666666666,1.0,250.0
18.833333333333332,0.043597680489972625,10.0
19.5,0.03999097308292947,10.0
0.16666666666666666,1.0,250.0
7.5,0.3179202013798709,100.0
10.833333333333334,0.19135156859063304,250.0
18.833333333333332,0.0531838205854755,10.0
17.666666666666668,0.05773332570511785,100.0
15.833333333333334,0.08099464483540235,250.0
12.666666666666666,0.1238176399516491,100.0
13.833333333333334,0.1043153840967791,100.0
17.833333333333332,0.05600269160082104,10.0
16.5,0.06864495738905413,100.0
10.5,0.15118992325092398,100.0
0.3333333333333333,1.0,250.0
15.0,0.09550849825550116,100.0
10.666666666666666,0.1945627190594349,250.0
18.166666666666668,0.06450025122144684,10.0
5.5,0.440937949808307,250.0
18.333333333333332,0.054733233194366245,10.0
18.666666666666668,0.05181308259683878,10.0
14.166666666666666,0.0846736450446363,100.0
18.0,0.05777866883974381,10.0
15.833333333333334,0.07252531784037063,100.0
20.833333333333332,0.04470582057405707,10.0
14.666666666666666,0.09125183668688876,100.0
17.333333333333332,0.058425995315651104,10.0
13.166666666666666,0.13845894494430813,250.0
2.8333333333333335,0.6718295017033159,250.0
14.666666666666666,0.09872727814329764,10.0
10.833333333333334,0.21155776746856633,100.0
16.666666666666668,0.06563851926120792,100.0
15.166666666666666,0.08608069284884727,100.0
11.0,0.18287715275138397,10.0
4.0,0.4774703808413557,250.0
1.0,0.500811205682252,250.0
20.666666666666668,0.04423919463183747,10.0
3.5,0.45151794567832615,250.0
14.833333333333334,0.09059107063156079,250.0
17.5,0.05659515215563732,10.0
20.5,0.04350556078538801,10.0
13.833333333333334,0.10389419430834644,250.0
10.166666666666666,0.19163853904216407,250.0
17.0,0.07083364634989969,10.0
15.5,0.07155100149260507,100.0
16.833333333333332,0.06580896446838122,10.0
18.333333333333332,0.058588328925056575,10.0
7.5,0.32808092705647157,250.0
17.833333333333332,0.05719937114075871,100.0
0.16666666666666666,1.0,250.0
19.666666666666668,0.04505711996062551,10.0
0.16666666666666666,1.0,250.0
2.6666666666666665,0.571514923629434,250.0
18.166666666666668,0.055742087783021775,10.0
11.666666666666666,0.1863679943384694,250.0
12.333333333333334,0.15476739820805135,100.0
17.0,0.05553681990591652,10.0
16.166666666666668,0.06488053965484403,10.0
3.6666666666666665,0.46534744603393335,250.0
14.166666666666666,0.12639100180763632,250.0
16.666666666666668,0.06869364880352535,100.0
16.166666666666668,0.06488369793827432,10.0
21.0,0.03888400231554414,10.0
14.333333333333334,0.10064805791937594,250.0
18.0,0.0626002710696752,10.0
11.666666666666666,0.16326762826441205,250.0
19.166666666666668,0.042899555834738194,10.0
10.166666666666666,0.20735830395232033,250.0
14.833333333333334,0.09064829560469935,100.0
8.0,0.30257110960357614,100.0
15.833333333333334,0.07446275806438131,100.0
17.666666666666668,0.05662280623615611,10.0
20.166666666666668,0.04952056878207889,10.0
13.5,0.12173680905139829,10.0
12.166666666666666,0.15415566323603977,10.0
19.833333333333332,0.054447907589491314,10.0
15.0,0.0991496997759269,100.0
15.0,0.08953691508068877,100.0
19.833333333333332,0.04289130554943077,10.0
14.5,0.09599046639971044,100.0
8.833333333333334,0.29720346242525186,250.0
14.666666666666666,0.08163730065186926,10.0
0.16666666666666666,1.0,250.0
14.5,0.09385883785873719,100.0
11.0,0.1785093858110868,100.0
18.166666666666668,0.046638999637436146,100.0
17.833333333333332,0.060154091255940234,10.0
3.5,0.7937161879746937,250.0
8.666666666666666,0.25557061367217315,100.0
8.666666666666666,0.273144230062988,250.0
17.166666666666668,0.06787041372552972,100.0
18.666666666666668,0.0501786858246924,10.0
17.333333333333332,0.058261116948412614,100.0
17.833333333333332,0.061857409746657016,10.0
1.1666666666666667,0.6892715981271301,100.0
15.166666666666666,0.08257693125303492,100.0
16.333333333333332,0.08017878140138622,100.0
13.333333333333334,0.11284810507167144,100.0
4.166666666666667,0.7437599130036125,250.0
18.666666666666668,0.05379699018868725,10.0
12.166666666666666,0.1672626301438479,250.0
19.166666666666668,0.054939941737112766,10.0
9.333333333333334,0.2662590330323127,100.0
4.5,0.6694181377189283,250.0
15.5,0.08719192041460008,100.0
13.0,0.12633551269956506,250.0
19.0,0.05196061201098861,10.0
11.0,0.1848725538569479,250.0
9.166666666666666,0.27861265756570264,250.0
7.166666666666667,0.38314798491941116,250.0
11.333333333333334,0.16988094719355598,250.0
12.833333333333334,0.1516404179741817,100.0
11.333333333333334,0.1643882151244383,100.0
19.0,0.04953516288966444,10.0
12.5,0.14868426524266817,100.0
15.666666666666666,0.08162459257199897,100.0
15.833333333333334,0.08017391580352752,10.0
5.333333333333333,0.4564929185593505,100.0
17.0,0.06328282863592734,100.0
16.5,0.0720061378215677,100.0
18.333333333333332,0.05410861459480746,10.0
10.666666666666666,0.16197393090935946,100.0
2.8333333333333335,0.5039318976086596,250.0
15.833333333333334,0.0763744359828261,100.0
16.166666666666668,0.06729980255749914,60.0
15.0,0.09263009021315882,10.0
19.0,0.04723447862461831,10.0
0.16666666666666666,1.0,250.0
0.5,1.0,250.0
17.5,0.056411001623908434,10.0
16.666666666666668,0.06458654794016774,10.0
17.833333333333332,0.05794716114583663,100.0
12.333333333333334,0.13477739397233504,100.0
19.0,0.047231334707972576,10.0
18.0,0.04958109961603782,10.0
18.666666666666668,0.05456231423934205,10.0
18.166666666666668,0.060112801460670016,10.0
14.833333333333334,0.08932955660639993,10.0
6.166666666666667,0.4108502855650989,250.0
15.833333333333334,0.07614249052472195,10.0
13.0,0.14790193193765763,100.0
17.833333333333332,0.05214517825313555,10.0
20.833333333333332,0.04279680776614097,10.0
6.5,0.3857125703563057,250.0
14.166666666666666,0.10069699672866904,100.0
12.833333333333334,0.12504606422307296,100.0
12.0,0.15224749934656107,100.0
12.666666666666666,0.1270915982284422,100.0
18.166666666666668,0.056197290493958094,10.0
1.5,0.3948790200878453,100.0
20.0,0.05148162244116008,10.0
6.166666666666667,0.31791858343955626,100.0
18.833333333333332,0.04782246663979819,10.0
18.5,0.0512915775356077,10.0
12.333333333333334,0.15778986424799454,250.0
6.333333333333333,0.45167658928333654,100.0
0.8333333333333334,1.0649020360592878,250.0
15.5,0.08502926015396395,100.0
17.666666666666668,0.05946602196163201,10.0
17.5,0.05406335601356273,10.0
14.666666666666666,0.0857622502439201,100.0
15.5,0.07976116281533166,100.0
17.833333333333332,0.05812989274637047,100.0
12.333333333333334,0.1240040363936765,100.0
19.5,0.04608022786509757,10.0
4.333333333333333,0.4926854657407908,250.0
18.0,0.04731971690775278,10.0
17.833333333333332,0.05356636774725107,100.0
15.166666666666666,0.07808095225689052,10.0
17.5,0.0627107287537918,10.0
14.833333333333334,0.07941453113658739,10.0
0.6666666666666666,1.0,250.0
11.333333333333334,0.1784383081562998,100.0
1.5,0.7810770445122861,250.0
14.666666666666666,0.0962463848992903,250.0
1.8333333333333333,0.7732592816826444,250.0
14.166666666666666,0.09135898377816175,100.0
15.333333333333334,0.08299251152130697,250.0
7.0,0.4062957795573659,250.0
1.5,0.686994146617774,250.0
18.666666666666668,0.0503752478070408,10.0
17.5,0.05462013962252435,10.0
18.5,0.05544850023086015,10.0
1.6666666666666667,0.5608809087224264,100.0
18.666666666666668,0.054085411712633334,10.0
18.166666666666668,0.048519527240475875,100.0
8.0,0.32856267841768344,100.0
11.0,0.17289700755959397,100.0
15.166666666666666,0.09188577473668345,100.0
16.0,0.07477461829642881,10.0
0.16666666666666666,1.0,250.0
6.0,0.4636094056047198,250.0
17.833333333333332,0.057077443706670256,100.0
11.166666666666666,0.2079028802764837,250.0
14.666666666666666,0.08999958286590268,100.0
11.166666666666666,0.16352175483265521,100.0
19.833333333333332,0.04563932909696362,10.0
19.0,0.05679040052467505,10.0
1.5,0.5018723086896257,250.0
15.5,0.08677082574997327,100.0
19.166666666666668,0.04970866507650305,100.0
5.5,0.40865551219531165,250.0
19.333333333333332,0.04702846052786493,10.0
15.666666666666666,0.07084702072042655,100.0
13.0,0.138894197725416,100.0
19.666666666666668,0.04032743359618948,10.0
3.3333333333333335,0.596549166401564,100.0
2.5,0.8261589099191262,250.0
3.8333333333333335,0.6489727836293958,100.0
16.166666666666668,0.07676412821261296,100.0
1.1666666666666667,0.7576770951982644,250.0
18.833333333333332,0.048004100676368476,10.0
17.0,0.05523190544455598,100.0
17.0,0.06000258026974209,10.0
2.5,0.6616799242070881,250.0
15.333333333333334,0.08458869548925976,100.0
16.666666666666668,0.06234950636536756,100.0
6.833333333333333,0.33054823808963346,100.0
12.833333333333334,0.15083854144489967,250.0
16.166666666666668,0.06844504498600495,100.0
0.6666666666666666,1.0,250.0
11.666666666666666,0.13354828568775676,10.0
16.833333333333332,0.062424730500445086,10.0
2.1666666666666665,0.5476127511092388,250.0
7.333333333333333,0.2976956826001714,250.0
18.333333333333332,0.05308776972474295,100.0
1.1666666666666667,0.6771899019213411,250.0
12.833333333333334,0.12067129410222881,250.0
12.166666666666666,0.15264858975769452,100.0
12.5,0.13050714594179177,250.0
19.0,0.05638679845506428,10.0
1.1666666666666667,0.6006048494160885,250.0
9.666666666666666,0.23804156144950783,250.0
20.666666666666668,0.03890615866795742,10.0
3.3333333333333335,0.5785521146825287,250.0
8.5,0.3123982241279322,250.0
0.16666666666666666,1.0,250.0
16.166666666666668,0.06367080161543719,10.0
20.0,0.047508672623871324,10.0
9.5,0.208861157697063,250.0
15.0,0.07541908921490661,10.0
17.833333333333332,0.049467506139315026,10.0
18.166666666666668,0.05207848695300464,100.0
17.333333333333332,0.055894357313627054,250.0
16.333333333333332,0.06373254787933266,100.0
9.666666666666666,0.26070974252506773,100.0
9.333333333333334,0.24634892949111956,100.0
17.166666666666668,0.06979188545476338,10.0
18.0,0.05811442324150002,10.0
18.5,0.0487326306860286,10.0
0.3333333333333333,1.0,250.0
12.166666666666666,0.16176091112520655,250.0
16.0,0.06659227078783304,60.0
4.333333333333333,0.41110184868688726,250.0
16.166666666666668,0.07852960405082779,10.0
19.0,0.05177585549137187,10.0
12.833333333333334,0.11661386846925975,250.0
19.5,0.05123374072441987,10.0
16.833333333333332,0.06774141776762163,100.0
3.6666666666666665,0.6225040277213091,250.0
14.0,0.10340365964529363,100.0
18.666666666666668,0.0543140806479948,100.0
12.666666666666666,0.13325830460524937,250.0
7.0,0.41709791545804625,250.0
4.0,0.42314477057188915,250.0
15.833333333333334,0.08557445938347287,100.0
15.333333333333334,0.07310885382903268,10.0
19.166666666666668,0.04584472630614194,10.0
13.333333333333334,0.12388314605145978,250.0
4.0,0.43566342026044763,250.0
8.166666666666666,0.3603657830648365,250.0
18.666666666666668,0.0458835237805902,10.0
15.0,0.0836817792798752,100.0
17.666666666666668,0.06275759060291965,100.0
16.166666666666668,0.08224078748722347,10.0
7.166666666666667,0.29196046285480526,100.0
4.5,0.5399646490400185,100.0
19.166666666666668,0.044013123088647244,10.0
1.3333333333333333,0.7709706983205669,250.0
12.166666666666666,0.14188416973769416,10.0
8.166666666666666,0.3144624457332309,250.0
16.333333333333332,0.07474892866658882,10.0
9.166666666666666,0.28113839110588895,100.0
9.333333333333334,0.2249039694107455,100.0
0.3333333333333333,1.0,250.0
19.833333333333332,0.04793237904082266,10.0
15.833333333333334,0.08027814147761195,100.0
13.0,0.13170961309772128,100.0
18.666666666666668,0.05053867511496235,10.0
17.333333333333332,0.06271047668000981,10.0
20.166666666666668,0.04547317286566575,10.0
0.8333333333333334,0.0946077971542248,250.0
17.0,0.0615819990399854,10.0
19.666666666666668,0.04932185899585954,10.0
12.0,0.1575289252194536,250.0
14.5,0.09273547115835386,100.0
14.5,0.09932309582777421,250.0
17.0,0.06066070704036963,100.0
19.666666666666668,0.043613692029804946,10.0
15.166666666666666,0.08306929212362453,100.0
3.6666666666666665,0.590482059893275,250.0
15.166666666666666,0.0784009100158347,100.0
17.0,0.06436662389155462,250.0
13.0,0.10152611228551861,100.0
2.8333333333333335,0.6190899510136076,250.0
17.5,0.05790703311219355,10.0
18.166666666666668,0.049721738181034716,100.0
2.0,0.6441633642281718,250.0
15.666666666666666,0.06622228422265032,100.0
9.5,0.24042488511064666,100.0
0.6666666666666666,1.0,250.0
17.666666666666668,0.05534298935647529,10.0
0.16666666666666666,1.0,250.0
11.666666666666666,0.15365470385290672,250.0
19.0,0.048040353389741774,10.0
5.833333333333333,0.4069559623208854,250.0
18.833333333333332,0.051608891225190086,10.0
10.333333333333334,0.18341005673478214,250.0
18.666666666666668,0.056163336695415456,10.0
8.166666666666666,0.31438011051545606,250.0
17.0,0.05919988595435748,100.0
8.666666666666666,0.22666389975314766,250.0
13.0,0.11477534898416838,250.0
18.666666666666668,0.04926344224835172,10.0
12.5,0.1358370566685807,10.0
20.833333333333332,0.04252357414881409,10.0
15.333333333333334,0.08432819374532739,100.0
8.166666666666666,0.3045807753567601,250.0
7.166666666666667,0.31675822733368086,250.0
0.5,1.0,250.0
2.8333333333333335,0.45657651837663393,100.0
13.333333333333334,0.12151570658693614,100.0
1.8333333333333333,0.7696109927313207,250.0
19.166666666666668,0.05286646600581468,100.0
10.333333333333334,0.195398584193539,100.0
8.5,0.27237168642440274,250.0
17.0,0.06187815961440539,100.0
17.666666666666668,0.05952744243125242,10.0
10.166666666666666,0.21188110535618834,100.0
16.666666666666668,0.06294075306334328,10.0
10.333333333333334,0.17036602864742123,250.0
14.833333333333334,0.08650686601571492,250.0
9.666666666666666,0.21680195825401608,250.0
18.166666666666668,0.052809203577927455,10.0
18.666666666666668,0.04851799393872903,100.0
18.166666666666668,0.05520888187856771,100.0
16.5,0.07961853192074757,100.0
17.333333333333332,0.06604692659138113,60.0
13.666666666666666,0.12013120809178966,100.0
17.666666666666668,0.05559611756657837,100.0
13.666666666666666,0.11895945655427057,100.0
20.666666666666668,0.03751304369007206,10.0
9.0,0.19462265255538053,100.0
15.166666666666666,0.0793794897402314,100.0
17.833333333333332,0.05860804513206305,10.0
12.833333333333334,0.13968469306775083,100.0
16.333333333333332,0.06262878428816315,10.0
19.166666666666668,0.05292207230698704,10.0
18.833333333333332,0.047016242040739224,10.0
19.5,0.04705517598629371,10.0
8.833333333333334,0.2212955293901928,250.0
15.833333333333334,0.07097606455662828,10.0
0.5,1.0,250.0
1.1666666666666667,0.6370075847521435,250.0
14.166666666666666,0.08170873528368065,100.0
19.5,0.05069973444558213,10.0
17.833333333333332,0.05380628657537519,10.0
15.833333333333334,0.06414186687818914,100.0
17.5,0.05874557801679938,10.0
0.8333333333333334,0.3153687613073984,100.0
5.666666666666667,0.3783701077833716,250.0
4.666666666666667,0.44260972184441977,100.0
15.0,0.07373893672656455,100.0
15.333333333333334,0.08801341645765907,10.0
6.833333333333333,0.3827773114408195,250.0
14.5,0.09857599642173705,100.0
16.5,0.06740434640466308,100.0
18.5,0.051064567167431324,100.0
18.833333333333332,0.049889439145599665,10.0
16.833333333333332,0.06212486360433946,10.0
16.166666666666668,0.0698648305880906,10.0
16.166666666666668,0.07282192110572339,10.0
11.166666666666666,0.1713384869621475,100.0
11.333333333333334,0.17097511851981426,250.0
18.5,0.054383165567678804,10.0
21.0,0.03927509051155477,10.0
14.166666666666666,0.11694552969231939,250.0
4.0,0.4862676904137953,250.0
18.833333333333332,0.051155469509682715,10.0
19.166666666666668,0.04790650471656169,10.0
19.5,0.049295465045451736,10.0
12.0,0.15118233818378304,100.0
15.5,0.07683474136893162,250.0
3.8333333333333335,0.4426606814326594,100.0
13.166666666666666,0.11058029485684766,100.0
19.5,0.045452642448728105,10.0
17.0,0.05870971632027183,100.0
18.0,0.048996108519939956,10.0
18.0,0.05312250949646162,100.0
7.5,0.3635563266919412,100.0
14.166666666666666,0.10360065263018138,10.0
3.1666666666666665,0.6920812111924542,250.0
16.333333333333332,0.06850815144323451,10.0
14.5,0.0967369572565158,100.0
2.8333333333333335,0.5448386703604526,250.0
2.5,0.8473655092060779,250.0
18.833333333333332,0.049886348071304924,10.0
13.666666666666666,0.11617466618765541,100.0
19.666666666666668,0.04832603907359765,10.0
18.666666666666668,0.05545590785971373,10.0
11.833333333333334,0.15039021255064303,100.0
18.166666666666668,0.048170774557412914,10.0
8.5,0.3223876112973281,250.0
19.0,0.04794766051893468,100.0
14.0,0.09666036542347592,100.0
13.0,0.1023658232995375,100.0
19.0,0.05520811664797525,10.0
7.833333333333333,0.3161095288865709,250.0
13.666666666666666,0.10355824673909679,250.0
22.166666666666668,0.03888478211193627,10.0
7.5,0.31325491689739443,250.0
19.5,0.04767776227775502,10.0
13.5,0.10908758820558108,100.0
12.5,0.14305402220919095,100.0
18.0,0.05507538160946654,10.0
18.166666666666668,0.05382783630131298,10.0
15.833333333333334,0.08229942038935865,100.0
11.166666666666666,0.1908766423036201,250.0
1.3333333333333333,0.9403466232188189,250.0
8.833333333333334,0.23141168655862396,100.0
17.833333333333332,0.05302595023371441,100.0
15.0,0.08695389913248577,250.0
13.0,0.12087674016857748,100.0
16.333333333333332,0.06272098343334793,10.0
16.0,0.06937383125905533,100.0
18.5,0.0583325368845106,10.0
19.333333333333332,0.047139266461259814,10.0
15.333333333333334,0.08114502868230507,10.0
18.666666666666668,0.05140713237093107,10.0
20.666666666666668,0.04095645197740065,100.0
10.166666666666666,0.2142871442227988,100.0
12.5,0.13237426719428724,100.0
16.166666666666668,0.07472046458683375,100.0
8.333333333333334,0.30190272242345095,250.0
2.6666666666666665,0.6145581306015756,250.0
18.666666666666668,0.05161082518787781,10.0
9.166666666666666,0.2744388189183437,250.0
16.0,0.0607498508617664,10.0
18.0,0.05518971546097439,100.0
14.333333333333334,0.09445269919559082,100.0
18.5,0.05232429602094582,10.0
1.3333333333333333,0.5662285558485977,250.0
15.833333333333334,0.07058325855638076,100.0
15.5,0.07899460837593841,10.0
19.166666666666668,0.054813744116184476,10.0
16.333333333333332,0.07282538803636568,100.0
2.0,0.5143132905574838,250.0
18.833333333333332,0.05102709823574721,10.0
10.5,0.18246249033618891,100.0
17.166666666666668,0.06054066554164021,10.0
17.666666666666668,0.054801339441359585,100.0
0.16666666666666666,1.0,250.0
18.333333333333332,0.05350918943983015,100.0
18.833333333333332,0.05133900769974273,10.0
10.0,0.21677774524002752,250.0
6.666666666666667,0.3661940994858154,250.0
8.5,0.27719376266057844,250.0
8.0,0.3733125620422065,100.0
18.666666666666668,0.04999481876319871,100.0
18.666666666666668,0.04709989114802919,10.0
7.833333333333333,0.2851451885888362,250.0
2.1666666666666665,0.5799870140454049,250.0
17.666666666666668,0.05073079173623954,10.0
20.0,0.04102872375866085,10.0
7.166666666666667,0.47066614285755093,250.0
16.666666666666668,0.064006005966807,10.0
18.333333333333332,0.053355387352869266,10.0
14.166666666666666,0.10293753175648387,100.0
15.333333333333334,0.088888129654624,10.0
16.333333333333332,0.0628255143688615,100.0
15.833333333333334,0.06655712284276456,100.0
19.0,0.053054320644423746,10.0
21.0,0.04281417790982038,10.0
11.166666666666666,0.1501472296866295,250.0
13.666666666666666,0.12043200753614457,100.0
18.833333333333332,0.04885909547302967,10.0
15.333333333333334,0.07000823413383592,100.0
8.666666666666666,0.23364656835076297,250.0
16.5,0.0626748388951284,100.0
9.0,0.27829717382683433,250.0
13.666666666666666,0.11072027998763138,100.0
0.16666666666666666,1.0,250.0
13.833333333333334,0.10431028359564105,250.0
9.5,0.28718857539178194,250.0
18.0,0.0555048778177793,100.0
15.166666666666666,0.08319860280302314,250.0
13.833333333333334,0.10747242916073281,100.0
14.5,0.09041031258540948,60.0
13.666666666666666,0.10177702204593733,100.0
19.166666666666668,0.04913587459422388,100.0
10.833333333333334,0.17807092914930056,250.0
8.5,0.24083364664656756,250.0
16.666666666666668,0.06592949244452607,100.0
17.0,0.06395523256403655,100.0
12.833333333333334,0.11052667146355714,250.0
15.333333333333334,0.07888806090577702,100.0
16.666666666666668,0.06804703553813751,10.0
17.666666666666668,0.05418059128261887,10.0
13.166666666666666,0.11167342153734765,100.0
17.333333333333332,0.053937347738043276,10.0
2.1666666666666665,0.5074740377252495,250.0
13.333333333333334,0.12477941064808917,100.0
17.666666666666668,0.05166333814966636,10.0
20.833333333333332,0.04734204870748922,10.0
0.3333333333333333,1.0,250.0
15.833333333333334,0.06677373878101821,100.0
14.333333333333334,0.09372768471773861,100.0
16.5,0.06033912138193469,100.0
16.833333333333332,0.0598720178517831,100.0
11.5,0.14466854326523454,250.0
0.5,1.0,250.0
19.0,0.051565761685614976,100.0
15.833333333333334,0.08646085790952712,100.0
0.3333333333333333,1.0,250.0
14.0,0.1046495235974174,250.0
12.833333333333334,0.1092115101188517,100.0
6.5,0.35470295705771027,250.0
14.833333333333334,0.08789467789150741,100.0
17.666666666666668,0.05666697246576441,10.0
20.666666666666668,0.04816915334411275,10.0
18.833333333333332,0.052691173589971864,10.0
12.666666666666666,0.13359647404976685,100.0
17.0,0.06331028758797369,10.0
19.5,0.04699864024030545,10.0
3.5,0.4948807550836514,100.0
13.333333333333334,0.12527543375687225,250.0
16.166666666666668,0.07567360020739919,100.0
5.666666666666667,0.4620423129089311,250.0
18.166666666666668,0.047896654512990196,10.0
3.3333333333333335,0.4525719240009018,250.0
15.5,0.08584030847069045,100.0
12.5,0.1411433645981101,100.0
7.166666666666667,0.32986309968153904,250.0
17.833333333333332,0.05312788270134374,100.0
0.5,1.0,250.0
17.5,0.05727625655022032,10.0
20.333333333333332,0.04863012677617322,10.0
13.333333333333334,0.1413539368397654,250.0
17.0,0.05963385333041614,100.0
2.1666666666666665,0.6303670333525404,250.0
12.0,0.12829890584819167,100.0
18.833333333333332,0.052599921638525365,10.0
17.666666666666668,0.062005664095239874,10.0
15.5,0.08273625456980697,100.0
15.166666666666666,0.07826634024857823,10.0
20.5,0.04186920508888096,10.0
12.833333333333334,0.12390365044077974,250.0
13.833333333333334,0.11827360553308754,250.0
13.666666666666666,0.113615478312983,10.0
20.166666666666668,0.04120090508401868,10.0
18.166666666666668,0.05014345981751434,10.0
0.16666666666666666,1.0,250.0
11.833333333333334,0.15592755029458089,250.0
14.5,0.09622605799627898,100.0
11.833333333333334,0.16283198717650968,100.0
18.666666666666668,0.05407928783440471,100.0
13.833333333333334,0.11242427706325925,100.0
17.166666666666668,0.07063848235618177,10.0
10.0,0.22926925104445214,250.0
0.6666666666666666,1.0,250.0
17.833333333333332,0.06019499375867889,10.0
10.166666666666666,0.19176918949139427,250.0
12.666666666666666,0.13609179743562239,100.0
21.333333333333332,0.03962863887951914,10.0
19.833333333333332,0.0496523765789585,10.0
19.166666666666668,0.049046009142622624,10.0
7.666666666666667,0.33999213920895044,250.0
17.0,0.06114886892753682,10.0
19.333333333333332,0.051064343132454934,10.0
16.0,0.06786152615405519,10.0
14.666666666666666,0.1061735170681066,10.0
3.5,0.3958569594316505,100.0
17.833333333333332,0.05056948369833838,100.0
17.0,0.061419682550758775,100.0
7.0,0.31604123336141493,250.0
18.666666666666668,0.04928658715643271,10.0
2.0,0.6161524317341853,250.0
12.166666666666666,0.137506278281183,100.0
16.0,0.06818773072860417,100.0
11.0,0.18113389986518733,250.0
18.666666666666668,0.04877664316533618,100.0
1.0,0.6983212228447563,250.0
17.833333333333332,0.05209119480334681,100.0
11.333333333333334,0.17231501223237614,100.0
20.333333333333332,0.043201149787213386,10.0
17.166666666666668,0.060352662523024854,100.0
0.3333333333333333,1.0,250.0
15.666666666666666,0.07809665707388849,100.0
17.5,0.06689569954646148,10.0
13.666666666666666,0.1221830863589922,100.0
17.333333333333332,0.059780296157070124,10.0
16.333333333333332,0.07292930582738591,100.0
14.833333333333334,0.09025998214734948,100.0
18.0,0.05755760544575954,100.0
18.333333333333332,0.05452332852518368,10.0
5.666666666666667,0.40957708590813374,100.0
14.333333333333334,0.09357519177220279,10.0
18.833333333333332,0.04972260761259284,10.0
17.0,0.0660494933421115,100.0
15.333333333333334,0.0772101024622835,10.0
0.5,1.0,250.0
9.833333333333334,0.25081242531675896,250.0
19.833333333333332,0.04525630600941856,10.0
0.3333333333333333,1.0,250.0
13.666666666666666,0.12496439451529202,250.0
18.5,0.05004872607885495,10.0
19.166666666666668,0.04799856152427939,10.0
15.166666666666666,0.09305926650115366,100.0
8.0,0.27275278682045806,100.0
19.666666666666668,0.04442628589351014,10.0
17.5,0.06015297343172938,10.0
4.833333333333333,0.5044732957051442,250.0
12.5,0.11908473954559286,100.0
15.833333333333334,0.06988633013608701,10.0
18.833333333333332,0.05095160022674604,10.0
19.666666666666668,0.04464363228913206,10.0
1.3333333333333333,0.8109689172229877,250.0
13.833333333333334,0.08844539335912077,100.0
19.5,0.04985112323673723,10.0
13.0,0.11995540108008718,250.0
19.5,0.04854385395131841,10.0
16.5,0.06504744994967813,100.0
15.166666666666666,0.0660114198100638,10.0
0.16666666666666666,1.0,250.0
15.666666666666666,0.07236064231055997,10.0
14.166666666666666,0.09456702365588034,100.0
7.166666666666667,0.31499670565333004,250.0
14.0,0.11839188303196345,250.0
19.0,0.049610844116062466,10.0
16.666666666666668,0.05630874421168008,10.0
5.0,0.4928535787227337,250.0
16.833333333333332,0.060701048460281265,10.0
3.3333333333333335,0.49261765790662787,250.0
18.333333333333332,0.05700384591936767,10.0
9.166666666666666,0.228417446211685,250.0
15.833333333333334,0.07660901455083882,10.0
16.833333333333332,0.06205876211176286,100.0
13.5,0.1163579509255089,100.0
12.833333333333334,0.131626181765099,100.0
1.0,0.9125385105576772,250.0
14.833333333333334,0.08649417201069419,100.0
15.333333333333334,0.06578834709567002,10.0
16.0,0.07201324839210958,60.0
18.833333333333332,0.05055149294671907,10.0
13.166666666666666,0.13257194436358102,100.0
15.5,0.07735933121345077,100.0
4.333333333333333,0.84465322106992,250.0
19.333333333333332,0.04811763605041419,10.0
12.666666666666666,0.15536004909586085,250.0
18.333333333333332,0.05474302638652715,10.0
16.833333333333332,0.07171324818617232,10.0
18.833333333333332,0.053211364426084984,100.0
10.833333333333334,0.1924145286217262,100.0
13.166666666666666,0.1306810102328337,100.0
10.666666666666666,0.20623647542890883,100.0
12.166666666666666,0.14388528466584394,250.0
5.833333333333333,0.4569916486125694,250.0
16.5,0.06606437104334378,100.0
0.6666666666666666,1.0,250.0
11.0,0.19505633596721056,10.0
1.6666666666666667,0.6238937900738429,250.0
0.3333333333333333,1.0,250.0
12.5,0.13870444116173086,250.0
19.166666666666668,0.04841750893085651,10.0
13.333333333333334,0.12236929320924576,100.0
7.833333333333333,0.35449262233970297,100.0
18.166666666666668,0.06158019671590006,10.0
0.3333333333333333,1.0,250.0
14.5,0.09565766379378558,250.0
15.833333333333334,0.06641250101548096,100.0
9.0,0.2468456961880212,100.0
15.833333333333334,0.07584675031651254,10.0
17.0,0.0627903861334395,100.0
12.5,0.1106722431112064,10.0
18.333333333333332,0.06012745812274773,10.0
7.833333333333333,0.299073055842975,100.0
12.166666666666666,0.14647826688065219,250.0
20.833333333333332,0.04034929667073597,10.0
5.5,0.36655371960944394,100.0
0.16666666666666666,1.0,250.0
12.0,0.14290282277597086,250.0
6.833333333333333,0.42435472958528214,250.0
11.833333333333334,0.1576167560446015,100.0
0.5,1.0,250.0
15.833333333333334,0.06756758030646325,250.0
7.166666666666667,0.35118888425634903,100.0
1.3333333333333333,1.2860521982776913,250.0
10.166666666666666,0.224729052567963,250.0
3.5,0.5615088414381922,100.0
7.166666666666667,0.3106630156779026,250.0
18.0,0.05121637923039367,10.0
20.0,0.050353143937028944,10.0
7.666666666666667,0.2923385819224935,250.0
14.333333333333334,0.10485397574145153,100.0
3.8333333333333335,0.5110808103560776,100.0
20.0,0.04507475769951296,100.0
12.333333333333334,0.17407241608616322,100.0
16.0,0.06565737692839922,10.0
18.333333333333332,0.04782522934830222,10.0
16.666666666666668,0.07690031602496154,100.0
0.16666666666666666,1.0,250.0
0.6666666666666666,1.0,250.0
16.333333333333332,0.06218416695579148,10.0
0.16666666666666666,1.0,250.0
18.166666666666668,0.04849142324090118,10.0
17.0,0.07181620258359081,100.0
15.333333333333334,0.0744047493568459,100.0
7.333333333333333,0.34692118023271695,250.0
16.666666666666668,0.0725379796111531,10.0
19.666666666666668,0.04642886438653195,10.0
17.833333333333332,0.062222051961271764,10.0
17.333333333333332,0.05799830090775938,100.0
18.333333333333332,0.04720307777892929,10.0
16.666666666666668,0.06149083496047047,10.0
13.666666666666666,0.10689989747893003,250.0
15.0,0.09181652655531039,250.0
17.166666666666668,0.05714156011647336,10.0
18.5,0.04873478272063679,10.0
0.3333333333333333,1.0,250.0
20.0,0.04901936717578359,10.0
6.5,0.3434426353910762,250.0
2.6666666666666665,0.6559613815453105,250.0
6.666666666666667,0.358763028791833,100.0
0.3333333333333333,1.0,250.0
0.16666666666666666,1.0,250.0
8.166666666666666,0.27783284583716855,250.0
2.8333333333333335,0.9052488889772569,250.0
16.0,0.0702843253947541,100.0
13.833333333333334,0.10659756175868161,250.0
16.0,0.07883948146853735,100.0
16.833333333333332,0.07027458820486987,100.0
8.833333333333334,0.29536290918616814,100.0
16.166666666666668,0.07021431697275916,10.0
16.166666666666668,0.0720114471623416,100.0
14.666666666666666,0.09047807453568096,100.0
19.833333333333332,0.043383644175601706,10.0
0.3333333333333333,1.0,250.0
3.6666666666666665,0.3777720525117217,250.0
18.5,0.053195382880185486,10.0
13.333333333333334,0.12508282252138148,100.0
14.166666666666666,0.0981728180052671,250.0
19.166666666666668,0.04529000229088304,10.0
9.0,0.2303928128931172,250.0
11.333333333333334,0.19495445866407726,100.0
18.0,0.060425051549236934,10.0
0.3333333333333333,1.0,250.0
16.5,0.07251089411272763,10.0
14.166666666666666,0.09861238687757216,100.0
13.166666666666666,0.11579722540374349,100.0
12.0,0.14623695585710852,100.0
16.5,0.0670442401933525,10.0
17.333333333333332,0.051893734708355656,10.0
11.333333333333334,0.1702941852062295,250.0
11.666666666666666,0.16368109182254298,250.0
4.0,0.6032255509994124,250.0
17.5,0.06349200739397437,10.0
2.8333333333333335,0.5634196881146231,250.0
10.666666666666666,0.22040027657679973,250.0
17.5,0.06174100915076604,10.0
18.833333333333332,0.049200008154632,10.0
0.16666666666666666,1.0,250.0
12.333333333333334,0.14754999780692565,250.0
16.166666666666668,0.06773871355078928,250.0
17.833333333333332,0.06267756815018077,10.0
17.666666666666668,0.059261467075976446,100.0
1.1666666666666667,1.2166364136929422,250.0
14.166666666666666,0.0875587878718186,100.0
11.666666666666666,0.15908727690858052,250.0
7.5,0.3388055031676376,250.0
12.0,0.13329474045917145,100.0
15.666666666666666,0.07553864787145376,10.0
14.333333333333334,0.10921307777727209,100.0
12.5,0.12957043741778496,100.0
11.333333333333334,0.21554207141898635,100.0
7.5,0.38003139181574397,250.0
18.5,0.05409221514941278,10.0
0.8333333333333334,0.1349928462650739,250.0
3.1666666666666665,0.6306216351722311,250.0
19.666666666666668,0.04707959826424299,10.0
4.333333333333333,0.6065700667586248,250.0
16.0,0.07796610019582072,100.0
4.5,0.43691984229582076,100.0
0.16666666666666666,1.0,100.0
15.0,0.08867842466471196,100.0
9.833333333333334,0.19356348345182844,100.0
9.0,0.2781428723419551,250.0
0.16666666666666666,1.0,250.0
17.0,0.06883612257507384,100.0
18.666666666666668,0.04171004317946886,60.0
0.16666666666666666,1.0,250.0
0.16666666666666666,1.0,250.0
14.833333333333334,0.0851875990470974,100.0
13.333333333333334,0.1035596205908476,100.0
17.666666666666668,0.05317608344345992,10.0
17.166666666666668,0.062277313050812126,10.0
0.16666666666666666,1.0,250.0
17.166666666666668,0.06108871495583007,10.0
16.5,0.07700974860297546,10.0
13.0,0.1419270757928503,100.0
13.333333333333334,0.11312642392637112,100.0
14.666666666666666,0.09264484826027147,100.0
15.0,0.08757679389683794,250.0
15.666666666666666,0.08005400566204822,100.0
7.166666666666667,0.3198077805123478,250.0
1.8333333333333333,0.4883682830870537,250.0
9.166666666666666,0.2525859797703199,250.0
19.333333333333332,0.04364800075336573,10.0
9.833333333333334,0.23166304089921477,100.0
19.166666666666668,0.04609820191432614,10.0
19.166666666666668,0.04616024412064308,10.0
19.333333333333332,0.050451408547241124,100.0
9.666666666666666,0.2589184661508378,250.0
12.666666666666666,0.1336209648820205,10.0
7.166666666666667,0.3926579902386688,250.0
17.833333333333332,0.05545508593783651,10.0
5.666666666666667,0.42154451801239123,250.0
14.833333333333334,0.08006767463686532,100.0
10.166666666666666,0.26174258337961737,250.0
19.833333333333332,0.04884073494788352,10.0
12.333333333333334,0.12538852211831017,100.0
15.166666666666666,0.08555726064847181,100.0
19.666666666666668,0.044783339336878475,10.0
18.5,0.05448316614425453,10.0
18.333333333333332,0.0511320675320021,10.0
13.833333333333334,0.1113253455047474,250.0
16.0,0.07588971312956329,100.0
9.833333333333334,0.2317485455362881,100.0
19.5,0.0488317496338751,10.0
2.3333333333333335,0.7088991512019716,250.0
17.5,0.057422685261646546,100.0
12.333333333333334,0.16755059241746506,250.0
18.166666666666668,0.045539553595287545,10.0
16.5,0.06401845060137783,10.0
16.666666666666668,0.06104223533990559,250.0
17.333333333333332,0.054523463090170705,10.0
13.666666666666666,0.11635687389089401,10.0
14.166666666666666,0.11597372294404183,250.0
15.5,0.0825244178875218,100.0
2.0,0.49552394463397065,100.0
12.333333333333334,0.13634131886916312,100.0
3.3333333333333335,0.6952374883004395,100.0
1.6666666666666667,0.7608341822966094,250.0
16.0,0.0760215785036824,100.0
15.166666666666666,0.08274469317070665,100.0
15.0,0.0779756111438405,100.0
16.333333333333332,0.06521390624365593,250.0
12.5,0.1187526496426524,100.0
0.16666666666666666,1.0,250.0
7.333333333333333,0.307514081060651,250.0
16.5,0.05990772652328994,10.0
19.833333333333332,0.0434478484623008,10.0
18.833333333333332,0.05293646260795633,10.0
0.3333333333333333,1.0,250.0
13.666666666666666,0.10655356910908101,100.0
18.333333333333332,0.047392011589090594,10.0
12.0,0.15729684148667347,100.0
16.0,0.07092363923901578,100.0
14.833333333333334,0.0874558679381541,10.0
13.333333333333334,0.1105842362047843,100.0
0.6666666666666666,1.0,250.0
14.333333333333334,0.0950184712756885,100.0
15.166666666666666,0.08470256557711685,100.0
11.166666666666666,0.17678537372331427,100.0
20.666666666666668,0.03979765164763828,10.0
18.166666666666668,0.05176012208577842,10.0
7.5,0.34530690824930066,250.0
0.8333333333333334,0.7667967013512185,250.0
10.833333333333334,0.19176192201840486,250.0
15.166666666666666,0.07975525395648102,10.0
17.0,0.06701290413600476,10.0
8.833333333333334,0.2682451897410946,100.0
14.666666666666666,0.07495951013465255,250.0
16.666666666666668,0.059429085653185054,10.0
15.166666666666666,0.08925403411838986,250.0
17.166666666666668,0.0560095939720775,10.0
12.0,0.13481673313881476,100.0
18.833333333333332,0.04785144808861626,10.0
14.5,0.10267356966355796,100.0
18.333333333333332,0.05973983707651236,100.0
0.16666666666666666,1.0,250.0
17.0,0.05880251143851561,100.0
0.3333333333333333,1.0,250.0
18.166666666666668,0.049887650549847486,10.0
6.666666666666667,0.3066272026883191,250.0
3.1666666666666665,0.5410988920285921,250.0
0.5,1.0,250.0
11.0,0.1665392350620539,100.0
17.666666666666668,0.05273533557911071,100.0
19.666666666666668,0.044141372995514946,10.0
17.5,0.05707288664752532,100.0
15.666666666666666,0.06933967834272033,100.0
9.0,0.22089629119549586,100.0
16.0,0.07582771649666444,100.0
15.666666666666666,0.08127255562038596,100.0
19.666666666666668,0.04565487443927465,10.0
16.333333333333332,0.06267147935934099,250.0
18.333333333333332,0.054828004952053325,10.0
19.5,0.05188640105089041,10.0
2.1666666666666665,0.5135697107686383,250.0
12.166666666666666,0.12676965053263403,100.0
18.0,0.05428486899749889,10.0
18.166666666666668,0.05313792670406729,10.0
19.0,0.043145557999865955,10.0
4.5,0.5472259774777013,250.0
18.833333333333332,0.05019370225049065,100.0
11.666666666666666,0.1694182288905133,250.0
18.0,0.04794129547222401,10.0
18.666666666666668,0.05274082206752881,10.0
16.5,0.06760153416200357,100.0
16.333333333333332,0.06691181809350381,10.0
8.333333333333334,0.2186078916343532,250.0
7.166666666666667,0.29624442135487555,100.0
0.6666666666666666,1.0,250.0
11.333333333333334,0.15646851570575573,100.0
4.333333333333333,0.5026509954792663,250.0
18.666666666666668,0.052849109827149264,100.0
14.833333333333334,0.09445892091950146,250.0
4.666666666666667,0.46735279814402736,250.0
18.166666666666668,0.054541612797884706,10.0
6.666666666666667,0.4367597373579638,100.0
19.833333333333332,0.04718400299547871,10.0
11.0,0.221179548787467,100.0
4.833333333333333,0.5027941764636461,250.0
15.833333333333334,0.07358485191411188,100.0
14.833333333333334,0.09295508739192997,100.0
6.666666666666667,0.34114067373730017,250.0
1.1666666666666667,0.8163892928479318,250.0
19.166666666666668,0.04956830973520075,10.0
12.333333333333334,0.13584013761544603,250.0
9.833333333333334,0.21663122506310725,100.0
14.833333333333334,0.09570501613513945,10.0
15.833333333333334,0.07138309833123904,100.0
1.6666666666666667,0.8697676707505383,250.0
8.5,0.36824955603475207,100.0
19.166666666666668,0.051673000212095595,10.0
15.666666666666666,0.09231117511262085,250.0
18.0,0.055285738223108026,100.0
15.5,0.0749401643282295,100.0
18.333333333333332,0.05332534849556935,10.0
17.0,0.06371355777657312,10.0
4.166666666666667,0.36538398945238637,250.0
19.166666666666668,0.048945199975762875,10.0
17.833333333333332,0.06146421716798851,10.0
8.0,0.26258822327748704,250.0
15.333333333333334,0.09105154700080254,100.0
11.833333333333334,0.1598535773019006,250.0
13.5,0.11109840751492536,10.0
16.666666666666668,0.05770426755908179,100.0
17.5,0.05285172362664155,10.0
15.5,0.09526286228837456,250.0
1.0,0.9346713286558205,250.0
16.0,0.06670235191339158,10.0
15.833333333333334,0.06838202188011316,100.0
17.5,0.050841152110589365,100.0
6.833333333333333,0.3747808975269518,250.0
16.0,0.07179705182578104,100.0
16.0,0.06991765498500932,100.0
16.166666666666668,0.06710230676041068,100.0
8.333333333333334,0.2780225239608739,100.0
18.833333333333332,0.044566256601088955,10.0
3.3333333333333335,0.5954424727626074,250.0
18.666666666666668,0.0488102774851535,10.0
16.333333333333332,0.0754613552048373,100.0
16.0,0.06901164724110581,100.0
5.5,0.45161936464108293,250.0
18.166666666666668,0.05355020103787982,100.0
19.333333333333332,0.04413438524857615,100.0
19.0,0.04220925619928807,10.0
6.5,0.37187972275273895,250.0
20.5,0.04851826008939228,10.0
11.166666666666666,0.20885542361970583,100.0
18.833333333333332,0.04498783006763817,10.0
0.5,1.0,250.0
20.333333333333332,0.04547318787535351,10.0
17.833333333333332,0.05229359046295813,10.0
19.5,0.04791942859979924,10.0
18.0,0.056724694968735626,10.0
0.5,1.0,250.0
10.0,0.19403080317776594,250.0
7.0,0.35217224620468135,250.0
19.333333333333332,0.047492669212479806,10.0
18.833333333333332,0.0500295007956841,10.0
13.0,0.1214863824680207,100.0
11.833333333333334,0.1444591421645772,100.0
1.1666666666666667,0.907346713983008,250.0
20.666666666666668,0.0456969125470524,10.0
18.833333333333332,0.04997107110032722,10.0
19.333333333333332,0.05209984554505256,10.0
18.5,0.05726389773529724,10.0
18.333333333333332,0.04546437937976716,10.0
14.166666666666666,0.10271255296131601,250.0
7.666666666666667,0.36170827024368474,250.0
15.333333333333334,0.08457032358881711,100.0
1.3333333333333333,1.122792552946776,100.0
18.666666666666668,0.05137008157683038,10.0
19.333333333333332,0.04750779730274663,10.0
18.833333333333332,0.05577556383020831,10.0
19.0,0.04479286698068177,10.0
18.333333333333332,0.05297352275278464,10.0
17.166666666666668,0.06713167767906195,100.0
16.0,0.07245911105848989,10.0
20.5,0.040838622475085566,10.0
11.833333333333334,0.1436790129308382,250.0
9.166666666666666,0.2632212722546708,250.0
19.166666666666668,0.04370047663147804,10.0
20.833333333333332,0.045393507493026494,10.0
15.833333333333334,0.07851401235497521,100.0
6.166666666666667,0.4921922960719766,250.0
11.166666666666666,0.18624663729419938,100.0
15.666666666666666,0.08663432417535612,100.0
6.666666666666667,0.5389812734704329,250.0
19.333333333333332,0.04406063583916026,10.0
12.833333333333334,0.13843413019690673,100.0
17.833333333333332,0.04629960854591764,10.0
12.833333333333334,0.1369969218795167,250.0
12.666666666666666,0.1315165460519157,250.0
18.666666666666668,0.0477951588358022,100.0
18.0,0.05320572366960427,10.0
13.666666666666666,0.10270919859778437,10.0
1.6666666666666667,0.5813486599364217,250.0
2.6666666666666665,0.6112430072827421,100.0
18.666666666666668,0.049697244923425275,10.0
14.5,0.08970547643175426,10.0
0.16666666666666666,1.0,250.0
13.666666666666666,0.10329910332071157,100.0
16.666666666666668,0.06957080208587808,10.0
12.166666666666666,0.1494796239609625,250.0
18.5,0.05220543499939582,10.0
14.333333333333334,0.08102278976262803,100.0
17.0,0.05386007720002427,100.0
11.5,0.18422605426411848,100.0
14.5,0.08979732245002624,10.0
6.333333333333333,0.35957449015833093,250.0
5.166666666666667,0.4243680149284221,100.0
17.666666666666668,0.0564658788035477,10.0
17.0,0.061615425085902835,10.0
2.6666666666666665,0.6369029864354776,100.0
18.5,0.05929697733955291,10.0
1.1666666666666667,0.562249045059271,250.0
10.666666666666666,0.22467192802869423,250.0
14.833333333333334,0.0860941429802586,100.0
19.0,0.05499250366786735,10.0
3.8333333333333335,0.482197275808209,250.0
17.5,0.06139259817963153,100.0
0.6666666666666666,1.0,250.0
14.5,0.10692041149840531,100.0
15.0,0.07179329631876183,10.0
19.166666666666668,0.051040542629024556,10.0
15.5,0.06889948782869947,250.0
6.333333333333333,0.3054638292582969,250.0
13.5,0.11878165945339568,250.0
0.6666666666666666,1.0,250.0
19.666666666666668,0.05143767414038878,10.0
17.833333333333332,0.058056530911777704,100.0
2.1666666666666665,0.4571543792277804,250.0
13.166666666666666,0.10101924735177967,100.0
2.8333333333333335,0.5299959730244417,250.0
11.833333333333334,0.146251579874164,250.0
0.5,1.0,250.0
18.666666666666668,0.04669660044588107,10.0
11.166666666666666,0.21113374012164007,100.0
5.666666666666667,0.5534480486635825,100.0
13.333333333333334,0.12771120205834388,100.0
18.666666666666668,0.05076968684077463,10.0
4.333333333333333,0.46427829629585926,100.0
10.5,0.2017826441409727,250.0
15.666666666666666,0.08017167087853408,250.0
12.666666666666666,0.13589086899727518,100.0
17.833333333333332,0.053574341968738226,10.0
14.666666666666666,0.08620551006852778,10.0
17.166666666666668,0.07269957951204319,100.0
20.333333333333332,0.04654769373994785,10.0
21.333333333333332,0.0407939238054542,10.0
18.0,0.061199091895312356,10.0
17.0,0.061387587301243,60.0
11.166666666666666,0.16333332082954571,100.0
15.333333333333334,0.08775311986758667,100.0
20.166666666666668,0.04580948663980034,10.0
17.0,0.06647040027330232,10.0
0.3333333333333333,1.0,250.0
10.166666666666666,0.24293774474097377,250.0
8.666666666666666,0.2528029285131187,250.0
11.833333333333334,0.16286103691296336,100.0
11.5,0.16115328625601205,100.0
19.333333333333332,0.04767929963561125,10.0
19.0,0.04698924647698739,10.0
18.166666666666668,0.05046654449623372,10.0
10.0,0.2488246212240584,250.0
3.1666666666666665,0.7160573077803591,250.0
17.0,0.05340846853780099,100.0
2.1666666666666665,0.6437112688066169,250.0
13.333333333333334,0.10447239735029784,100.0
20.833333333333332,0.03781718174221773,10.0
7.166666666666667,0.3556334011658133,250.0
17.0,0.06787896334100887,10.0
17.166666666666668,0.061975657129999875,100.0
12.333333333333334,0.14593317346293566,100.0
17.666666666666668,0.05668529725051739,100.0
13.666666666666666,0.10351506691240842,250.0
5.5,0.43694729117224285,100.0
16.0,0.07814111649761175,100.0
5.333333333333333,0.41039068967426434,250.0
9.166666666666666,0.2250936564003595,100.0
13.5,0.10921062053468136,100.0
14.833333333333334,0.09274739620607589,10.0
11.666666666666666,0.1419409664522776,100.0
16.5,0.06549384885593391,10.0
13.666666666666666,0.11409442579159423,250.0
1.1666666666666667,0.6271893230099108,250.0
13.0,0.10717366298940113,250.0
12.5,0.14100488660703084,100.0
16.166666666666668,0.05877552505445632,10.0
17.666666666666668,0.057143692334439306,10.0
1.0,0.48888041348118827,250.0
18.166666666666668,0.04796251359522221,10.0
9.166666666666666,0.2393879895787986,250.0
18.0,0.058351876408132115,10.0
20.333333333333332,0.046321774346369346,10.0
20.0,0.04197972853124394,10.0
11.333333333333334,0.1763154849769695,100.0
0.5,1.0,250.0
14.666666666666666,0.0989878907937767,100.0
1.3333333333333333,1.4185663058446438,250.0
0.16666666666666666,1.0,250.0
3.0,0.8140549892646818,250.0
0.3333333333333333,1.0,250.0
5.166666666666667,0.4924876294955587,250.0
17.166666666666668,0.05958229757279431,100.0
16.166666666666668,0.0772370283829382,10.0
17.333333333333332,0.06210998337623213,10.0
17.5,0.0633515528427061,100.0
16.0,0.07236535444408611,100.0
15.166666666666666,0.09216881410439311,100.0
14.5,0.09955335040225645,100.0
7.0,0.39788259390343383,100.0
18.0,0.055525673236580995,10.0
16.666666666666668,0.061294022286689114,10.0
17.666666666666668,0.057144697549932115,250.0
20.333333333333332,0.04835802156974968,10.0
16.0,0.07703032016282452,100.0
7.333333333333333,0.29559640609260895,250.0
14.5,0.1040218213022625,100.0
19.5,0.04798689002937965,10.0
14.833333333333334,0.09216482412024794,100.0
19.166666666666668,0.050294663028993054,10.0
13.333333333333334,0.1124800143315056,100.0
13.166666666666666,0.13065345889527102,100.0
4.333333333333333,0.596613804166704,100.0
17.333333333333332,0.06199886750230803,10.0
11.833333333333334,0.14565237586655216,10.0
13.5,0.1313627916952199,10.0
17.333333333333332,0.06256499103659259,10.0
20.666666666666668,0.043443475542359236,10.0
0.8333333333333334,0.7556756596719304,100.0
17.333333333333332,0.06470323881907158,100.0
11.833333333333334,0.15912778314854298,100.0
9.0,0.2953243154056626,100.0
8.666666666666666,0.3120978524538281,100.0
19.833333333333332,0.04666533096570375,10.0
0.3333333333333333,1.0,250.0
0.16666666666666666,1.0,250.0
14.666666666666666,0.09481842080845744,250.0
10.0,0.2428346280246951,250.0
17.5,0.058477016169182966,10.0
18.0,0.05733609835137379,10.0
15.166666666666666,0.08216996213602917,250.0
10.333333333333334,0.18863210232636948,100.0
17.166666666666668,0.05448809580628353,10.0
16.333333333333332,0.07039644234215722,100.0
19.666666666666668,0.04301572324754292,10.0
15.0,0.09412397803962276,100.0
17.166666666666668,0.05969074706191275,10.0
18.0,0.05260331396857452,10.0
16.5,0.06535447111852302,100.0
18.666666666666668,0.053844106565872775,100.0
14.166666666666666,0.09341286835511475,100.0
17.333333333333332,0.06007493542905544,100.0
16.166666666666668,0.06795278504062278,10.0
17.5,0.058894101329556664,10.0
8.333333333333334,0.24959227961319408,250.0
17.5,0.05955150861675454,10.0
16.166666666666668,0.07186352288677579,100.0
2.5,1.0578024536133668,250.0
0.16666666666666666,1.0,250.0
12.666666666666666,0.13072784620435374,250.0
16.666666666666668,0.06617416940303762,10.0
13.666666666666666,0.11647370198502459,250.0
19.833333333333332,0.04860433460245775,10.0
17.333333333333332,0.06440780446479852,100.0
0.3333333333333333,1.0,250.0
7.666666666666667,0.3464592811076676,250.0
17.5,0.05242700958055111,10.0
17.333333333333332,0.05562408448751888,10.0
7.0,0.326948256332288,100.0
5.5,0.41033454229748595,250.0
19.166666666666668,0.04531955868145495,100.0
20.0,0.043675103395754526,10.0
18.0,0.057125488144367687,100.0
20.333333333333332,0.044830683995532514,10.0
15.0,0.08262738900915034,250.0
15.833333333333334,0.07384776601135047,100.0
15.5,0.0879430342354246,10.0
18.5,0.04868981897144342,100.0
16.5,0.07164824596035821,100.0
16.5,0.0592248974497577,100.0
12.0,0.15537314165102095,10.0
11.166666666666666,0.19522873532627885,250.0
14.833333333333334,0.10107275180022739,100.0
0.8333333333333334,0.7563641182660125,250.0
16.0,0.07239902073489952,100.0
19.5,0.04087673224515185,10.0
4.166666666666667,0.49776152320407724,250.0
19.5,0.046116822207009196,10.0
18.166666666666668,0.060870497428038094,10.0
0.3333333333333333,1.0,250.0
17.666666666666668,0.062011863756551086,10.0
9.666666666666666,0.19914324105060924,250.0
14.666666666666666,0.07915768969820797,100.0
7.0,0.3903440725946722,250.0
18.666666666666668,0.05161731438232126,10.0
10.166666666666666,0.19130511125010555,100.0
0.8333333333333334,0.24427849002447743,250.0
0.16666666666666666,1.0,250.0
15.5,0.0765116733084253,100.0
0.3333333333333333,1.0,250.0
17.5,0.05655311748667001,100.0
12.666666666666666,0.1279281705084618,10.0
20.666666666666668,0.04226329682478888,10.0
9.0,0.2663542908258596,250.0
15.833333333333334,0.08617227184940134,10.0
7.833333333333333,0.2280521326825975,250.0
12.5,0.13819360463206,100.0
18.5,0.053409385485090645,10.0
19.5,0.045965459802895695,10.0
12.5,0.13957462314922844,100.0
16.333333333333332,0.0739829359397749,100.0
17.833333333333332,0.056129750943930495,10.0
17.333333333333332,0.0572415364931365,100.0
16.166666666666668,0.06456950810923937,100.0
13.666666666666666,0.11872515828108197,10.0
12.333333333333334,0.1373411320900102,250.0
18.0,0.05703604112673764,10.0
20.0,0.04656606443595361,10.0
15.166666666666666,0.07845941866566784,100.0
14.666666666666666,0.08334654548779839,100.0
17.666666666666668,0.04574780839749759,100.0
17.833333333333332,0.06328315223893166,10.0
15.333333333333334,0.07715345457449259,100.0
15.666666666666666,0.07837477650018938,100.0
9.333333333333334,0.23167856297669406,250.0
18.333333333333332,0.0555968526854786,10.0
14.833333333333334,0.08550589444470509,10.0
16.166666666666668,0.0740129335139744,100.0
16.5,0.07663839289744986,250.0
18.333333333333332,0.05288213629104334,10.0
18.333333333333332,0.05717570169717888,10.0
5.333333333333333,0.3562916334248026,100.0
1.5,0.9730714013211846,250.0
16.0,0.06503523741498862,100.0
6.166666666666667,0.4358454235814447,250.0
12.0,0.14813473791950135,100.0
8.666666666666666,0.3036005267014423,250.0
20.166666666666668,0.05445349945072413,10.0
20.166666666666668,0.04559957846913386,10.0
17.166666666666668,0.06983258998557614,10.0
1.8333333333333333,0.7175787812359077,250.0
6.666666666666667,0.335140881290988,100.0
19.166666666666668,0.048433546135515475,10.0
17.666666666666668,0.055639836967439786,100.0
15.166666666666666,0.08221105673175831,250.0
20.5,0.04320089768990766,10.0
17.833333333333332,0.05863913607378509,100.0
18.5,0.04931466680174816,10.0
18.833333333333332,0.04661018505147993,10.0
0.5,1.0,250.0
0.3333333333333333,1.0,250.0
18.666666666666668,0.05404155155741965,10.0
16.5,0.0705053601052877,100.0
14.166666666666666,0.10788073378755511,100.0
15.5,0.07338933443975451,100.0
13.5,0.11496142909401758,100.0
11.833333333333334,0.14641230158349447,250.0
19.666666666666668,0.045799874698500324,10.0
16.833333333333332,0.06601958890331638,10.0
4.0,0.5553374745599825,250.0
20.5,0.04105364264272642,10.0
6.5,0.40532859578398356,250.0
1.0,0.492194642844202,250.0
5.833333333333333,0.42528892308056804,100.0
18.333333333333332,0.05114323937950444,10.0
19.833333333333332,0.045750991690584344,10.0
1.3333333333333333,0.540950281271541,250.0
18.333333333333332,0.054815780767853546,100.0
17.666666666666668,0.05764881033448583,10.0
17.166666666666668,0.05912532152298204,10.0
18.5,0.04706633403647026,60.0
19.0,0.0546912902852403,10.0
2.3333333333333335,0.5976067638487329,250.0
16.0,0.07451653479662958,10.0
3.5,0.5222837660057158,250.0
19.333333333333332,0.051626498463806236,10.0
11.0,0.19125877259284121,100.0
15.166666666666666,0.0898435325081821,100.0
18.0,0.059897030093504326,10.0
17.666666666666668,0.06272276220357627,10.0
19.166666666666668,0.04658561525910197,10.0
20.166666666666668,0.04544478614134484,10.0
17.666666666666668,0.0615349651604841,100.0
18.833333333333332,0.05076089882987753,10.0
10.666666666666666,0.19505866927991758,250.0
15.0,0.07877148017703632,100.0
18.333333333333332,0.055482507488392174,10.0
15.333333333333334,0.08014094146888547,100.0
16.666666666666668,0.0643042714364611,10.0
18.5,0.050199868266724706,10.0
15.333333333333334,0.08504738970488523,10.0
0.6666666666666666,1.0,250.0
8.666666666666666,0.2785662018105354,100.0
2.3333333333333335,0.5285691123481424,250.0
1.1666666666666667,0.8798569205255893,100.0
16.5,0.0723507366686544,10.0
17.166666666666668,0.06770208647177324,10.0
4.0,0.4628741173875062,250.0
17.0,0.06366247483463544,100.0
19.0,0.048032663204604364,100.0
17.666666666666668,0.05365379186994025,100.0
0.8333333333333334,0.7655043781134173,250.0
7.833333333333333,0.28305213965935816,250.0
17.5,0.06389127396629718,10.0
8.166666666666666,0.28164570149347723,250.0
13.5,0.10890271198017298,100.0
1.1666666666666667,0.7494490704060285,250.0
15.333333333333334,0.08110263552645201,250.0
7.0,0.3597084987101122,250.0
11.666666666666666,0.15950923994129645,250.0
12.666666666666666,0.1453773341054574,250.0
19.333333333333332,0.04323537287064259,10.0
14.333333333333334,0.0937707035754444,100.0
9.166666666666666,0.2417384828613579,100.0
14.0,0.1017582887203162,250.0
0.3333333333333333,1.0,250.0
20.0,0.045442493799629086,10.0
13.833333333333334,0.0936529652897704,100.0
16.0,0.07042932484389058,250.0
0.5,1.0,250.0
19.333333333333332,0.04971702903189066,100.0
14.333333333333334,0.10062041885953385,10.0
9.5,0.2537136840718152,250.0
18.0,0.05284712010393651,100.0
17.166666666666668,0.06185281783813929,100.0
17.833333333333332,0.053544561974849844,10.0
18.5,0.05322585180028748,10.0
0.16666666666666666,1.0,250.0
6.666666666666667,0.2722471807093297,250.0
18.5,0.050877833271792176,100.0
15.666666666666666,0.06969292346183217,10.0
9.5,0.22498849910533603,100.0
13.833333333333334,0.11503516821923546,100.0
0.3333333333333333,1.0,250.0
17.666666666666668,0.057633957351665016,10.0
8.333333333333334,0.2744460823473413,250.0
18.333333333333332,0.05608948726566347,10.0
10.5,0.1745459041638077,100.0
15.166666666666666,0.07768209686374779,10.0
7.0,0.2815766737169251,250.0
13.0,0.12865096882800173,250.0
14.666666666666666,0.09592938843813759,100.0
16.333333333333332,0.06408455999541454,10.0
16.833333333333332,0.07121920478040397,10.0
19.166666666666668,0.04474715743491177,10.0
1.8333333333333333,0.7087622039478639,250.0
17.5,0.05215665842249441,10.0
18.833333333333332,0.043070398188413246,10.0
1.5,0.6814294866017965,250.0
20.166666666666668,0.04137618987389465,10.0
16.166666666666668,0.07430089119171411,100.0
16.5,0.06475855186680464,10.0
13.0,0.12323914819916501,250.0
18.5,0.052814144565864626,100.0
10.0,0.22175477051672035,250.0
14.666666666666666,0.09487475100794422,100.0
5.166666666666667,0.3962597953313973,100.0
18.0,0.05085863665419678,10.0
17.0,0.05826651399200038,100.0
11.0,0.20547896437061697,100.0
0.8333333333333334,1.1452252808584922,250.0
18.166666666666668,0.04921292252839287,10.0
19.166666666666668,0.047450346227034,10.0
11.0,0.18743792573273718,100.0
19.5,0.046366282821880246,10.0
15.333333333333334,0.09003564305000855,10.0
13.833333333333334,0.10542483101935432,100.0
16.333333333333332,0.07214384892932682,10.0
18.333333333333332,0.048535596819623196,10.0
18.666666666666668,0.05925404629027716,10.0
7.333333333333333,0.297056297718196,100.0
5.0,0.5382512741861285,250.0
12.166666666666666,0.15638901313951192,100.0
15.666666666666666,0.0742829204078117,100.0
14.666666666666666,0.08157624829438166,100.0
9.0,0.28206213148000986,250.0
3.0,0.6094372539545022,250.0
19.666666666666668,0.052157618317960716,10.0
17.666666666666668,0.06572758658788477,100.0
5.0,0.45456182763555397,250.0
15.166666666666666,0.09017671725269585,100.0
12.333333333333334,0.15067233603325497,100.0
16.5,0.06398833774656419,100.0
9.0,0.2742720687920104,250.0
15.666666666666666,0.07795709155906096,100.0
17.0,0.05909328821857305,10.0
0.3333333333333333,1.0,250.0
15.0,0.09112247416112462,250.0
16.166666666666668,0.07933947958033144,10.0
16.0,0.07426289505346603,100.0
11.833333333333334,0.16512369257348147,250.0
16.333333333333332,0.06755355352412248,10.0
14.166666666666666,0.10627193261858583,100.0
18.0,0.05109078160617816,10.0
18.666666666666668,0.04799838084259564,10.0
5.666666666666667,0.4996905241373687,250.0
15.833333333333334,0.07464243309694438,100.0
15.166666666666666,0.09206422018575174,100.0
16.833333333333332,0.06001650329035404,100.0
19.333333333333332,0.05377020827897519,10.0
0.16666666666666666,1.0,250.0
16.0,0.0737274423320976,100.0
16.666666666666668,0.06802396274324042,100.0
12.833333333333334,0.125529189387083,250.0
1.1666666666666667,0.4910402215016039,250.0
11.666666666666666,0.15909660602939296,10.0
12.0,0.1757428597064977,10.0
12.666666666666666,0.12434030724562926,10.0
18.166666666666668,0.04698370572667731,100.0
1.3333333333333333,0.5341830457395763,250.0
16.833333333333332,0.06635899763985312,100.0
17.0,0.061651527565522536,100.0
16.166666666666668,0.07481162566480393,100.0
13.5,0.11494690440037324,10.0
13.166666666666666,0.12916176949174366,100.0
18.666666666666668,0.0508204455794593,100.0
17.666666666666668,0.054791424116458924,100.0
0.16666666666666666,1.0,250.0
7.333333333333333,0.3272906736307315,250.0
20.166666666666668,0.046862031694749756,10.0
15.166666666666666,0.08835992416431508,100.0
19.166666666666668,0.053093972359150726,100.0
3.3333333333333335,0.4553886031933368,250.0
15.166666666666666,0.07953708157037659,100.0
20.666666666666668,0.041418979631394966,10.0
15.5,0.06810793227695124,100.0
15.0,0.08673583284001897,10.0
1.0,0.7886725919227514,250.0
7.0,0.46967070131945265,250.0
19.833333333333332,0.04517684083263988,10.0
13.166666666666666,0.1076954664699697,100.0
20.0,0.047086308962345634,10.0
2.6666666666666665,0.8853405338515281,250.0
0.3333333333333333,1.0,250.0
14.666666666666666,0.08468676774564372,10.0
13.333333333333334,0.11084149350819847,100.0
0.16666666666666666,1.0,250.0
0.5,1.0,250.0
5.333333333333333,0.40420077456970566,250.0
17.5,0.059102552885223994,10.0
18.166666666666668,0.052887158196876075,10.0
18.833333333333332,0.048347819988445034,10.0
18.166666666666668,0.05758129091684927,10.0
18.166666666666668,0.05592090075808752,10.0
12.333333333333334,0.14277976289700986,250.0
19.5,0.050070654747963475,10.0
14.833333333333334,0.09395876311544098,100.0
12.0,0.14210679701101225,100.0
20.833333333333332,0.04562047001814509,10.0
18.666666666666668,0.05098021758741341,10.0
16.333333333333332,0.07387350399329515,10.0
0.5,1.0,250.0
16.666666666666668,0.057813746697511145,10.0
17.0,0.07736389198302226,10.0
17.333333333333332,0.05474690229636536,100.0
16.5,0.07140017430469103,100.0
12.166666666666666,0.15683189925536126,100.0
18.833333333333332,0.052200543476478255,10.0
0.5,1.0,250.0
18.333333333333332,0.05280307956843409,100.0
16.166666666666668,0.07028948536003625,10.0
1.0,1.0186157693412632,250.0
16.666666666666668,0.06611130165098199,100.0
17.5,0.055472517679705007,10.0
