firing_rate,ISI_CV,neuron_index
14.833333333333334,0.07715778446645807,100.0
8.666666666666666,0.22433867177107542,250.0
15.5,0.06541250807004469,10.0
19.5,0.04277423792911115,10.0
13.166666666666666,0.10229881466276851,250.0
0.16666666666666666,1.0,250.0
4.833333333333333,0.4950164763585587,100.0
4.833333333333333,0.4950164763585587,100.0
0.16666666666666666,1.0,250.0
10.833333333333334,0.1849766375275671,100.0
17.0,0.05680189304236808,100.0
15.0,0.07604017039872035,10.0
17.666666666666668,0.048892459752617475,10.0
17.5,0.050184005775868276,100.0
6.166666666666667,0.3878932021123312,100.0
14.666666666666666,0.07445035593908776,250.0
10.666666666666666,0.19275297250102408,250.0
7.833333333333333,0.28038824214175034,250.0
14.0,0.08583697097683016,10.0
0.16666666666666666,1.0,250.0
4.666666666666667,0.46771338265556756,250.0
18.166666666666668,0.046687232451267005,10.0
18.666666666666668,0.04495338965684488,10.0
18.333333333333332,0.05014767667284373,10.0
4.666666666666667,0.46771338265556756,250.0
0.6666666666666666,1.0,250.0
21.333333333333332,0.03686907969594265,10.0
19.166666666666668,0.04081730654289834,10.0
5.833333333333333,0.4138142885432249,250.0
7.666666666666667,0.24348927375938906,250.0
13.666666666666666,0.07896865296665084,10.0
17.166666666666668,0.06195372139639425,100.0
17.666666666666668,0.056980275629219944,100.0
5.833333333333333,0.32214661841484854,250.0
15.0,0.07604017039872035,10.0
16.166666666666668,0.05974478958157194,10.0
0.3333333333333333,1.0,250.0
19.166666666666668,0.045525543753628155,10.0
17.5,0.04984700753398598,10.0
14.833333333333334,0.07591694960756513,100.0
4.666666666666667,0.46771338265556756,250.0
18.833333333333332,0.03978619050440404,10.0
10.833333333333334,0.1849766375275671,100.0
7.166666666666667,0.20970327525900426,250.0
7.666666666666667,0.24348927375938906,250.0
17.166666666666668,0.06195372139639425,100.0
17.833333333333332,0.05078257669115132,100.0
7.166666666666667,0.20970327525900426,250.0
7.166666666666667,0.20970327525900426,250.0
4.833333333333333,0.4073508599551676,250.0
15.333333333333334,0.06431664646022738,100.0
21.333333333333332,0.03416313528229521,10.0
15.666666666666666,0.07065411622693483,100.0
14.0,0.1106916931957658,250.0
18.833333333333332,0.04134533369694641,10.0
4.833333333333333,0.4073508599551676,250.0
18.666666666666668,0.040849813747427265,10.0
16.833333333333332,0.060631542062035346,10.0
19.5,0.045620043322721245,10.0
21.333333333333332,0.03686907969594265,10.0
0.16666666666666666,1.0,250.0
13.166666666666666,0.10229881466276851,250.0
17.833333333333332,0.05078257669115132,100.0
9.666666666666666,0.21383289720802404,100.0
16.5,0.053776578822868286,100.0
19.5,0.04511988450057655,10.0
18.666666666666668,0.040849813747427265,10.0
18.0,0.049967286414821205,100.0
5.833333333333333,0.4138142885432249,250.0
19.5,0.04375255722640618,10.0
19.5,0.0414755755189288,10.0
2.0,0.5268773794797645,250.0
18.333333333333332,0.05014767667284373,10.0
15.5,0.06541250807004469,10.0
17.0,0.06279466154349952,100.0
16.0,0.06686792479063469,10.0
14.666666666666666,0.07467587731630607,250.0
17.5,0.04984700753398598,10.0
13.666666666666666,0.10776052316029837,100.0
19.0,0.04362152867907826,10.0
0.6666666666666666,1.0,250.0
15.5,0.07455486490674364,250.0
18.833333333333332,0.043647364587651075,10.0
19.0,0.043973113694678934,10.0
10.0,0.1920635521284455,250.0
20.833333333333332,0.040073929143848296,10.0
17.166666666666668,0.05120851596796262,100.0
18.833333333333332,0.04774994111519781,10.0
16.833333333333332,0.060631542062035346,10.0
19.5,0.045620043322721245,10.0
17.833333333333332,0.051220874178603194,10.0
0.16666666666666666,1.0,250.0
17.166666666666668,0.06195372139639425,100.0
4.666666666666667,0.46771338265556756,250.0
20.0,0.03866584735435963,10.0
13.333333333333334,0.1147745539060882,250.0
0.3333333333333333,1.0,250.0
15.0,0.07525310512739385,100.0
10.666666666666666,0.19448567807070669,100.0
18.5,0.04520063511532402,100.0
18.5,0.04567840697744331,10.0
20.5,0.03882620567331229,10.0
18.666666666666668,0.04938263156601148,100.0
14.333333333333334,0.09061579266219141,250.0
19.5,0.04660369138453451,10.0
17.666666666666668,0.05550088911282111,100.0
16.833333333333332,0.057587796803276886,10.0
19.333333333333332,0.043889735491165996,10.0
12.0,0.12817627181912775,100.0
10.5,0.18049798025621303,100.0
18.666666666666668,0.04938263156601148,100.0
17.833333333333332,0.04865690292272579,10.0
17.333333333333332,0.05527983520353693,10.0
9.666666666666666,0.21351128858668836,250.0
1.1666666666666667,0.7412480488080269,250.0
20.166666666666668,0.03613333775739912,10.0
0.8333333333333334,0.7174262355453646,250.0
19.5,0.04660369138453451,10.0
19.0,0.04399268119149008,10.0
10.5,0.18049798025621303,100.0
9.666666666666666,0.21351128858668836,250.0
13.166666666666666,0.09337811472588317,100.0
16.666666666666668,0.05699874333416537,100.0
19.5,0.03598756703952849,10.0
15.5,0.055621768617855484,100.0
6.666666666666667,0.31666979288062763,250.0
19.5,0.03598756703952849,10.0
15.666666666666666,0.06442362609984441,100.0
17.666666666666668,0.05550088911282111,100.0
16.0,0.06778271839065586,10.0
17.333333333333332,0.04706038602665605,60.0
12.5,0.13308005197204345,250.0
17.833333333333332,0.0544552642247561,100.0
4.333333333333333,0.438724720575531,250.0
20.0,0.04387722992620369,10.0
16.0,0.06778271839065586,10.0
15.833333333333334,0.05950316719636878,10.0
17.5,0.04827075726951199,10.0
15.833333333333334,0.05950316719636878,10.0
17.833333333333332,0.05347417387267638,100.0
18.833333333333332,0.04114948691701322,10.0
15.166666666666666,0.0757327333672706,100.0
19.166666666666668,0.0479491512289165,10.0
2.1666666666666665,0.7787326734042941,250.0
14.333333333333334,0.07868900430862884,100.0
15.0,0.07751553755042694,100.0
12.5,0.12513584759461277,100.0
18.5,0.0402570340047967,10.0
17.666666666666668,0.04746133356778567,10.0
1.5,0.6887123415052988,250.0
16.833333333333332,0.06024211807026814,10.0
18.666666666666668,0.04938263156601148,100.0
15.833333333333334,0.06073196795633177,10.0
13.166666666666666,0.09202866162149936,100.0
9.0,0.22948591401299867,250.0
0.8333333333333334,0.7174262355453646,250.0
9.5,0.26157753944054507,250.0
10.833333333333334,0.16564879708292135,100.0
18.166666666666668,0.04006243835175525,10.0
12.166666666666666,0.13200963478728253,100.0
19.166666666666668,0.04367025215386377,100.0
18.166666666666668,0.04139079635364799,10.0
0.8333333333333334,0.7174262355453646,250.0
19.333333333333332,0.04123932732047455,10.0
15.333333333333334,0.07350004239664669,10.0
11.833333333333334,0.12765059542219698,100.0
15.166666666666666,0.0757327333672706,100.0
14.833333333333334,0.07924385918110506,100.0
0.6666666666666666,1.0,250.0
14.833333333333334,0.07826237357247147,100.0
1.6666666666666667,0.4761968847375189,250.0
5.166666666666667,0.3951039241276998,10.0
20.333333333333332,0.04020542690732348,10.0
15.166666666666666,0.07134354205428714,100.0
15.0,0.07751553755042694,100.0
10.833333333333334,0.16564879708292135,100.0
17.833333333333332,0.04697909382666504,10.0
0.16666666666666666,1.0,250.0
19.0,0.03783830840162993,100.0
17.333333333333332,0.04706038602665605,60.0
14.833333333333334,0.07826237357247147,100.0
15.166666666666666,0.07134354205428714,100.0
18.666666666666668,0.052016144505678534,100.0
21.0,0.03477171901686759,10.0
13.333333333333334,0.10951414087320233,10.0
15.5,0.07255704937890474,100.0
9.666666666666666,0.18675327847341266,100.0
20.333333333333332,0.04020542690732348,10.0
20.166666666666668,0.03613333775739912,10.0
11.5,0.14429930566124793,250.0
18.666666666666668,0.04938263156601148,100.0
17.666666666666668,0.05550088911282111,100.0
14.333333333333334,0.0895676633075972,100.0
13.333333333333334,0.10951414087320233,10.0
20.0,0.035063411489685135,10.0
7.5,0.2636785350034022,250.0
13.0,0.10880002796364562,250.0
15.5,0.06936934235959254,100.0
18.0,0.04319496964816958,10.0
17.0,0.054410674781053776,100.0
20.0,0.04109793874426199,10.0
19.666666666666668,0.03671752370717332,100.0
18.833333333333332,0.03703472614711756,100.0
19.0,0.0422167469851657,10.0
17.0,0.05815606688184418,10.0
19.0,0.04620082456196659,100.0
20.833333333333332,0.03934260671536867,10.0
18.833333333333332,0.03703472614711756,100.0
17.0,0.050908824234525606,250.0
19.166666666666668,0.039671272061645065,10.0
18.833333333333332,0.04181125677688088,10.0
21.0,0.032040308552949634,10.0
2.8333333333333335,0.5035944133174026,250.0
2.0,0.4434000268127833,100.0
18.833333333333332,0.04234922771521833,100.0
11.0,0.1525874438685703,250.0
11.5,0.128951084089619,250.0
17.166666666666668,0.061864533543255065,10.0
0.16666666666666666,1.0,250.0
0.16666666666666666,1.0,250.0
16.0,0.07137110696256413,250.0
18.333333333333332,0.046992350053479987,60.0
14.666666666666666,0.07624374981537284,100.0
16.0,0.06318989690335132,100.0
3.5,0.6143745346908501,250.0
14.666666666666666,0.07624374981537284,100.0
18.333333333333332,0.04113888353628736,10.0
18.5,0.03891049598440268,10.0
12.333333333333334,0.13578453208441643,100.0
1.1666666666666667,0.681547270548263,250.0
8.666666666666666,0.27337328073147776,100.0
17.333333333333332,0.05393763173508329,250.0
21.833333333333332,0.036309885545100305,10.0
11.833333333333334,0.17031292138047158,100.0
9.0,0.20550096821368508,100.0
19.5,0.03699019974498663,10.0
2.6666666666666665,0.7437997653031001,250.0
16.5,0.06902982999847318,100.0
19.0,0.0422167469851657,10.0
0.3333333333333333,1.0,250.0
12.333333333333334,0.14098339697540127,250.0
4.333333333333333,0.36410894333457267,100.0
20.666666666666668,0.03378761355316087,10.0
15.833333333333334,0.06773812356540646,100.0
12.833333333333334,0.09096722635822065,100.0
4.333333333333333,0.36410894333457267,100.0
14.666666666666666,0.07676191538062851,100.0
21.0,0.03536631751438627,10.0
11.166666666666666,0.15218106002206225,100.0
16.0,0.07137110696256413,250.0
10.166666666666666,0.18747813095780927,250.0
1.8333333333333333,0.7549919427553752,250.0
14.166666666666666,0.09076432186331544,100.0
17.333333333333332,0.05393763173508329,250.0
14.166666666666666,0.08408795711140145,100.0
16.5,0.06902982999847318,100.0
12.333333333333334,0.14098339697540127,250.0
19.666666666666668,0.03671752370717332,100.0
18.5,0.04720282710142284,100.0
18.833333333333332,0.04234922771521833,100.0
11.166666666666666,0.15218106002206225,100.0
16.0,0.06846429522514139,100.0
19.833333333333332,0.03887832769726049,10.0
16.666666666666668,0.04979425269680225,10.0
17.666666666666668,0.0474888949169794,100.0
19.333333333333332,0.04784991826720808,10.0
6.333333333333333,0.3165670344317121,250.0
14.666666666666666,0.0903769812557229,100.0
19.5,0.043181169945433494,10.0
20.0,0.04109793874426199,10.0
1.1666666666666667,0.5769772142713933,250.0
16.666666666666668,0.06319263517834331,100.0
17.0,0.05877162139472676,10.0
17.166666666666668,0.051723465813131676,10.0
17.0,0.05815606688184418,10.0
18.666666666666668,0.04573207801644912,100.0
1.6666666666666667,0.8081545557275485,250.0
4.5,0.5282689219404743,250.0
19.666666666666668,0.04314376946139885,10.0
10.166666666666666,0.18747813095780927,250.0
16.0,0.06318989690335132,100.0
1.6666666666666667,0.7113593060693917,250.0
15.5,0.060891841379369774,250.0
20.333333333333332,0.0369167498498794,10.0
17.0,0.05815606688184418,10.0
18.833333333333332,0.04234922771521833,100.0
21.0,0.03536631751438627,10.0
19.166666666666668,0.039671272061645065,10.0
20.0,0.04109793874426199,10.0
17.833333333333332,0.049855568703790064,100.0
1.0,0.5783665547107193,250.0
16.0,0.07137110696256413,250.0
17.0,0.05815606688184418,10.0
1.8333333333333333,0.7549919427553752,250.0
12.0,0.13312501143571395,100.0
16.833333333333332,0.056305385533668276,100.0
2.3333333333333335,0.5358930377830745,100.0
9.5,0.2506661033216371,250.0
2.8333333333333335,0.7131393810737933,100.0
4.5,0.4749898776984594,250.0
2.8333333333333335,0.6033214095463851,250.0
1.1666666666666667,0.9920815035974639,250.0
17.0,0.05870654465056017,100.0
3.8333333333333335,0.5395209357353471,250.0
17.666666666666668,0.05475555601275959,10.0
18.833333333333332,0.04754569308426249,10.0
18.833333333333332,0.04785217185050223,10.0
17.166666666666668,0.056146565135716024,10.0
17.833333333333332,0.04786231006470158,10.0
20.333333333333332,0.04022047927836086,10.0
15.0,0.08449128716189239,100.0
16.166666666666668,0.06081342027048132,100.0
0.8333333333333334,0.7793046723492703,250.0
14.0,0.10646745019914576,100.0
3.6666666666666665,0.6165130881122277,250.0
9.0,0.23676789303314386,250.0
17.833333333333332,0.04786231006470158,10.0
13.5,0.10834117162663967,100.0
17.0,0.05354667340762865,10.0
17.166666666666668,0.051995260521728585,10.0
4.5,0.6228429907595021,100.0
13.333333333333334,0.11339847559560266,100.0
12.833333333333334,0.13109841362174862,250.0
15.0,0.07442514305533875,10.0
7.833333333333333,0.29569441250950096,100.0
19.0,0.04364550668806974,10.0
18.666666666666668,0.04871715740003321,100.0
15.833333333333334,0.07280375017659678,100.0
16.5,0.06391101865725268,10.0
9.0,0.23676789303314386,250.0
16.5,0.06616004536148525,10.0
9.5,0.2506661033216371,250.0
4.5,0.723260004266707,250.0
6.666666666666667,0.3594380171592169,250.0
6.166666666666667,0.3655077869332352,250.0
4.5,0.6228429907595021,100.0
10.833333333333334,0.15899842397424374,250.0
4.5,0.723260004266707,250.0
0.6666666666666666,1.0,250.0
8.666666666666666,0.2782475845390352,250.0
12.833333333333334,0.13109841362174862,250.0
1.1666666666666667,0.7267729962810224,250.0
12.5,0.11963765803417346,250.0
7.833333333333333,0.42690209504158405,250.0
14.5,0.08903722984015613,100.0
18.333333333333332,0.054994615700980964,10.0
6.666666666666667,0.30820531702144094,250.0
4.333333333333333,0.4746127458480715,250.0
4.166666666666667,0.4280560553889575,250.0
18.833333333333332,0.04579643499303699,100.0
17.166666666666668,0.05880321255773737,10.0
11.833333333333334,0.1544188022197449,250.0
0.16666666666666666,1.0,250.0
6.166666666666667,0.3655077869332352,250.0
9.166666666666666,0.19524279861584068,10.0
11.833333333333334,0.15141590133567234,100.0
19.5,0.03876292743452808,10.0
13.666666666666666,0.09457236525225941,100.0
4.5,0.567841066848153,100.0
14.333333333333334,0.09572800923547267,250.0
9.166666666666666,0.2579047040115655,250.0
7.166666666666667,0.2722275457919304,250.0
10.5,0.17486296744064814,100.0
2.3333333333333335,0.5358930377830745,100.0
13.333333333333334,0.10456719490892571,100.0
19.0,0.04364550668806974,10.0
18.166666666666668,0.04828627315974463,100.0
19.5,0.04096673861666487,10.0
19.333333333333332,0.043505697195569605,10.0
9.5,0.2506661033216371,250.0
12.5,0.11963765803417346,250.0
16.166666666666668,0.06081342027048132,100.0
20.666666666666668,0.03641288855362353,10.0
18.833333333333332,0.04013079831856221,10.0
20.0,0.03966075865206121,10.0
10.5,0.1862280808110846,100.0
17.333333333333332,0.05458197708013429,100.0
2.8333333333333335,0.7131393810737933,100.0
6.666666666666667,0.30820531702144094,250.0
19.0,0.046814916537565594,10.0
0.8333333333333334,0.5073368776808678,250.0
13.833333333333334,0.0903330281705415,100.0
18.0,0.04585428112729694,10.0
20.5,0.03794872281006777,10.0
2.8333333333333335,0.7131393810737933,100.0
7.833333333333333,0.29569441250950096,100.0
0.3333333333333333,1.0,250.0
16.5,0.06616004536148525,10.0
6.333333333333333,0.36357865262601285,100.0
1.1666666666666667,0.9920815035974639,250.0
7.666666666666667,0.2784216823104763,100.0
10.0,0.16665159467261115,100.0
19.333333333333332,0.040060442694645655,10.0
0.3333333333333333,1.0,250.0
19.5,0.036754748234104455,10.0
17.5,0.05015924143521132,100.0
14.666666666666666,0.08227142808611923,250.0
0.16666666666666666,1.0,250.0
21.333333333333332,0.03390311000538819,10.0
13.833333333333334,0.08024783431427465,100.0
20.333333333333332,0.03531278074889875,10.0
20.333333333333332,0.03938452214671108,10.0
13.5,0.08977592196011888,100.0
17.666666666666668,0.04663425068420118,10.0
19.5,0.0398944473446379,10.0
17.5,0.053368183738544274,100.0
17.666666666666668,0.05032072573159063,10.0
8.333333333333334,0.27778571620242615,250.0
18.833333333333332,0.039812294895552075,10.0
0.6666666666666666,1.0,250.0
9.333333333333334,0.21813112256640277,100.0
15.5,0.07275347817561263,100.0
17.666666666666668,0.047216195121909145,10.0
17.666666666666668,0.04824698985611714,250.0
0.16666666666666666,1.0,250.0
4.333333333333333,0.5024996723346903,250.0
18.5,0.04607587945333006,10.0
0.3333333333333333,1.0,100.0
13.5,0.08977592196011888,100.0
16.333333333333332,0.06090768712491242,100.0
0.16666666666666666,1.0,250.0
18.666666666666668,0.0404735475681216,10.0
20.833333333333332,0.04830271035101099,10.0
16.166666666666668,0.06526170999497348,100.0
10.833333333333334,0.189140105171502,250.0
13.833333333333334,0.10142443878881227,100.0
1.0,0.9396142069755683,250.0
1.0,0.9396142069755683,250.0
5.0,0.5305069849175663,250.0
17.0,0.05934188128768962,100.0
15.833333333333334,0.0634848645778548,100.0
18.0,0.05148402305135679,10.0
9.166666666666666,0.2091473414735715,250.0
0.6666666666666666,1.0,250.0
19.166666666666668,0.039839884593353504,10.0
9.166666666666666,0.2091473414735715,250.0
8.333333333333334,0.27778571620242615,250.0
18.0,0.0521101701273256,100.0
0.8333333333333334,0.6063245329969695,250.0
14.5,0.08780501553751896,100.0
16.333333333333332,0.06090768712491242,100.0
0.8333333333333334,0.6063245329969695,250.0
14.833333333333334,0.06494911471763239,250.0
0.3333333333333333,1.0,250.0
13.833333333333334,0.09248024919961967,100.0
16.833333333333332,0.058687626789178694,100.0
18.666666666666668,0.05043412785082278,10.0
15.833333333333334,0.06337194219242205,250.0
17.666666666666668,0.05032072573159063,10.0
17.833333333333332,0.04708985174949107,10.0
15.166666666666666,0.0673055520992811,250.0
17.5,0.04915714219597955,60.0
9.166666666666666,0.2091473414735715,250.0
0.16666666666666666,1.0,250.0
8.5,0.24298013932800946,100.0
0.3333333333333333,1.0,100.0
17.666666666666668,0.04663425068420118,10.0
17.833333333333332,0.057898229925321655,10.0
16.333333333333332,0.06090768712491242,100.0
2.5,0.7187505744660323,250.0
17.666666666666668,0.05032072573159063,10.0
8.5,0.24888594464464206,100.0
6.833333333333333,0.29620229952909355,100.0
18.333333333333332,0.04283768219586705,10.0
14.833333333333334,0.08073955249864077,250.0
13.5,0.08977592196011888,100.0
5.0,0.5305069849175663,250.0
16.333333333333332,0.05988369969139101,100.0
0.16666666666666666,1.0,250.0
12.666666666666666,0.11346222454567885,250.0
8.333333333333334,0.27778571620242615,250.0
6.5,0.2774887214639143,250.0
10.833333333333334,0.189140105171502,250.0
16.0,0.07002902397246202,250.0
2.0,0.7902449693477998,250.0
17.666666666666668,0.04824698985611714,250.0
9.333333333333334,0.195709065414779,250.0
19.0,0.04313390056541264,10.0
5.0,0.5305069849175663,250.0
2.0,0.7520831585779091,250.0
20.333333333333332,0.03840999453216462,10.0
0.3333333333333333,1.0,250.0
15.833333333333334,0.0634848645778548,100.0
14.833333333333334,0.08073955249864077,250.0
19.0,0.04462445440594679,10.0
16.666666666666668,0.05391242217410575,100.0
0.16666666666666666,1.0,250.0
14.166666666666666,0.08447464998221439,100.0
19.333333333333332,0.040060442694645655,10.0
1.1666666666666667,0.9194665262133945,250.0
1.0,0.9396142069755683,250.0
5.666666666666667,0.320004098326948,250.0
17.0,0.05518274944193526,10.0
19.5,0.04145795944706983,10.0
16.5,0.0686359646860315,100.0
11.833333333333334,0.126586861017968,100.0
16.5,0.060380218228361586,10.0
2.3333333333333335,0.4744919317569474,100.0
15.5,0.07404118542963187,250.0
10.666666666666666,0.15986784754100053,100.0
10.666666666666666,0.17497880589040155,100.0
14.166666666666666,0.08718754378631646,250.0
4.333333333333333,0.4411960474520989,250.0
16.666666666666668,0.06089577865030819,10.0
7.5,0.2861787533390229,100.0
14.5,0.07567870440238222,250.0
21.166666666666668,0.03863065238646522,10.0
1.6666666666666667,0.7769001141796767,250.0
13.333333333333334,0.09156354130687556,100.0
11.833333333333334,0.126586861017968,100.0
19.333333333333332,0.04027990757322428,10.0
15.0,0.07552171429138083,250.0
0.3333333333333333,1.0,100.0
14.833333333333334,0.07394721007344754,10.0
20.0,0.03629083528054216,10.0
15.666666666666666,0.06390903519699813,100.0
22.0,0.034452124861526094,10.0
15.0,0.07993991566184304,100.0
16.5,0.0686359646860315,100.0
17.166666666666668,0.05823423241978428,10.0
4.333333333333333,0.4411960474520989,250.0
13.833333333333334,0.08100890396521082,10.0
19.833333333333332,0.042304008136858584,10.0
4.833333333333333,0.4902134732075617,250.0
19.166666666666668,0.03945868377180262,100.0
12.0,0.12155948643442457,250.0
18.5,0.04545930427741012,10.0
19.5,0.03977221015241962,10.0
18.5,0.03990162617967598,10.0
5.166666666666667,0.4595077236177681,250.0
13.666666666666666,0.09491764628334355,100.0
19.166666666666668,0.03945868377180262,100.0
17.166666666666668,0.05004181364497006,100.0
13.666666666666666,0.09491764628334355,100.0
17.666666666666668,0.05112816779583944,10.0
7.833333333333333,0.41094150968842114,250.0
14.0,0.09792174741892502,100.0
19.166666666666668,0.041590930167405615,10.0
14.166666666666666,0.08718754378631646,250.0
19.5,0.04145795944706983,10.0
20.166666666666668,0.03867958128056939,10.0
2.0,0.6078110089089159,250.0
20.166666666666668,0.04448970455397877,10.0
14.5,0.07567870440238222,250.0
17.666666666666668,0.046272108130598386,100.0
9.833333333333334,0.21471385073612742,250.0
12.833333333333334,0.0941544186925726,250.0
14.5,0.07567870440238222,250.0
1.0,0.6319451407159054,250.0
12.0,0.12155948643442457,250.0
3.8333333333333335,0.5586844902246773,250.0
10.666666666666666,0.17497880589040155,100.0
12.5,0.12798709247983583,100.0
7.833333333333333,0.41094150968842114,250.0
17.333333333333332,0.058501779788563496,10.0
17.833333333333332,0.043108261620539615,100.0
17.833333333333332,0.0465761909371122,10.0
18.666666666666668,0.04536632524830202,10.0
13.166666666666666,0.10162279608102341,250.0
16.833333333333332,0.05505945980076387,100.0
3.0,0.4735220107915284,100.0
3.0,0.4735220107915284,100.0
10.0,0.17614910407377224,250.0
18.333333333333332,0.04463199337074561,10.0
15.5,0.07404118542963187,250.0
2.8333333333333335,0.6272904173472655,250.0
18.666666666666668,0.04732201337166359,10.0
2.8333333333333335,0.6272904173472655,250.0
12.666666666666666,0.1153464652610823,100.0
12.833333333333334,0.11242133496129823,100.0
16.0,0.06364360301868585,10.0
18.166666666666668,0.04286694551135114,10.0
10.666666666666666,0.15986784754100053,100.0
15.5,0.06829007759110291,100.0
0.16666666666666666,1.0,250.0
2.8333333333333335,0.6272904173472655,250.0
5.666666666666667,0.358528503720241,250.0
20.0,0.04323873242405515,10.0
1.6666666666666667,0.3978603288829103,250.0
5.0,0.4479030073258809,250.0
20.833333333333332,0.03565458632511348,10.0
4.666666666666667,0.5094180875950352,100.0
14.0,0.09792174741892502,100.0
9.5,0.23123976869247406,250.0
3.6666666666666665,0.5098021480181852,250.0
0.6666666666666666,1.0,250.0
14.0,0.09792174741892502,100.0
14.0,0.09792174741892502,100.0
16.833333333333332,0.05539901361309259,100.0
17.666666666666668,0.046272108130598386,100.0
13.833333333333334,0.10197762842652279,250.0
11.333333333333334,0.1585595296641455,250.0
13.333333333333334,0.09421341140361436,100.0
14.833333333333334,0.07771525671307417,100.0
15.833333333333334,0.0607836135062426,10.0
1.3333333333333333,0.4976517481605897,250.0
16.333333333333332,0.05642764772232476,10.0
19.0,0.04235721679035398,10.0
1.3333333333333333,0.4976517481605897,250.0
17.5,0.04798768864597084,10.0
16.333333333333332,0.05642764772232476,10.0
15.166666666666666,0.07782996319466148,100.0
6.5,0.35814559089035153,250.0
14.833333333333334,0.07959593415680502,100.0
9.0,0.24327019152245483,100.0
3.0,0.6975760433537571,250.0
0.6666666666666666,1.0,250.0
16.833333333333332,0.05008151048086511,100.0
15.833333333333334,0.06140017471858721,100.0
12.5,0.13147457925100609,250.0
16.166666666666668,0.07291190508620896,10.0
18.5,0.04615250245913696,10.0
2.5,0.6836686476606914,250.0
2.5,0.49116855964180656,10.0
16.833333333333332,0.060642093365130115,100.0
0.16666666666666666,1.0,250.0
17.333333333333332,0.05265059196559596,10.0
15.0,0.08490550196986095,100.0
16.5,0.05282290833086879,100.0
19.833333333333332,0.038785102543941644,10.0
9.333333333333334,0.21280309935416952,250.0
9.666666666666666,0.23346733899617206,250.0
18.5,0.04718377057388947,10.0
7.666666666666667,0.2627413801594136,100.0
17.166666666666668,0.055946058908654894,10.0
18.666666666666668,0.05151044695529915,100.0
9.166666666666666,0.22027779280204154,250.0
9.166666666666666,0.22027779280204154,250.0
11.333333333333334,0.1585595296641455,250.0
6.5,0.35814559089035153,250.0
16.666666666666668,0.06173756220829387,10.0
20.333333333333332,0.036797786065153985,10.0
9.166666666666666,0.22027779280204154,250.0
4.0,0.4987024142989387,250.0
16.0,0.0668949528649878,10.0
5.833333333333333,0.30110844827685523,100.0
16.166666666666668,0.06187835688773462,100.0
18.333333333333332,0.04630183100197416,10.0
17.166666666666668,0.055946058908654894,10.0
15.666666666666666,0.07333412913509794,10.0
18.333333333333332,0.045142771201627824,10.0
9.5,0.23521126853912705,250.0
19.0,0.04473764029150341,100.0
12.166666666666666,0.1193065614792038,100.0
12.5,0.11772164386917094,100.0
16.0,0.0668949528649878,10.0
12.166666666666666,0.11739019402597092,100.0
19.0,0.04473764029150341,100.0
6.0,0.3839408808962474,250.0
21.5,0.03547107855930305,10.0
12.5,0.13147457925100609,250.0
14.0,0.08563110252197327,10.0
14.166666666666666,0.09514490717063098,10.0
17.666666666666668,0.05741506701278974,100.0
5.166666666666667,0.34510026841393754,10.0
17.5,0.05582605574584526,10.0
17.5,0.04798768864597084,10.0
5.333333333333333,0.39762676006256054,250.0
2.6666666666666665,0.6741031730173287,250.0
11.5,0.13866833182054947,250.0
0.8333333333333334,0.5329297727988399,100.0
18.166666666666668,0.0474808345017865,100.0
18.333333333333332,0.04630183100197416,10.0
13.0,0.10765979501517069,250.0
17.166666666666668,0.04708786361287935,10.0
14.666666666666666,0.08335130785488576,100.0
10.5,0.17658253919818415,100.0
14.666666666666666,0.08937874517487944,250.0
0.16666666666666666,1.0,250.0
19.166666666666668,0.043658269487495314,10.0
19.833333333333332,0.038785102543941644,10.0
17.666666666666668,0.050493143848265615,10.0
7.5,0.2535625824930093,250.0
15.833333333333334,0.07405693258140103,100.0
18.166666666666668,0.052737848324864466,100.0
14.666666666666666,0.08335130785488576,100.0
5.833333333333333,0.4407382444933078,250.0
17.5,0.04798768864597084,10.0
16.666666666666668,0.06173756220829387,10.0
14.833333333333334,0.07122888692095825,10.0
19.333333333333332,0.0453274860856115,10.0
15.5,0.06578374336272663,10.0
16.0,0.0668949528649878,10.0
5.833333333333333,0.4407382444933078,250.0
14.833333333333334,0.07959593415680502,100.0
12.666666666666666,0.12756241213239392,250.0
13.833333333333334,0.10197762842652279,250.0
10.5,0.17658253919818415,100.0
5.833333333333333,0.30110844827685523,100.0
18.166666666666668,0.052730336933542905,10.0
14.166666666666666,0.09381579937511456,250.0
7.833333333333333,0.23840933071236808,250.0
2.3333333333333335,0.5015094141399367,250.0
18.666666666666668,0.04170777110187495,10.0
14.333333333333334,0.08768000856566298,100.0
17.5,0.046596606704412194,100.0
19.0,0.04742642071150351,10.0
19.0,0.04742642071150351,10.0
9.5,0.22638469308415549,10.0
12.5,0.12896268591894233,100.0
17.5,0.05567714411581136,10.0
19.166666666666668,0.042029873639811303,10.0
15.0,0.07377318779609601,100.0
0.16666666666666666,1.0,250.0
10.5,0.1997021626055174,250.0
21.0,0.03647911695790045,10.0
16.166666666666668,0.062408489443934005,100.0
14.833333333333334,0.07926646934099997,100.0
20.166666666666668,0.039140044929878555,10.0
19.0,0.042311077450407186,10.0
19.0,0.046379665736935485,10.0
11.5,0.1728669418672299,250.0
17.5,0.05110805014251652,100.0
11.833333333333334,0.1159489997317899,100.0
7.166666666666667,0.3189407556584244,100.0
9.5,0.23021463216985275,250.0
11.666666666666666,0.16810994533595405,10.0
15.166666666666666,0.07352099609724741,100.0
18.833333333333332,0.0413711210144924,100.0
4.5,0.46021326996870116,250.0
1.1666666666666667,0.8745378387400723,250.0
15.5,0.06655182467178217,100.0
18.666666666666668,0.04305894378296071,100.0
14.166666666666666,0.0801413773285437,100.0
18.666666666666668,0.05110651188638891,100.0
13.833333333333334,0.10051492576829267,250.0
18.166666666666668,0.049804726086064365,10.0
10.5,0.17125629956137792,250.0
0.16666666666666666,1.0,250.0
14.333333333333334,0.08768000856566298,100.0
17.333333333333332,0.04838949316693993,10.0
19.0,0.046379665736935485,10.0
18.0,0.04477981392183086,100.0
15.166666666666666,0.0714349734811874,250.0
1.1666666666666667,0.43791116627865023,250.0
17.333333333333332,0.04838949316693993,10.0
21.666666666666668,0.04034078716244069,10.0
14.5,0.08622239134743521,100.0
15.666666666666666,0.07455471651144979,10.0
18.166666666666668,0.043684456472400844,10.0
20.166666666666668,0.036689651123790495,10.0
2.1666666666666665,0.5854974242685909,100.0
13.333333333333334,0.10500950396066003,100.0
16.666666666666668,0.054376506766907896,10.0
2.5,0.5836324413691019,250.0
15.166666666666666,0.0714349734811874,250.0
13.5,0.10712915828190922,100.0
17.166666666666668,0.053318766598646296,10.0
15.5,0.07848366663862287,250.0
13.5,0.08962236607311391,100.0
13.5,0.09113825302419522,100.0
17.333333333333332,0.04798156338034349,10.0
18.166666666666668,0.05218025831792839,10.0
17.0,0.050879633833972995,10.0
17.333333333333332,0.04838949316693993,10.0
11.5,0.18177314301319147,250.0
13.666666666666666,0.12222327553850691,250.0
10.833333333333334,0.13136078912749546,100.0
7.333333333333333,0.29308170851869664,250.0
17.333333333333332,0.05276047950300135,10.0
17.5,0.050966648779659854,10.0
19.166666666666668,0.04233184238551123,100.0
1.3333333333333333,0.9126350853790628,250.0
0.16666666666666666,1.0,250.0
15.0,0.0668154073823316,100.0
19.166666666666668,0.04233184238551123,100.0
1.3333333333333333,0.8020164079346949,250.0
16.833333333333332,0.060166557300750455,10.0
13.0,0.09990570343253859,100.0
0.8333333333333334,0.7363619479533801,250.0
1.3333333333333333,0.7026102557510406,250.0
11.5,0.16033282640246665,100.0
1.1666666666666667,0.8745378387400723,250.0
18.833333333333332,0.05083968327183247,100.0
0.16666666666666666,1.0,250.0
16.0,0.06456992754901603,10.0
13.333333333333334,0.10604007543121143,10.0
2.5,0.5268057648223565,250.0
19.0,0.04742642071150351,10.0
13.5,0.12025682997886679,100.0
11.5,0.16033282640246665,100.0
16.666666666666668,0.05249317251519773,10.0
1.3333333333333333,0.8020164079346949,250.0
15.833333333333334,0.06589403667696388,100.0
14.333333333333334,0.08768000856566298,100.0
13.666666666666666,0.12222327553850691,250.0
21.666666666666668,0.04034078716244069,10.0
16.333333333333332,0.06254898178933956,100.0
14.333333333333334,0.07910348741019967,250.0
19.0,0.04326213689222379,100.0
4.5,0.44305171685574407,250.0
19.0,0.0506276973922957,100.0
5.333333333333333,0.3576748192135678,250.0
17.166666666666668,0.05105513678858644,10.0
15.166666666666666,0.08353286062086611,100.0
16.0,0.062443358779496666,10.0
20.666666666666668,0.03582373963547111,10.0
13.5,0.08701816192076554,100.0
18.666666666666668,0.046228489373059595,10.0
14.5,0.07617678275198221,100.0
19.666666666666668,0.04349952114834645,10.0
19.333333333333332,0.04329160858530174,10.0
19.0,0.0506276973922957,100.0
18.666666666666668,0.046228489373059595,10.0
0.16666666666666666,1.0,250.0
15.0,0.06833347221527747,10.0
16.833333333333332,0.050470315870690736,100.0
12.0,0.13564968122448204,250.0
20.666666666666668,0.03582373963547111,10.0
9.333333333333334,0.2137311245848143,250.0
14.0,0.0882351972557178,100.0
15.166666666666666,0.061100430386299025,10.0
19.333333333333332,0.04329160858530174,10.0
17.166666666666668,0.05105513678858644,10.0
8.5,0.2604886280407273,250.0
8.666666666666666,0.26689215357713164,250.0
17.5,0.05411890433190191,100.0
16.833333333333332,0.06135529851205967,100.0
9.5,0.21191461582537774,250.0
17.666666666666668,0.046317372069781024,10.0
12.0,0.13918485095339886,250.0
16.333333333333332,0.07227681479060406,100.0
10.333333333333334,0.1734941692710956,250.0
8.5,0.2604886280407273,250.0
17.166666666666668,0.051888450193500704,10.0
17.5,0.05411890433190191,100.0
16.666666666666668,0.05887335881880806,100.0
19.333333333333332,0.03309745688495234,10.0
16.166666666666668,0.05857015277836729,100.0
10.666666666666666,0.1715650336986215,250.0
15.166666666666666,0.08353286062086611,100.0
16.5,0.06081413428496018,10.0
18.166666666666668,0.05424957825147894,100.0
10.666666666666666,0.17528443662130347,100.0
10.333333333333334,0.1734941692710956,250.0
15.166666666666666,0.061100430386299025,10.0
19.166666666666668,0.04126634056440747,10.0
13.666666666666666,0.09079558055330879,250.0
16.166666666666668,0.05857015277836729,100.0
16.833333333333332,0.05316475933523639,100.0
19.166666666666668,0.04126634056440747,10.0
2.5,0.48614424438993475,250.0
19.5,0.03919565365069172,10.0
15.333333333333334,0.07258829881696395,100.0
18.666666666666668,0.04405519098406735,10.0
16.5,0.06247036115239238,100.0
18.333333333333332,0.05054266719854609,100.0
19.166666666666668,0.046471260844418695,100.0
14.0,0.09813406046784796,100.0
17.5,0.05157579446621632,100.0
15.666666666666666,0.07108657264895242,100.0
16.833333333333332,0.06154991935580893,10.0
2.6666666666666665,0.5619165001506657,250.0
13.666666666666666,0.09079558055330879,250.0
12.0,0.13918485095339886,250.0
17.333333333333332,0.06016552733125107,10.0
22.0,0.03526647531819148,10.0
15.333333333333334,0.06913980936025578,100.0
14.833333333333334,0.07176608001659016,10.0
17.833333333333332,0.052711496437049796,10.0
10.666666666666666,0.17528443662130347,100.0
17.333333333333332,0.04640798805007007,100.0
20.166666666666668,0.04043454617353994,10.0
12.5,0.11103616689973698,100.0
0.5,1.0,250.0
16.833333333333332,0.06154991935580893,10.0
18.166666666666668,0.05424957825147894,100.0
20.0,0.042375200708777434,10.0
18.333333333333332,0.05054266719854609,100.0
17.666666666666668,0.04481183333278537,10.0
14.666666666666666,0.08357665146666889,100.0
9.833333333333334,0.23962519507380492,100.0
15.0,0.06833347221527747,10.0
16.5,0.06081413428496018,10.0
10.333333333333334,0.1734941692710956,250.0
18.666666666666668,0.04405519098406735,10.0
13.666666666666666,0.11271871957728373,100.0
19.833333333333332,0.046691110775065055,10.0
14.333333333333334,0.09699735995019751,100.0
17.166666666666668,0.05105513678858644,10.0
15.166666666666666,0.07493488416265369,100.0
19.833333333333332,0.03850321919424544,10.0
18.5,0.045165548225666104,10.0
2.1666666666666665,0.41393057577293013,250.0
19.666666666666668,0.03880160732907651,10.0
3.1666666666666665,0.5657352438464948,250.0
17.666666666666668,0.046317372069781024,10.0
15.166666666666666,0.061100430386299025,10.0
13.5,0.09149296391228247,100.0
13.166666666666666,0.11132220831588431,250.0
11.166666666666666,0.158337531911389,250.0
18.0,0.05287809440542849,10.0
19.166666666666668,0.03841014311546645,10.0
18.0,0.046916726629040145,10.0
19.0,0.036078451215473116,100.0
6.833333333333333,0.36229530143403244,250.0
16.833333333333332,0.06180855255860345,250.0
16.666666666666668,0.05645258402759685,100.0
18.166666666666668,0.04944190486813526,10.0
18.833333333333332,0.052187456677527756,10.0
3.6666666666666665,0.5350587799268616,250.0
16.833333333333332,0.06191214487901769,10.0
9.333333333333334,0.2634003607298351,100.0
0.3333333333333333,1.0,250.0
16.166666666666668,0.057011942010893615,60.0
15.833333333333334,0.06534005168506865,100.0
15.833333333333334,0.06285144056667079,100.0
4.333333333333333,0.5019249182770272,250.0
17.833333333333332,0.05146227596929513,10.0
19.333333333333332,0.0462916644985856,10.0
16.5,0.050942321947283264,10.0
13.5,0.09149296391228247,100.0
18.166666666666668,0.04799189388469127,100.0
12.833333333333334,0.12017879000441933,100.0
9.5,0.23730733647389102,250.0
19.166666666666668,0.045755945226789434,10.0
18.666666666666668,0.048100742277500524,100.0
18.0,0.05287809440542849,10.0
16.5,0.05872512302064934,250.0
18.666666666666668,0.04408535027208706,10.0
0.16666666666666666,1.0,250.0
11.666666666666666,0.12648330624530885,100.0
6.833333333333333,0.36229530143403244,250.0
13.5,0.09149296391228247,100.0
16.833333333333332,0.06191214487901769,10.0
0.5,1.0,250.0
7.166666666666667,0.34253061369072635,250.0
13.166666666666666,0.10851686680200934,250.0
21.666666666666668,0.032805748431978185,10.0
3.0,0.8491767112175015,100.0
1.8333333333333333,0.8031204050095812,250.0
1.6666666666666667,0.866016707202274,250.0
13.0,0.10151565371243748,100.0
0.3333333333333333,1.0,250.0
4.333333333333333,0.5019249182770272,250.0
17.166666666666668,0.045128986436577034,10.0
0.3333333333333333,1.0,100.0
19.666666666666668,0.04138777227833299,10.0
20.0,0.03779244477907501,10.0
0.3333333333333333,1.0,250.0
19.166666666666668,0.04303193543504186,10.0
20.0,0.04198573586469081,10.0
12.666666666666666,0.13023222242528248,100.0
19.166666666666668,0.03841014311546645,10.0
18.666666666666668,0.04306061189798979,10.0
13.666666666666666,0.10018284845644405,100.0
21.166666666666668,0.03607969004446281,10.0
17.666666666666668,0.04646801431844787,100.0
18.666666666666668,0.048100742277500524,100.0
15.5,0.06727667915441574,100.0
1.6666666666666667,0.866016707202274,250.0
19.333333333333332,0.048004122855031896,10.0
2.0,0.5130123894303269,250.0
1.8333333333333333,0.8031204050095812,250.0
11.666666666666666,0.12648330624530885,100.0
13.0,0.11846685435369694,100.0
12.666666666666666,0.13023222242528248,100.0
6.833333333333333,0.36229530143403244,250.0
21.166666666666668,0.03607969004446281,10.0
17.166666666666668,0.06272231400452905,10.0
19.833333333333332,0.04030259278327136,10.0
14.0,0.09762816487916325,100.0
15.5,0.07654935347214802,100.0
18.166666666666668,0.04944190486813526,10.0
17.0,0.054672183906318325,10.0
8.333333333333334,0.2971125251554659,250.0
2.1666666666666665,0.5657171385765445,250.0
16.0,0.07340331197279282,10.0
20.5,0.036922404204365454,10.0
13.666666666666666,0.10018284845644405,100.0
19.833333333333332,0.04030259278327136,10.0
19.833333333333332,0.03986712937934813,10.0
17.0,0.054672183906318325,10.0
18.333333333333332,0.03999862629481825,10.0
18.666666666666668,0.04483594353401864,100.0
0.3333333333333333,1.0,250.0
17.833333333333332,0.046627881155427035,10.0
17.0,0.054672183906318325,10.0
0.16666666666666666,1.0,250.0
7.5,0.3001916047419537,100.0
4.833333333333333,0.3854580746474852,250.0
19.0,0.045520527138136264,10.0
13.833333333333334,0.09417365637304788,10.0
17.166666666666668,0.05192877127801045,100.0
18.0,0.04664241214303926,100.0
20.166666666666668,0.04204278618102499,10.0
15.5,0.07654935347214802,100.0
6.833333333333333,0.3535436058919035,250.0
13.166666666666666,0.09597878687063331,10.0
12.5,0.1273549236445797,100.0
18.0,0.045602669341061754,10.0
16.166666666666668,0.06680521969333272,10.0
20.166666666666668,0.03974841541606611,10.0
6.833333333333333,0.30680754893996665,250.0
17.833333333333332,0.047678884910013306,10.0
16.666666666666668,0.05398184856029193,10.0
5.333333333333333,0.32133576874388026,250.0
16.833333333333332,0.05888027193461925,100.0
10.5,0.17319473924700587,100.0
17.166666666666668,0.06275656207098743,100.0
17.166666666666668,0.052103057578638916,100.0
14.666666666666666,0.09223771020777155,250.0
12.833333333333334,0.1295865177368422,10.0
11.833333333333334,0.12117883340477845,100.0
4.333333333333333,0.5747793543014567,250.0
20.166666666666668,0.03974841541606611,10.0
0.6666666666666666,1.0,100.0
18.833333333333332,0.04351204431105732,10.0
11.833333333333334,0.14429966253333118,100.0
18.0,0.043925914739439145,10.0
18.833333333333332,0.04470950897850539,10.0
10.666666666666666,0.18220036251419242,100.0
16.5,0.056187401714029736,100.0
16.333333333333332,0.0619229482183777,10.0
14.5,0.08065719018173943,100.0
8.333333333333334,0.2993368310005675,100.0
0.3333333333333333,1.0,250.0
16.5,0.05483182997738759,10.0
5.666666666666667,0.36841943509998987,250.0
13.666666666666666,0.10031901901604552,100.0
0.16666666666666666,1.0,250.0
10.0,0.17139083396423183,250.0
12.166666666666666,0.12300173160008282,100.0
18.333333333333332,0.05143462066558864,100.0
10.166666666666666,0.16345607572198742,250.0
13.333333333333334,0.11284173980851073,100.0
0.8333333333333334,0.1929476750175189,250.0
3.3333333333333335,0.5847754145518169,250.0
15.166666666666666,0.08025114839719875,100.0
0.8333333333333334,0.5616511874034837,250.0
14.0,0.10282110281141436,100.0
13.333333333333334,0.10310297698786014,250.0
0.8333333333333334,1.0322719210846913,100.0
15.166666666666666,0.08025114839719875,100.0
12.166666666666666,0.12300173160008282,100.0
2.3333333333333335,0.7762421318095487,250.0
14.333333333333334,0.07484895598225713,100.0
20.166666666666668,0.03684895369897254,10.0
8.333333333333334,0.2993368310005675,100.0
16.0,0.05990106293613307,100.0
20.166666666666668,0.03974841541606611,10.0
20.0,0.043537033421478466,10.0
19.833333333333332,0.04291046657265093,10.0
18.0,0.04588173750245622,100.0
19.333333333333332,0.04170854764949424,10.0
1.3333333333333333,0.554078336846477,100.0
4.333333333333333,0.5747793543014567,250.0
1.3333333333333333,0.554078336846477,100.0
15.0,0.07887620441682594,100.0
18.833333333333332,0.045956823742860815,10.0
16.166666666666668,0.06485710918789067,60.0
4.333333333333333,0.5747793543014567,250.0
8.333333333333334,0.2993368310005675,100.0
15.166666666666666,0.07514148484807215,100.0
14.0,0.10154411338008243,100.0
14.333333333333334,0.07484895598225713,100.0
18.833333333333332,0.04470950897850539,10.0
17.833333333333332,0.047678884910013306,10.0
10.5,0.17319473924700587,100.0
13.666666666666666,0.10031901901604552,100.0
3.3333333333333335,0.5847754145518169,250.0
16.333333333333332,0.058743796698932975,10.0
4.333333333333333,0.5747793543014567,250.0
11.666666666666666,0.13396917564259989,10.0
18.0,0.04931834644677673,100.0
15.333333333333334,0.07175292172418689,100.0
1.3333333333333333,0.554078336846477,100.0
17.5,0.058124198461178146,100.0
20.5,0.03479318480177413,10.0
17.833333333333332,0.05480253865358689,10.0
0.8333333333333334,1.0322719210846913,100.0
15.166666666666666,0.07514148484807215,100.0
1.6666666666666667,0.7596058564184709,250.0
6.833333333333333,0.30378570345664135,250.0
5.333333333333333,0.32133576874388026,250.0
13.333333333333334,0.08515044602361448,10.0
1.6666666666666667,0.7143566711242352,100.0
19.333333333333332,0.04170854764949424,10.0
18.5,0.043383585952420235,10.0
0.16666666666666666,1.0,250.0
15.833333333333334,0.06817044394787714,100.0
14.0,0.08504887452045279,250.0
2.5,0.5141277725143178,250.0
0.6666666666666666,1.0,250.0
13.333333333333334,0.08515044602361448,10.0
17.5,0.053588216770571705,100.0
0.8333333333333334,0.5616511874034837,250.0
13.833333333333334,0.09855800669300831,100.0
16.166666666666668,0.06892533526290821,10.0
13.666666666666666,0.0813286537923997,10.0
18.666666666666668,0.045023941260128736,100.0
0.5,1.0,250.0
15.0,0.06771810766747201,100.0
3.1666666666666665,0.44249450493241815,250.0
20.0,0.040979296286946645,10.0
10.833333333333334,0.14899865940780727,100.0
15.833333333333334,0.06556318206327685,10.0
18.0,0.052763740647616734,10.0
19.333333333333332,0.04399742010538231,10.0
4.833333333333333,0.4514958848267508,250.0
0.6666666666666666,1.0,100.0
2.0,0.5672329306059708,100.0
14.833333333333334,0.07159985481605295,10.0
2.3333333333333335,0.6871027485439007,250.0
14.833333333333334,0.08199468004271296,10.0
16.666666666666668,0.05694662788370533,100.0
17.333333333333332,0.044496447107404136,10.0
15.0,0.07641690735836439,10.0
0.16666666666666666,1.0,250.0
19.0,0.044235184969613234,10.0
14.5,0.07304727948632596,250.0
15.333333333333334,0.07769222448187293,100.0
18.166666666666668,0.039679255965289234,10.0
17.333333333333332,0.0467960341640459,10.0
17.166666666666668,0.05966521124358413,10.0
15.166666666666666,0.06888768804354256,250.0
17.5,0.04761182949024124,10.0
13.833333333333334,0.09855800669300831,100.0
17.5,0.04761182949024124,10.0
11.333333333333334,0.16307588196306538,100.0
12.333333333333334,0.11498230353059652,250.0
15.0,0.07641690735836439,10.0
16.5,0.06042954544659948,60.0
11.833333333333334,0.1307373890993264,250.0
14.333333333333334,0.08222930340327086,10.0
18.0,0.043711798273422635,100.0
17.166666666666668,0.05289283183040292,250.0
13.166666666666666,0.09299922467963694,100.0
16.0,0.06202934986243192,100.0
13.666666666666666,0.0813286537923997,10.0
17.166666666666668,0.05289283183040292,250.0
17.333333333333332,0.055309930628529916,10.0
3.6666666666666665,0.5030857669350662,250.0
16.666666666666668,0.06093048097715601,100.0
3.5,0.48588684408865374,250.0
0.6666666666666666,1.0,250.0
18.166666666666668,0.04352758490080382,10.0
15.333333333333334,0.07769222448187293,100.0
17.5,0.04761182949024124,10.0
15.0,0.07641690735836439,10.0
19.333333333333332,0.042557542174179806,10.0
15.833333333333334,0.06511432874260943,100.0
12.833333333333334,0.11447055243528234,100.0
13.5,0.09963703857612764,250.0
16.833333333333332,0.06534937976188891,250.0
2.1666666666666665,0.6869166876078202,250.0
15.5,0.07407650845582638,100.0
17.333333333333332,0.057859528787698455,10.0
3.6666666666666665,0.5030857669350662,250.0
15.333333333333334,0.0747128221451082,250.0
18.0,0.052763740647616734,10.0
17.5,0.04724545227095678,100.0
18.0,0.043711798273422635,100.0
15.5,0.06309799495725117,100.0
10.833333333333334,0.1708528593724669,250.0
18.166666666666668,0.04950534524886974,250.0
16.0,0.06202934986243192,100.0
18.333333333333332,0.04487737792915837,100.0
0.3333333333333333,1.0,250.0
10.833333333333334,0.14899865940780727,100.0
17.5,0.04761182949024124,10.0
0.6666666666666666,1.0,250.0
16.833333333333332,0.06410659126251643,100.0
18.666666666666668,0.045023941260128736,100.0
17.666666666666668,0.06806379703532955,100.0
19.833333333333332,0.03895677011088192,10.0
17.333333333333332,0.0467960341640459,10.0
16.333333333333332,0.0464343595713178,10.0
0.6666666666666666,1.0,250.0
19.333333333333332,0.048269831116309114,250.0
21.333333333333332,0.03841790872839887,10.0
16.166666666666668,0.06892533526290821,10.0
17.666666666666668,0.04631856028344539,10.0
12.5,0.12190312403253811,100.0
17.333333333333332,0.044496447107404136,10.0
4.833333333333333,0.4514958848267508,250.0
0.3333333333333333,1.0,250.0
10.833333333333334,0.14899865940780727,100.0
1.8333333333333333,1.1703975361552654,10.0
15.5,0.07407650845582638,100.0
8.5,0.2696992530517284,100.0
21.5,0.03419991634715345,10.0
10.833333333333334,0.15542048159749494,250.0
1.8333333333333333,1.1703975361552654,10.0
19.0,0.044235184969613234,10.0
1.6666666666666667,0.7224939621369101,250.0
16.666666666666668,0.05694662788370533,100.0
6.333333333333333,0.32912426137025785,250.0
19.166666666666668,0.042439882492335636,10.0
1.8333333333333333,0.6414401806591148,250.0
7.833333333333333,0.2598419913782405,250.0
0.6666666666666666,1.0,250.0
14.5,0.08004436161478827,100.0
18.166666666666668,0.05026734260802398,10.0
10.833333333333334,0.1499577196065597,100.0
18.166666666666668,0.04851245075470706,10.0
11.833333333333334,0.14858058542234012,100.0
16.0,0.05661523579154024,100.0
0.6666666666666666,1.0,250.0
20.0,0.04551725704730367,10.0
13.0,0.11840259644758587,100.0
18.166666666666668,0.05026734260802398,10.0
11.833333333333334,0.14858058542234012,100.0
4.0,0.41997966025382305,250.0
18.333333333333332,0.05085616125443953,100.0
17.333333333333332,0.05240462987492664,100.0
19.166666666666668,0.047471277230146366,10.0
19.833333333333332,0.040533080831752784,10.0
17.666666666666668,0.05147337401203977,100.0
15.5,0.07259084439961233,100.0
19.0,0.041420142823480915,10.0
0.6666666666666666,1.0,250.0
14.0,0.0896893963550964,10.0
4.833333333333333,0.4042499250242537,250.0
5.5,0.41212205457916207,100.0
16.5,0.05259548428681453,100.0
4.666666666666667,0.47120060760609733,100.0
2.0,0.5112453275179434,250.0
9.833333333333334,0.2254719146910754,100.0
17.5,0.04452264827681774,10.0
19.166666666666668,0.04875127627285004,10.0
2.0,0.5338930392581558,250.0
4.333333333333333,0.44916360524900656,100.0
18.166666666666668,0.04851245075470706,10.0
16.5,0.04761758547622513,100.0
16.0,0.05661523579154024,100.0
15.166666666666666,0.07745289548893886,10.0
13.166666666666666,0.09976421542022462,100.0
10.5,0.1608581949654497,100.0
19.666666666666668,0.04003368908177213,10.0
0.3333333333333333,1.0,250.0
4.5,0.41048274021378106,250.0
20.5,0.03784877866358227,10.0
17.666666666666668,0.046880004519599894,10.0
15.166666666666666,0.07356582345417008,250.0
12.0,0.11439791991596655,250.0
13.333333333333334,0.10779074882256821,100.0
14.5,0.08975228306399272,100.0
18.0,0.047081350618138416,100.0
0.5,1.0,250.0
20.0,0.043602606657518396,10.0
10.0,0.19118502956141567,100.0
16.5,0.04761758547622513,100.0
16.5,0.04761758547622513,100.0
9.833333333333334,0.2254719146910754,100.0
13.333333333333334,0.10779074882256821,100.0
16.0,0.06704320727282038,100.0
20.0,0.037219931067047865,10.0
20.666666666666668,0.03865817822568279,10.0
18.5,0.043153173091147995,10.0
18.166666666666668,0.05089626070859466,10.0
19.666666666666668,0.04699062968197124,10.0
19.333333333333332,0.04534312090085484,10.0
18.166666666666668,0.04851245075470706,10.0
16.5,0.05259548428681453,100.0
15.166666666666666,0.07356582345417008,250.0
14.5,0.07381754495584501,100.0
12.0,0.12098521464816499,100.0
1.8333333333333333,0.6414401806591148,250.0
0.5,1.0,250.0
6.166666666666667,0.40714323090115206,100.0
20.833333333333332,0.03685730636461763,10.0
13.333333333333334,0.10779074882256821,100.0
10.333333333333334,0.1959908851135487,100.0
17.0,0.05539491938381585,100.0
16.5,0.05334849196601542,10.0
18.166666666666668,0.050813139669757056,100.0
0.5,1.0,250.0
18.5,0.043153173091147995,10.0
15.833333333333334,0.05859449620722784,100.0
16.5,0.04761758547622513,100.0
10.833333333333334,0.17559277849006044,100.0
18.333333333333332,0.05085616125443953,100.0
0.5,1.0,250.0
11.5,0.15826740714825185,250.0
18.166666666666668,0.04851245075470706,10.0
0.16666666666666666,1.0,250.0
19.166666666666668,0.042439882492335636,10.0
20.833333333333332,0.03685730636461763,10.0
19.0,0.041420142823480915,10.0
17.666666666666668,0.046880004519599894,10.0
2.0,0.5338930392581558,250.0
11.833333333333334,0.1439090532685235,100.0
17.666666666666668,0.04956326761293367,10.0
6.166666666666667,0.40714323090115206,100.0
19.0,0.041420142823480915,10.0
11.5,0.15826740714825185,250.0
3.6666666666666665,0.5299733605607374,250.0
20.333333333333332,0.03615363442073494,10.0
19.833333333333332,0.03808118181724299,10.0
16.166666666666668,0.07181674113044907,100.0
8.0,0.22222928059316496,250.0
3.6666666666666665,0.5299733605607374,250.0
16.166666666666668,0.057502883583480775,100.0
14.5,0.07747538954318843,100.0
10.0,0.16793387374551208,250.0
16.0,0.06318685790529717,100.0
8.0,0.22222928059316496,250.0
10.5,0.16533794307973332,250.0
18.333333333333332,0.04803689284388585,10.0
13.833333333333334,0.1024979013751733,100.0
0.3333333333333333,1.0,250.0
17.0,0.05125643747281448,10.0
11.333333333333334,0.15348722400592543,100.0
16.166666666666668,0.057502883583480775,100.0
17.333333333333332,0.049790328357960746,250.0
14.833333333333334,0.07325357361200603,100.0
18.833333333333332,0.0419022001049586,100.0
5.166666666666667,0.4515885984537968,100.0
17.333333333333332,0.05890212575282045,10.0
3.0,0.37352330406805134,100.0
18.0,0.04879857393850149,250.0
20.0,0.0377821893421089,10.0
18.333333333333332,0.04532251887009417,10.0
16.5,0.058647114005541956,10.0
17.0,0.05125643747281448,10.0
5.333333333333333,0.37629134182233104,100.0
18.0,0.04827203489021716,100.0
16.166666666666668,0.051379885348899514,100.0
19.166666666666668,0.039180078685414496,10.0
8.833333333333334,0.24495934952606832,100.0
15.0,0.07175843360484353,10.0
18.0,0.05040186579255925,100.0
17.333333333333332,0.05749910220950757,10.0
4.833333333333333,0.4482617687577033,250.0
14.833333333333334,0.07325357361200603,100.0
16.833333333333332,0.05481291941239501,100.0
18.666666666666668,0.048837271232085144,10.0
10.0,0.16793387374551208,250.0
13.833333333333334,0.1024979013751733,100.0
20.0,0.041990276004230775,10.0
14.666666666666666,0.07898886841507047,10.0
13.333333333333334,0.10292431924450227,100.0
5.166666666666667,0.4515885984537968,100.0
12.333333333333334,0.107287078847716,100.0
14.833333333333334,0.07325357361200603,100.0
8.333333333333334,0.2513133415941329,10.0
16.166666666666668,0.06071927387776851,100.0
0.8333333333333334,0.8430976057955443,250.0
0.6666666666666666,1.0,250.0
18.333333333333332,0.050985269556532965,10.0
17.166666666666668,0.05100056556747164,10.0
13.666666666666666,0.10769254933705955,250.0
18.333333333333332,0.04494775918536294,10.0
19.166666666666668,0.044617185083397376,10.0
5.333333333333333,0.4223945013809605,250.0
10.166666666666666,0.137699254956399,250.0
16.666666666666668,0.055948244508711734,10.0
17.333333333333332,0.049790328357960746,250.0
14.833333333333334,0.07325357361200603,100.0
12.5,0.11845687374583198,100.0
10.333333333333334,0.14634397912980987,100.0
10.5,0.18056257078052892,100.0
18.5,0.046161594093479946,10.0
21.833333333333332,0.03491387201408701,10.0
13.666666666666666,0.10769254933705955,250.0
10.833333333333334,0.16842050763755645,100.0
18.833333333333332,0.04741145693014827,10.0
5.5,0.39027427681664106,250.0
18.666666666666668,0.04234837025323176,10.0
13.166666666666666,0.10828263184470338,250.0
12.666666666666666,0.09662535074112945,100.0
19.333333333333332,0.03935335981118174,10.0
18.0,0.04879857393850149,250.0
3.8333333333333335,0.4740118790345015,250.0
21.333333333333332,0.032913698071622824,10.0
1.1666666666666667,0.6412495617509745,250.0
3.0,0.37352330406805134,100.0
9.0,0.2228964492166422,250.0
10.833333333333334,0.16842050763755645,100.0
9.0,0.2228964492166422,250.0
10.5,0.18056257078052892,100.0
9.666666666666666,0.2276125784750411,100.0
12.333333333333334,0.10777561120922091,10.0
11.333333333333334,0.1672864348593276,250.0
14.166666666666666,0.10164521072281602,250.0
12.5,0.11845687374583198,100.0
16.5,0.05978420106364305,250.0
20.166666666666668,0.03957349281597679,10.0
21.833333333333332,0.03491387201408701,10.0
10.833333333333334,0.16842050763755645,100.0
12.666666666666666,0.10742252932735745,250.0
17.166666666666668,0.05083262676466065,10.0
19.333333333333332,0.04074659424962327,10.0
7.5,0.33921303855970947,250.0
12.666666666666666,0.09662535074112945,100.0
15.5,0.06364853426231037,100.0
19.833333333333332,0.03937460033715518,10.0
15.333333333333334,0.08944418795309424,100.0
18.0,0.05029336531901668,100.0
15.5,0.0701474053390221,100.0
16.5,0.06086758042127738,10.0
17.666666666666668,0.05618183559713443,10.0
5.5,0.38517519111615955,250.0
16.333333333333332,0.05766935817154045,10.0
17.333333333333332,0.05333786682244504,10.0
2.0,0.48434208180211885,250.0
1.6666666666666667,0.8213696316512621,250.0
15.166666666666666,0.07213238141171747,10.0
8.5,0.25508575836492264,250.0
0.5,1.0,100.0
16.5,0.06338341567478385,100.0
4.5,0.5204678987703245,250.0
10.833333333333334,0.1585079490442282,100.0
19.333333333333332,0.03867469741303288,10.0
20.0,0.04477425839267495,10.0
11.166666666666666,0.1463663718451895,10.0
18.5,0.05738298778647367,100.0
19.5,0.046172935216924976,10.0
19.333333333333332,0.04239534152180468,10.0
6.666666666666667,0.3797848181154097,250.0
19.5,0.046172935216924976,10.0
13.833333333333334,0.08646389067395736,250.0
19.0,0.044943303547399734,10.0
14.5,0.08884116839462788,100.0
13.666666666666666,0.1063079704866988,100.0
18.5,0.05015032641226448,100.0
18.666666666666668,0.04537281826232616,10.0
20.666666666666668,0.03506092695800754,10.0
17.833333333333332,0.05358313694430471,100.0
18.166666666666668,0.047058767921735245,10.0
18.666666666666668,0.04681832030216109,10.0
18.0,0.04327441088310094,10.0
18.166666666666668,0.04820888126614106,10.0
15.166666666666666,0.07017748285007994,10.0
15.833333333333334,0.06228568813878427,10.0
18.833333333333332,0.042509971047048886,10.0
11.333333333333334,0.18076272859942047,10.0
14.5,0.08884116839462788,100.0
18.333333333333332,0.0482198649822154,10.0
15.166666666666666,0.07017748285007994,10.0
15.666666666666666,0.06417963636733522,100.0
18.5,0.05738298778647367,100.0
15.166666666666666,0.07017748285007994,10.0
18.166666666666668,0.04785696888888095,100.0
17.166666666666668,0.059325836730785994,100.0
1.1666666666666667,1.0081407261000426,250.0
1.8333333333333333,0.607537804129102,250.0
9.166666666666666,0.20389568990601672,250.0
1.5,0.8781089313170822,250.0
17.666666666666668,0.05618183559713443,10.0
0.5,1.0,100.0
19.0,0.04132616508595273,10.0
19.0,0.042795495448128905,10.0
18.833333333333332,0.042509971047048886,10.0
19.0,0.04132616508595273,10.0
16.166666666666668,0.06604574067706018,10.0
17.666666666666668,0.05618183559713443,10.0
1.1666666666666667,0.89927830883703,250.0
16.166666666666668,0.06642535603937323,10.0
20.666666666666668,0.03942569506081025,10.0
18.166666666666668,0.04820888126614106,10.0
19.0,0.04132616508595273,10.0
18.5,0.05015032641226448,100.0
16.833333333333332,0.053172405276722345,10.0
2.3333333333333335,0.4719235457452518,250.0
20.0,0.03861916751289391,10.0
18.166666666666668,0.04659258280484741,10.0
13.333333333333334,0.11248702184187231,10.0
16.666666666666668,0.059407099066773585,10.0
0.5,1.0,100.0
20.333333333333332,0.041193816337660755,10.0
12.5,0.1340195800702278,100.0
18.5,0.05015032641226448,100.0
17.166666666666668,0.059325836730785994,100.0
0.5,1.0,250.0
18.666666666666668,0.04681832030216109,10.0
16.833333333333332,0.053172405276722345,10.0
14.5,0.08884116839462788,100.0
15.5,0.06364853426231037,100.0
15.666666666666666,0.07518795199106845,100.0
0.5,1.0,250.0
18.166666666666668,0.04820888126614106,10.0
5.833333333333333,0.31463468096695263,250.0
19.666666666666668,0.04325324077837286,10.0
14.0,0.10223991744078775,250.0
10.5,0.21235580222438571,250.0
1.1666666666666667,0.49093213257101115,250.0
18.166666666666668,0.04785696888888095,100.0
15.5,0.0701474053390221,100.0
1.8333333333333333,0.47280524777012345,100.0
18.333333333333332,0.04254878301005085,10.0
17.333333333333332,0.0544808262248242,10.0
17.166666666666668,0.059325836730785994,100.0
8.0,0.2185648738513566,250.0
18.666666666666668,0.04537281826232616,10.0
14.166666666666666,0.09359579998928365,100.0
19.166666666666668,0.044448290909105,10.0
15.0,0.07914603462751525,100.0
17.0,0.051230523647708054,10.0
12.666666666666666,0.11659768451118736,250.0
12.833333333333334,0.12786069904607422,250.0
17.0,0.05524787450402562,100.0
17.0,0.05524787450402562,100.0
18.5,0.0447518189210017,100.0
0.16666666666666666,1.0,250.0
18.5,0.04890646302984031,10.0
11.833333333333334,0.13715106910406571,100.0
0.8333333333333334,0.6509607456917823,100.0
18.5,0.04836987167077628,10.0
3.5,0.5768507645364381,250.0
14.833333333333334,0.07840096096888599,250.0
12.833333333333334,0.09323724950426673,100.0
18.5,0.0447518189210017,100.0
19.0,0.04580534015985106,10.0
18.333333333333332,0.04986825919071896,10.0
18.166666666666668,0.052407273244440764,10.0
16.5,0.05952145833545448,100.0
16.833333333333332,0.05651052997750458,10.0
15.0,0.06931647030297393,100.0
15.166666666666666,0.0743283447744048,10.0
17.5,0.047066198502304986,10.0
20.5,0.03825836920706427,10.0
19.833333333333332,0.03875687974024774,100.0
15.666666666666666,0.0634726006766986,100.0
20.0,0.03352720789237054,10.0
12.166666666666666,0.11262629593030295,10.0
9.666666666666666,0.27319786202956753,100.0
21.0,0.037661717430506766,10.0
20.333333333333332,0.04139487733361351,10.0
14.166666666666666,0.09359579998928365,100.0
19.166666666666668,0.044448290909105,10.0
17.833333333333332,0.0493013662646776,10.0
12.0,0.11302225936996091,250.0
3.6666666666666665,0.5859404480745309,250.0
12.166666666666666,0.11262629593030295,10.0
1.0,0.707327455016133,250.0
15.166666666666666,0.0743283447744048,10.0
14.833333333333334,0.07840096096888599,250.0
16.333333333333332,0.060501827275118804,100.0
20.0,0.04268545258181119,10.0
13.0,0.10067241898597624,250.0
17.5,0.047066198502304986,10.0
0.16666666666666666,1.0,250.0
13.0,0.11891558852596892,250.0
17.666666666666668,0.04769218438491362,10.0
17.0,0.05328661539445292,100.0
17.666666666666668,0.0532396134505101,10.0
18.0,0.054595009006496276,10.0
18.5,0.04782471395726397,100.0
9.833333333333334,0.19825563686451494,100.0
8.166666666666666,0.25070223061726105,100.0
18.333333333333332,0.04666235491816947,100.0
0.16666666666666666,1.0,250.0
12.0,0.11302225936996091,250.0
18.5,0.04890646302984031,10.0
11.5,0.17074794855994258,250.0
19.5,0.03829510536807685,10.0
11.666666666666666,0.12964200751137853,100.0
13.0,0.10067241898597624,250.0
17.333333333333332,0.053432278154155556,10.0
21.0,0.037661717430506766,10.0
15.666666666666666,0.0634726006766986,100.0
12.0,0.11302225936996091,250.0
16.5,0.05952145833545448,100.0
18.166666666666668,0.05067106573782726,10.0
19.833333333333332,0.04017888497388709,10.0
19.833333333333332,0.04017888497388709,10.0
21.0,0.037661717430506766,10.0
0.3333333333333333,1.0,250.0
20.166666666666668,0.04430210791878619,10.0
0.16666666666666666,1.0,250.0
1.0,0.707327455016133,250.0
1.5,0.6515217885857234,250.0
17.666666666666668,0.0532396134505101,10.0
14.166666666666666,0.09359579998928365,100.0
20.333333333333332,0.04139487733361351,10.0
17.0,0.05524787450402562,100.0
17.666666666666668,0.04769218438491362,10.0
9.666666666666666,0.19548162245991801,100.0
0.5,1.0,250.0
19.166666666666668,0.04959495429190884,10.0
18.166666666666668,0.05067106573782726,10.0
11.166666666666666,0.15028555846681138,100.0
2.5,0.6617078328842296,250.0
10.833333333333334,0.1536871638456716,100.0
18.666666666666668,0.04223680483290974,10.0
16.5,0.05952145833545448,100.0
11.666666666666666,0.12964200751137853,100.0
22.166666666666668,0.029317140797147503,10.0
19.166666666666668,0.044448290909105,10.0
18.833333333333332,0.04814085986791227,10.0
17.833333333333332,0.0493013662646776,10.0
4.666666666666667,0.3823055047382472,100.0
18.5,0.0447518189210017,100.0
20.333333333333332,0.039723141714566056,10.0
17.833333333333332,0.04528920367573372,10.0
15.666666666666666,0.05928276113358985,100.0
19.166666666666668,0.03978450979394596,10.0
16.666666666666668,0.0632633092772716,100.0
9.333333333333334,0.24525008390269706,100.0
15.166666666666666,0.07460767791952816,100.0
19.833333333333332,0.04182862064641461,10.0
9.333333333333334,0.24525008390269706,100.0
8.833333333333334,0.23555946984160067,250.0
11.333333333333334,0.159350407991807,100.0
19.0,0.042326477840604955,10.0
12.166666666666666,0.128029321931888,250.0
17.5,0.05246629893710311,10.0
16.0,0.05574846175561249,100.0
19.5,0.04405783412022058,10.0
9.0,0.20697720255618737,250.0
13.333333333333334,0.10941952967272318,250.0
9.333333333333334,0.24525008390269706,100.0
16.666666666666668,0.0632633092772716,100.0
13.333333333333334,0.08629477832956038,100.0
17.5,0.055701560198249615,10.0
17.5,0.04233276134895682,10.0
16.333333333333332,0.05620584945310522,100.0
12.666666666666666,0.13423371592250619,100.0
5.166666666666667,0.552532581994138,100.0
12.5,0.1261928450109097,100.0
18.166666666666668,0.04924374086917842,10.0
3.5,0.8048300615211377,250.0
12.833333333333334,0.1274146147745676,250.0
1.1666666666666667,0.5545197851470598,250.0
17.833333333333332,0.0467120772993521,100.0
20.833333333333332,0.04007556272505657,10.0
19.0,0.047303390120968465,10.0
19.166666666666668,0.044280739196127995,10.0
19.0,0.03894688688949321,10.0
13.333333333333334,0.10941952967272318,250.0
0.8333333333333334,0.6878232001069365,250.0
19.5,0.04446868218421811,10.0
17.0,0.05612411057288485,100.0
1.3333333333333333,1.0498838213462456,250.0
2.3333333333333335,0.4694992083902621,250.0
6.666666666666667,0.3468897453488781,250.0
19.5,0.044657849588474484,10.0
16.0,0.061811889983571226,10.0
19.166666666666668,0.04579141506647912,10.0
16.833333333333332,0.07014775009819017,100.0
10.0,0.18804534255999758,100.0
19.5,0.04405783412022058,10.0
16.0,0.05574846175561249,100.0
17.333333333333332,0.052923458177487386,10.0
14.0,0.09281618660232614,100.0
8.666666666666666,0.22906478888446322,250.0
17.333333333333332,0.05025907782746511,100.0
17.833333333333332,0.04528920367573372,10.0
21.333333333333332,0.03635922189223683,10.0
19.833333333333332,0.04584784062858467,10.0
13.666666666666666,0.11790903926905036,10.0
13.5,0.1056986140384557,250.0
16.666666666666668,0.04687503404937347,10.0
17.833333333333332,0.05045216630503877,100.0
6.666666666666667,0.3468897453488781,250.0
15.666666666666666,0.07395844545044877,60.0
13.166666666666666,0.10915937145566541,100.0
14.0,0.09281618660232614,100.0
11.333333333333334,0.1486881327495222,100.0
19.666666666666668,0.040934141758938204,10.0
10.333333333333334,0.19287452169644273,100.0
2.5,0.6388843099558035,250.0
0.16666666666666666,1.0,250.0
15.333333333333334,0.06538493943462989,100.0
13.333333333333334,0.10941952967272318,250.0
14.5,0.07284369978648297,100.0
0.16666666666666666,1.0,250.0
15.833333333333334,0.06550115402994353,250.0
1.6666666666666667,0.7267907918960584,100.0
2.1666666666666665,0.5469650577650584,250.0
13.166666666666666,0.10915937145566541,100.0
19.0,0.047303390120968465,10.0
15.333333333333334,0.06538493943462989,100.0
19.833333333333332,0.04584784062858467,10.0
20.0,0.044194945163284344,10.0
13.666666666666666,0.11790903926905036,10.0
16.833333333333332,0.05437009671601005,10.0
16.5,0.04455687673139388,100.0
18.833333333333332,0.047546586009985875,10.0
18.166666666666668,0.04924374086917842,10.0
20.666666666666668,0.03625165173442114,10.0
9.833333333333334,0.1662908278894676,100.0
18.666666666666668,0.053985575800117265,10.0
16.833333333333332,0.053305144110306235,100.0
16.833333333333332,0.05437009671601005,10.0
19.166666666666668,0.04579141506647912,10.0
16.5,0.06876889793226473,100.0
19.5,0.044657849588474484,10.0
15.166666666666666,0.08230442180574639,100.0
20.833333333333332,0.04007556272505657,10.0
15.666666666666666,0.05928276113358985,100.0
0.8333333333333334,0.6878232001069365,250.0
5.166666666666667,0.552532581994138,100.0
0.16666666666666666,1.0,250.0
8.833333333333334,0.21269447561723,100.0
15.666666666666666,0.07103778235502316,250.0
3.8333333333333335,0.5184503557952235,250.0
19.166666666666668,0.04321175245109854,10.0
18.333333333333332,0.049703877399904166,10.0
14.666666666666666,0.09613021820403013,100.0
15.0,0.0719178175798292,250.0
13.333333333333334,0.1057354709850496,250.0
16.0,0.05900192790190711,10.0
7.833333333333333,0.2628376035201325,250.0
13.666666666666666,0.10539393702624972,100.0
6.666666666666667,0.3377468225370036,100.0
18.5,0.05137377228914324,10.0
20.166666666666668,0.04337468740758786,10.0
14.166666666666666,0.08559535904201615,10.0
18.166666666666668,0.04152898427874842,10.0
12.5,0.11567827487304783,10.0
17.5,0.05453042501195431,10.0
8.0,0.29487678952202645,250.0
20.0,0.03944160479661974,10.0
15.0,0.06574331126351622,100.0
10.5,0.15609136334462767,250.0
17.833333333333332,0.04500289397260199,10.0
0.16666666666666666,1.0,250.0
18.0,0.043566635434170504,100.0
18.166666666666668,0.052846546251373916,10.0
12.166666666666666,0.1543471434932544,250.0
17.166666666666668,0.05736361472846624,100.0
6.166666666666667,0.30078085083141665,250.0
16.666666666666668,0.05968520548927575,100.0
16.5,0.05480353674557081,100.0
5.666666666666667,0.41346637888045795,250.0
17.5,0.05453042501195431,10.0
18.166666666666668,0.04152898427874842,10.0
18.5,0.042323036183293646,10.0
14.333333333333334,0.0884081061232204,250.0
7.666666666666667,0.25636286487868637,250.0
1.5,0.5007869366094017,250.0
14.833333333333334,0.09059303254983962,100.0
19.0,0.04532328305669576,10.0
16.666666666666668,0.05938118533884106,10.0
17.166666666666668,0.05736361472846624,100.0
16.666666666666668,0.06246010893068593,100.0
1.8333333333333333,0.7932707031197804,100.0
15.0,0.0719178175798292,250.0
17.5,0.0527221488191241,10.0
6.666666666666667,0.3377468225370036,100.0
17.0,0.05452667182511257,10.0
18.833333333333332,0.04682176051180399,10.0
15.0,0.08164908088223095,100.0
10.5,0.15609136334462767,250.0
19.333333333333332,0.04278128278769088,10.0
15.166666666666666,0.07491415572075638,100.0
2.3333333333333335,0.4022563000461417,100.0
10.5,0.15609136334462767,250.0
18.333333333333332,0.04949836767489739,100.0
14.833333333333334,0.09059303254983962,100.0
13.666666666666666,0.10050613985174801,10.0
16.333333333333332,0.05692877874352437,100.0
3.5,0.6293326771451884,250.0
12.166666666666666,0.1543471434932544,250.0
15.0,0.08164908088223095,100.0
13.333333333333334,0.09851872490720827,100.0
7.833333333333333,0.32598579765349767,250.0
10.5,0.15609136334462767,250.0
11.666666666666666,0.1219397773495808,10.0
20.0,0.04187460509538337,10.0
8.5,0.3098570817278206,250.0
13.166666666666666,0.09408205096990786,100.0
17.166666666666668,0.06016142757194186,100.0
6.5,0.32815242923273974,10.0
9.666666666666666,0.23017212509561066,250.0
5.666666666666667,0.41346637888045795,250.0
0.16666666666666666,1.0,250.0
17.833333333333332,0.049884715900084066,100.0
11.166666666666666,0.15563508281443048,250.0
16.5,0.05480353674557081,100.0
17.5,0.04900366513507296,100.0
7.833333333333333,0.32598579765349767,250.0
18.0,0.04866662896928221,10.0
10.0,0.1794325265272057,100.0
2.8333333333333335,0.7044420260686366,250.0
17.833333333333332,0.05652730839797137,10.0
2.0,1.405737324727575,250.0
17.833333333333332,0.05652730839797137,10.0
13.333333333333334,0.1057354709850496,250.0
17.833333333333332,0.0561566455612079,250.0
20.0,0.04187460509538337,10.0
15.5,0.06850646387844911,100.0
9.666666666666666,0.23017212509561066,250.0
12.166666666666666,0.1543471434932544,250.0
14.166666666666666,0.09519768945190527,100.0
18.0,0.05765096018194517,10.0
17.0,0.05946416682723237,10.0
14.166666666666666,0.09519768945190527,100.0
2.5,0.863498807043478,250.0
16.0,0.05326767416543912,10.0
20.666666666666668,0.039580246195710884,10.0
18.666666666666668,0.04101013961303555,10.0
19.0,0.04081574150000481,10.0
18.833333333333332,0.04095267444899992,10.0
19.666666666666668,0.04112942894197007,10.0
11.666666666666666,0.15134474915060822,100.0
11.666666666666666,0.15134474915060822,100.0
0.3333333333333333,1.0,250.0
12.166666666666666,0.11470992388458034,100.0
14.333333333333334,0.08830969001996018,100.0
12.0,0.13081678218583312,250.0
17.333333333333332,0.05297886085130183,100.0
18.833333333333332,0.04846383615381121,60.0
0.16666666666666666,1.0,250.0
18.166666666666668,0.05238762272026751,10.0
17.5,0.05104636532656557,100.0
5.5,0.47734729327694203,250.0
15.166666666666666,0.08101702713393209,10.0
17.5,0.05104636532656557,100.0
12.166666666666666,0.11470992388458034,100.0
14.666666666666666,0.08399321447295789,100.0
2.6666666666666665,0.518593607259417,250.0
12.666666666666666,0.11750593590236282,100.0
18.0,0.04376002126169139,100.0
14.666666666666666,0.09268483384129972,250.0
18.5,0.04222434535645187,100.0
15.5,0.06942715899694454,100.0
12.666666666666666,0.11750593590236282,100.0
15.5,0.06942715899694454,100.0
1.0,1.1477870036070474,250.0
0.16666666666666666,1.0,250.0
18.0,0.05186957881307816,10.0
19.833333333333332,0.041471384595459994,10.0
17.0,0.05843861365746388,250.0
19.5,0.0407467082935023,10.0
17.166666666666668,0.05353774556131142,10.0
2.6666666666666665,0.518593607259417,250.0
19.833333333333332,0.042439913256491095,10.0
17.333333333333332,0.05297886085130183,100.0
7.833333333333333,0.2827517385835458,250.0
18.833333333333332,0.04841431931952039,10.0
16.166666666666668,0.05897265243606686,100.0
9.5,0.20615001983970246,100.0
18.166666666666668,0.04193138121175714,10.0
5.5,0.4711027749333188,250.0
15.666666666666666,0.06434427899697305,100.0
20.833333333333332,0.03934568761561007,10.0
18.666666666666668,0.045144583454436955,10.0
13.166666666666666,0.09743923833066369,100.0
18.0,0.05186957881307816,10.0
6.833333333333333,0.28258041588508986,250.0
19.666666666666668,0.04112942894197007,10.0
18.166666666666668,0.04833391149386193,10.0
18.333333333333332,0.042831888184609083,10.0
15.5,0.07362845933958567,250.0
17.0,0.058147222540712036,100.0
18.666666666666668,0.04235721267548272,10.0
17.0,0.05348943962625854,10.0
15.666666666666666,0.06434427899697305,100.0
16.666666666666668,0.059589953354034594,10.0
2.6666666666666665,0.518593607259417,250.0
17.0,0.05348943962625854,10.0
1.0,1.1477870036070474,250.0
17.333333333333332,0.04884807491005135,10.0
0.16666666666666666,1.0,250.0
15.166666666666666,0.0635695207335617,100.0
12.666666666666666,0.11368005874831616,250.0
7.833333333333333,0.2827517385835458,250.0
13.166666666666666,0.09743923833066369,100.0
19.833333333333332,0.04534366738676278,10.0
16.5,0.05469084974264846,250.0
0.16666666666666666,1.0,250.0
18.0,0.051788662498009265,100.0
19.0,0.04081574150000481,10.0
20.833333333333332,0.03934568761561007,10.0
13.166666666666666,0.1024844910527764,100.0
18.0,0.04225011991375393,100.0
14.333333333333334,0.08696385798821446,100.0
0.5,1.0,250.0
16.166666666666668,0.05897265243606686,100.0
11.666666666666666,0.15134474915060822,100.0
13.666666666666666,0.08925339584453135,250.0
5.5,0.47734729327694203,250.0
15.5,0.07813728145268754,100.0
18.333333333333332,0.04820042538974018,10.0
6.833333333333333,0.28258041588508986,250.0
15.166666666666666,0.0635695207335617,100.0
15.0,0.06907891700974576,100.0
10.666666666666666,0.16218353274969707,250.0
15.5,0.07813728145268754,100.0
16.0,0.07035018148894165,250.0
1.0,0.8113658220408879,100.0
15.833333333333334,0.06965404125797964,10.0
15.0,0.07808044095963498,100.0
13.666666666666666,0.08925339584453135,250.0
20.666666666666668,0.035391472585460264,10.0
12.0,0.10515408614717651,250.0
17.833333333333332,0.05309420079177041,10.0
9.0,0.2112420802100522,250.0
19.333333333333332,0.0423856260152191,10.0
14.333333333333334,0.08982057239480366,250.0
9.666666666666666,0.20212651661686615,250.0
14.833333333333334,0.08060921363923039,250.0
10.0,0.15875113898754578,250.0
18.833333333333332,0.04202370555055603,10.0
16.666666666666668,0.05633281579400577,100.0
6.166666666666667,0.35728875486045764,250.0
17.5,0.052788942210266344,100.0
18.833333333333332,0.04311469460770771,10.0
19.5,0.040867162134910096,10.0
11.833333333333334,0.12885629917306812,100.0
1.0,0.45315004546164955,100.0
18.833333333333332,0.0484610354634097,100.0
17.166666666666668,0.05139101462734009,100.0
18.833333333333332,0.04311469460770771,10.0
17.833333333333332,0.04792208063892102,100.0
16.666666666666668,0.05633281579400577,100.0
22.0,0.03514375690814983,10.0
1.5,0.7322347172310633,250.0
18.5,0.04840101822446791,100.0
6.0,0.37811808266586067,250.0
21.166666666666668,0.03563570161788293,10.0
20.0,0.04135450372029701,10.0
0.16666666666666666,1.0,250.0
12.666666666666666,0.10034174001149074,100.0
12.5,0.1451259204931904,250.0
2.1666666666666665,0.4912191287041274,250.0
15.666666666666666,0.06941525059434224,100.0
14.333333333333334,0.09453134499744265,250.0
1.0,0.5421587779526058,100.0
11.5,0.17059378516977425,250.0
8.166666666666666,0.218493552630805,10.0
19.5,0.040867162134910096,10.0
13.666666666666666,0.09358882469500489,100.0
13.833333333333334,0.10768396822481982,100.0
4.166666666666667,0.4042333861291298,250.0
12.166666666666666,0.14424357670636337,100.0
1.6666666666666667,0.47464328830667807,250.0
0.16666666666666666,1.0,250.0
10.833333333333334,0.18695989110330638,100.0
18.333333333333332,0.047566092944162454,10.0
17.5,0.05552993071350181,100.0
19.0,0.0402753520256241,10.0
15.5,0.06199091426162991,100.0
13.666666666666666,0.0964168129156849,250.0
6.0,0.37811808266586067,250.0
1.0,0.45315004546164955,100.0
20.166666666666668,0.03689289778781688,10.0
16.666666666666668,0.06060811509249155,100.0
15.5,0.06328065669833811,10.0
20.166666666666668,0.03689289778781688,10.0
16.666666666666668,0.05633281579400577,100.0
18.666666666666668,0.04427614768875675,10.0
16.0,0.07188099774464028,100.0
18.5,0.04840101822446791,100.0
13.5,0.08519952958198075,10.0
17.5,0.05451351990764771,10.0
18.833333333333332,0.044082408009264815,250.0
16.666666666666668,0.05893774326544598,100.0
6.0,0.37811808266586067,250.0
20.666666666666668,0.04038316539456805,10.0
17.666666666666668,0.049632419778997496,10.0
16.666666666666668,0.06410565864751122,100.0
4.166666666666667,0.4042333861291298,250.0
13.5,0.10295990983887743,250.0
17.833333333333332,0.052886838752358147,100.0
13.333333333333334,0.0969688680597387,250.0
20.666666666666668,0.04038316539456805,10.0
16.0,0.06913446245138452,100.0
17.5,0.0543580298492916,10.0
16.166666666666668,0.05592044021819405,100.0
16.333333333333332,0.05509009061033884,100.0
12.0,0.11640827933222307,10.0
16.833333333333332,0.04940609281355395,100.0
20.0,0.039890038269852574,10.0
5.0,0.47182390085522596,100.0
18.666666666666668,0.048062146678029036,10.0
20.5,0.03858974967331032,10.0
19.0,0.0402753520256241,10.0
10.833333333333334,0.15788505530371616,250.0
15.833333333333334,0.06624572686686009,100.0
16.5,0.061148575920741466,100.0
12.5,0.1451259204931904,250.0
20.166666666666668,0.041407269867545435,10.0
12.666666666666666,0.1305607673965136,100.0
20.0,0.03646638457497941,10.0
19.0,0.0402753520256241,10.0
15.5,0.06199091426162991,100.0
14.666666666666666,0.0796792421831923,10.0
9.0,0.2770923048191217,250.0
18.0,0.04158134146236081,10.0
18.833333333333332,0.044082408009264815,250.0
14.0,0.09347818012813591,250.0
0.16666666666666666,1.0,250.0
4.166666666666667,0.4042333861291298,250.0
16.833333333333332,0.04952565404073232,100.0
14.833333333333334,0.08368851215400676,100.0
20.5,0.03858974967331032,10.0
11.5,0.15440150904700334,100.0
16.833333333333332,0.051775035558790705,10.0
14.833333333333334,0.0701721762645879,10.0
16.666666666666668,0.06490916369931611,250.0
0.16666666666666666,1.0,250.0
12.666666666666666,0.08971721763522848,100.0
12.5,0.11825168979118492,100.0
16.333333333333332,0.06456427600669384,100.0
1.3333333333333333,0.7949938722131209,250.0
13.5,0.11033126230819595,100.0
5.166666666666667,0.41541108481978867,250.0
19.166666666666668,0.039641926423180644,10.0
21.5,0.0360067848805055,10.0
15.333333333333334,0.07337068326748615,100.0
18.5,0.04413441565092052,10.0
11.833333333333334,0.1541332308127597,100.0
11.833333333333334,0.1541332308127597,100.0
17.166666666666668,0.041911051592893135,10.0
14.5,0.08000038003269974,100.0
19.833333333333332,0.03987949738621058,10.0
18.0,0.05065622273244417,10.0
10.5,0.17222658786427084,100.0
3.6666666666666665,0.41025230533072854,100.0
17.833333333333332,0.051129171190829166,10.0
3.8333333333333335,0.48833458966624543,250.0
12.333333333333334,0.10511206436068916,100.0
21.0,0.03782517306168778,10.0
18.5,0.047374746207251336,10.0
10.5,0.17222658786427084,100.0
16.333333333333332,0.05169986982753806,10.0
13.666666666666666,0.0881400183841223,100.0
19.833333333333332,0.04471724344455366,10.0
11.166666666666666,0.14621365345515236,250.0
18.333333333333332,0.055497341783414346,10.0
21.166666666666668,0.03751867060801943,10.0
6.166666666666667,0.35468061115375354,250.0
14.166666666666666,0.08116449006704406,100.0
19.5,0.04634153421600981,10.0
16.0,0.06934379807276772,100.0
20.833333333333332,0.03499585972101139,10.0
5.166666666666667,0.41541108481978867,250.0
1.3333333333333333,0.799421819175707,100.0
19.5,0.04634153421600981,10.0
16.833333333333332,0.05706658604597114,100.0
18.0,0.04259738247882527,10.0
18.166666666666668,0.04759757692861426,10.0
19.0,0.04412636441756099,100.0
21.333333333333332,0.036842755229286456,10.0
11.5,0.14306743222527854,100.0
14.666666666666666,0.08679297089621925,250.0
21.0,0.03782517306168778,10.0
14.833333333333334,0.08074098001202863,100.0
19.166666666666668,0.04984521204161847,10.0
13.0,0.1169878891555922,100.0
18.5,0.04451875003730717,10.0
1.3333333333333333,0.7949938722131209,250.0
0.5,1.0,250.0
19.833333333333332,0.03705860259509361,10.0
15.333333333333334,0.07858526516615914,100.0
6.0,0.3730307484567717,100.0
4.0,0.5375830855062301,100.0
0.3333333333333333,1.0,250.0
9.666666666666666,0.22724608696959422,100.0
19.0,0.04412636441756099,100.0
18.5,0.04479941818638118,10.0
13.666666666666666,0.10135387335178306,250.0
17.833333333333332,0.04975817254384549,10.0
19.333333333333332,0.04393690093093063,10.0
17.0,0.051490678624932264,10.0
17.333333333333332,0.051493120555341144,100.0
20.166666666666668,0.039185636400720786,10.0
16.333333333333332,0.05169986982753806,10.0
21.833333333333332,0.033467795482328,10.0
6.666666666666667,0.35133526391654474,250.0
8.833333333333334,0.1893076015425169,10.0
10.833333333333334,0.16461397561180416,250.0
12.333333333333334,0.10511206436068916,100.0
21.0,0.03782517306168778,10.0
19.0,0.04616282993089475,100.0
3.6666666666666665,0.41025230533072854,100.0
13.0,0.1169878891555922,100.0
3.6666666666666665,0.41025230533072854,100.0
21.833333333333332,0.033467795482328,10.0
11.833333333333334,0.1541332308127597,100.0
6.666666666666667,0.35133526391654474,250.0
18.666666666666668,0.04534324313205105,100.0
17.333333333333332,0.04900724731680019,10.0
19.166666666666668,0.039641926423180644,10.0
0.3333333333333333,1.0,250.0
19.0,0.04412636441756099,100.0
17.666666666666668,0.051837584839654956,10.0
18.666666666666668,0.04534324313205105,100.0
16.833333333333332,0.04419053904517919,100.0
3.6666666666666665,0.41025230533072854,100.0
15.0,0.08574965895425732,100.0
19.5,0.04358910995246173,10.0
15.0,0.07214921134270534,100.0
0.5,1.0,250.0
19.333333333333332,0.04181906830200777,100.0
13.333333333333334,0.09101683879967126,100.0
20.166666666666668,0.035832252201608426,10.0
2.1666666666666665,0.5081677000730979,250.0
4.166666666666667,0.5072829305038987,250.0
17.833333333333332,0.05482652179981196,10.0
9.0,0.20813152307891317,250.0
8.0,0.24952486961612388,100.0
2.1666666666666665,0.5081677000730979,250.0
13.0,0.10183795866585907,100.0
19.333333333333332,0.04173538043549551,10.0
13.833333333333334,0.07534164950326533,250.0
16.333333333333332,0.06127084508547572,10.0
15.333333333333334,0.06975451179119907,100.0
0.6666666666666666,1.0,250.0
1.6666666666666667,0.7602335083184744,100.0
1.6666666666666667,0.7602335083184744,100.0
18.333333333333332,0.045729834966637746,10.0
18.166666666666668,0.0458831857736185,100.0
17.833333333333332,0.04545601974271105,10.0
15.333333333333334,0.08109162733846642,100.0
21.0,0.03784326425953204,10.0
15.0,0.07760502964997879,100.0
17.5,0.04692809945882025,100.0
1.6666666666666667,0.7735360864440227,100.0
5.666666666666667,0.43506733490035726,100.0
17.166666666666668,0.05484796054735743,100.0
18.833333333333332,0.047480134041386506,10.0
10.0,0.17925018594718445,100.0
20.166666666666668,0.035832252201608426,10.0
15.166666666666666,0.07217436465599912,100.0
1.6666666666666667,0.3643985585506003,100.0
9.166666666666666,0.23379697568139973,100.0
9.0,0.23154756390730044,250.0
7.5,0.3030395820652424,250.0
15.333333333333334,0.06975451179119907,100.0
13.666666666666666,0.10771336047453593,250.0
0.16666666666666666,1.0,250.0
17.5,0.04560102851281684,10.0
1.8333333333333333,0.5295169552393179,250.0
17.333333333333332,0.04494321774857948,100.0
1.6666666666666667,0.7602335083184744,100.0
7.5,0.3030395820652424,250.0
18.333333333333332,0.045729834966637746,10.0
17.166666666666668,0.05466248842666825,10.0
17.333333333333332,0.05133771544430934,100.0
16.166666666666668,0.05900025272042241,100.0
11.166666666666666,0.1368285111855676,10.0
19.833333333333332,0.04048068290285547,10.0
8.0,0.26733683201758424,100.0
15.333333333333334,0.06993632079970279,100.0
11.166666666666666,0.1368285111855676,10.0
17.666666666666668,0.05430408200474198,100.0
13.333333333333334,0.09987290553441988,250.0
18.166666666666668,0.0458831857736185,100.0
14.166666666666666,0.08091426798865874,100.0
13.0,0.10183795866585907,100.0
8.666666666666666,0.22132564976593172,250.0
19.833333333333332,0.04048068290285547,10.0
15.0,0.07760502964997879,100.0
21.0,0.035524546079492306,10.0
15.0,0.07760502964997879,100.0
16.333333333333332,0.061533347648117846,10.0
17.5,0.04560102851281684,10.0
15.166666666666666,0.06624330556803959,250.0
18.666666666666668,0.04725301504046077,100.0
1.6666666666666667,0.3643985585506003,100.0
11.166666666666666,0.15496457196593713,250.0
13.166666666666666,0.12754892211868415,250.0
18.5,0.05177319017029303,10.0
19.5,0.04063347891794318,10.0
13.5,0.11231972405107281,250.0
12.833333333333334,0.11628073738487378,250.0
15.666666666666666,0.06005930722499573,10.0
11.666666666666666,0.12674570067464314,250.0
17.666666666666668,0.05430408200474198,100.0
3.8333333333333335,0.5131488318998471,100.0
3.3333333333333335,0.34611849611051043,10.0
18.166666666666668,0.045548658446034465,10.0
17.5,0.04692809945882025,100.0
17.166666666666668,0.05466248842666825,10.0
13.833333333333334,0.07534164950326533,250.0
4.333333333333333,0.4496059949747106,250.0
3.3333333333333335,0.34611849611051043,10.0
15.166666666666666,0.07217436465599912,100.0
11.5,0.13927687798302252,100.0
18.166666666666668,0.0458831857736185,100.0
11.333333333333334,0.13037680696525208,100.0
17.833333333333332,0.05303582000409138,10.0
13.833333333333334,0.07534164950326533,250.0
19.833333333333332,0.039589048238187007,10.0
13.333333333333334,0.09987290553441988,250.0
15.166666666666666,0.07217436465599912,100.0
18.333333333333332,0.04200596230080986,100.0
14.833333333333334,0.06846491956707651,100.0
16.333333333333332,0.061533347648117846,10.0
5.666666666666667,0.4557036890311426,250.0
0.8333333333333334,1.0826224185510904,250.0
14.833333333333334,0.07515846059760802,250.0
16.0,0.05675569860758444,10.0
14.333333333333334,0.07890737481482406,100.0
14.666666666666666,0.07974874552706708,250.0
16.0,0.05804980786385546,250.0
16.5,0.05310654020562683,100.0
19.5,0.037736656676463545,10.0
16.5,0.05995608970234141,10.0
17.0,0.05416790079993553,10.0
19.0,0.04062893049534566,10.0
18.0,0.04958913217755698,10.0
6.0,0.323488729657067,250.0
19.666666666666668,0.04433431489577802,10.0
17.5,0.04871872365589499,10.0
5.5,0.5173726705792089,250.0
16.333333333333332,0.06739848468650989,10.0
2.6666666666666665,0.5624975620812782,250.0
17.0,0.05416790079993553,10.0
14.333333333333334,0.07104957316197702,100.0
17.166666666666668,0.05841228222119036,100.0
3.0,0.7721285844879167,250.0
6.833333333333333,0.35253157154837306,250.0
18.833333333333332,0.05102036429576916,100.0
20.0,0.03395761753889893,10.0
13.833333333333334,0.09183774652413229,100.0
16.333333333333332,0.05166285919140446,10.0
14.833333333333334,0.08881790495276637,100.0
17.666666666666668,0.05050088962699901,100.0
19.5,0.037434662867878395,100.0
20.0,0.03552566536411598,10.0
19.666666666666668,0.04433431489577802,10.0
20.0,0.0396426322569841,10.0
1.1666666666666667,0.6423975800494512,250.0
17.666666666666668,0.047414303820798476,10.0
1.6666666666666667,0.6796710452287046,250.0
15.333333333333334,0.07288240847269654,250.0
20.833333333333332,0.03279277883446334,10.0
0.6666666666666666,1.0,100.0
17.833333333333332,0.05146219410129061,100.0
10.166666666666666,0.1749628296991947,250.0
16.333333333333332,0.05166285919140446,10.0
19.5,0.03634848272471559,10.0
16.333333333333332,0.05470531953353546,100.0
14.166666666666666,0.0796737580622692,10.0
12.166666666666666,0.13736335222650944,250.0
8.666666666666666,0.26817963280008994,250.0
0.6666666666666666,1.0,100.0
16.0,0.05804980786385546,250.0
18.0,0.04537798983889556,100.0
15.333333333333334,0.07288240847269654,250.0
16.833333333333332,0.06089798075020242,100.0
18.0,0.04958913217755698,10.0
19.0,0.04175774392190193,10.0
16.333333333333332,0.055268461157526795,100.0
20.0,0.03552566536411598,10.0
16.5,0.05487645127829647,100.0
15.333333333333334,0.07288240847269654,250.0
7.666666666666667,0.27030330081361437,250.0
16.0,0.06333882808855171,100.0
7.0,0.31409190900644895,250.0
10.333333333333334,0.18415003261615429,100.0
2.3333333333333335,0.5623640459550937,250.0
4.333333333333333,0.5486585378018792,250.0
11.666666666666666,0.13151526997994958,250.0
19.666666666666668,0.040813977693685576,10.0
16.0,0.05804980786385546,250.0
10.0,0.21234079088899246,250.0
14.333333333333334,0.07890737481482406,100.0
19.5,0.03634848272471559,10.0
13.333333333333334,0.11681074423792796,100.0
14.666666666666666,0.0802446353697786,100.0
17.166666666666668,0.053542702554941625,60.0
2.6666666666666665,0.5624975620812782,250.0
4.333333333333333,0.5486585378018792,250.0
20.0,0.03395761753889893,10.0
16.0,0.06333882808855171,100.0
16.833333333333332,0.05810120901885347,10.0
0.6666666666666666,1.0,250.0
17.333333333333332,0.05853415152409361,250.0
5.166666666666667,0.3689652069664061,250.0
20.833333333333332,0.03279277883446334,10.0
0.3333333333333333,1.0,250.0
13.833333333333334,0.09183774652413229,100.0
14.333333333333334,0.09556138027181771,250.0
15.5,0.07260481093211835,10.0
21.166666666666668,0.033303806556244424,10.0
17.833333333333332,0.051427750148282436,10.0
20.666666666666668,0.039259172735162357,10.0
3.8333333333333335,0.577632798343769,100.0
17.0,0.054942321381473216,10.0
4.166666666666667,0.4873884080524431,250.0
16.0,0.06333882808855171,100.0
17.166666666666668,0.053542702554941625,60.0
4.333333333333333,0.5917971647387407,250.0
16.833333333333332,0.05418892751238849,100.0
19.666666666666668,0.04433431489577802,10.0
18.0,0.04537798983889556,100.0
0.5,1.0,250.0
19.666666666666668,0.040813977693685576,10.0
16.333333333333332,0.05921407015963395,10.0
10.833333333333334,0.16429266750757787,100.0
18.5,0.04753755606592339,10.0
18.5,0.04753755606592339,10.0
17.0,0.047066944943405076,10.0
8.5,0.24965491542299714,250.0
12.333333333333334,0.11468451572290689,100.0
19.0,0.04295514049811077,100.0
18.833333333333332,0.041727398762385695,100.0
17.666666666666668,0.048438720673035805,100.0
19.833333333333332,0.0383613808486236,10.0
14.833333333333334,0.0790029807058886,100.0
18.833333333333332,0.04268918222276313,10.0
18.0,0.04847106831724826,10.0
20.333333333333332,0.04153407985310233,10.0
14.833333333333334,0.0790029807058886,100.0
18.166666666666668,0.04854209773182632,10.0
11.5,0.15371695828348705,250.0
19.333333333333332,0.04348719224770117,10.0
14.333333333333334,0.09499345403910824,100.0
8.5,0.24963235087691282,100.0
6.0,0.35531172521826265,250.0
6.0,0.35531172521826265,250.0
19.333333333333332,0.04238298285985373,10.0
17.0,0.06310359754061343,100.0
15.833333333333334,0.0756753594459275,100.0
17.333333333333332,0.05306724975009111,10.0
16.166666666666668,0.06908115096293865,100.0
15.333333333333334,0.07144496751261822,10.0
16.5,0.05237571141657556,100.0
7.833333333333333,0.26793978212349645,250.0
19.333333333333332,0.04238298285985373,10.0
16.5,0.054613684423519104,100.0
0.5,1.0,250.0
17.166666666666668,0.04927910014491512,60.0
15.333333333333334,0.07913364187370542,10.0
16.833333333333332,0.051955096770498574,250.0
16.166666666666668,0.057772555676,100.0
17.166666666666668,0.0526230277027216,10.0
6.666666666666667,0.3616210023953834,250.0
0.3333333333333333,1.0,250.0
18.333333333333332,0.054732696012333625,10.0
15.0,0.08138713571358933,100.0
18.333333333333332,0.054732696012333625,10.0
16.166666666666668,0.059732918378365675,100.0
5.166666666666667,0.5793731448140703,100.0
0.3333333333333333,1.0,250.0
17.333333333333332,0.05461689511478626,10.0
11.833333333333334,0.14078354376366803,250.0
15.166666666666666,0.08195775779151172,100.0
0.16666666666666666,1.0,250.0
0.16666666666666666,1.0,250.0
13.166666666666666,0.11673380106714555,100.0
8.0,0.30501578747684693,100.0
0.16666666666666666,1.0,250.0
13.166666666666666,0.11673380106714555,100.0
17.333333333333332,0.05461689511478626,10.0
12.333333333333334,0.11468451572290689,100.0
16.0,0.06248397622481669,10.0
0.6666666666666666,1.0,250.0
18.0,0.048421242094124274,100.0
18.0,0.04666210013595629,10.0
16.0,0.06248397622481669,10.0
8.5,0.24963235087691282,100.0
8.5,0.24963235087691282,100.0
0.6666666666666666,1.0,250.0
17.666666666666668,0.044244369179498005,10.0
13.333333333333334,0.1037607279480131,100.0
10.0,0.19010467550981408,250.0
12.5,0.11933680368974617,250.0
8.0,0.2521987614171685,250.0
17.666666666666668,0.04647980429348191,10.0
16.333333333333332,0.060025752950856666,100.0
1.5,0.5385680158546124,250.0
17.333333333333332,0.05058425464801137,10.0
20.333333333333332,0.04443174256387026,10.0
8.5,0.24583948766894184,250.0
0.3333333333333333,1.0,250.0
16.333333333333332,0.06355130682656603,250.0
0.16666666666666666,1.0,250.0
14.0,0.09420701392177905,10.0
8.5,0.24583948766894184,250.0
18.0,0.048421242094124274,100.0
19.333333333333332,0.04321607183090873,100.0
18.833333333333332,0.04830684834006866,10.0
10.166666666666666,0.19272213613496414,250.0
15.666666666666666,0.06234411746513409,100.0
16.5,0.05237571141657556,100.0
11.333333333333334,0.18148914000656471,100.0
6.833333333333333,0.32886210520747905,250.0
16.333333333333332,0.060791675308154956,100.0
8.5,0.24965491542299714,250.0
0.16666666666666666,1.0,250.0
18.833333333333332,0.04830684834006866,10.0
1.1666666666666667,0.6759146128378338,250.0
17.166666666666668,0.0526230277027216,10.0
14.0,0.09420701392177905,10.0
15.166666666666666,0.07145886009433097,100.0
19.166666666666668,0.04714982303676759,10.0
19.166666666666668,0.052165654563180015,10.0
16.333333333333332,0.060791675308154956,100.0
16.0,0.06178566942958893,100.0
19.5,0.04121601203752042,10.0
14.666666666666666,0.07869752544987449,100.0
20.833333333333332,0.03855348852805772,10.0
19.833333333333332,0.04139337494544474,10.0
13.0,0.09711032891969364,10.0
19.333333333333332,0.04692671613729135,100.0
13.833333333333334,0.098339722187716,100.0
3.1666666666666665,0.4996473508813755,250.0
0.16666666666666666,1.0,250.0
0.16666666666666666,1.0,250.0
15.166666666666666,0.06885991118100644,100.0
6.5,0.3230544183919982,250.0
19.833333333333332,0.0445584742717789,10.0
15.666666666666666,0.06224551186359655,10.0
7.5,0.3222944784737605,100.0
9.833333333333334,0.23474191189898078,250.0
14.333333333333334,0.09255733785042845,100.0
16.166666666666668,0.07030587028708056,100.0
19.5,0.04121601203752042,10.0
6.833333333333333,0.38411372665848453,250.0
18.666666666666668,0.039288168507320746,10.0
2.6666666666666665,0.551251498855,250.0
7.5,0.3222944784737605,100.0
8.833333333333334,0.20816726290444412,100.0
19.333333333333332,0.04692671613729135,100.0
11.0,0.14801379633213982,250.0
16.333333333333332,0.06910897842481678,100.0
15.833333333333334,0.060343371642025044,10.0
15.0,0.08381638344693575,250.0
13.0,0.09711032891969364,10.0
17.0,0.058070692015837526,10.0
13.5,0.10449445601199638,10.0
0.16666666666666666,1.0,250.0
19.833333333333332,0.03454450429420735,10.0
15.833333333333334,0.07304375113824799,100.0
13.666666666666666,0.07651165742425943,10.0
19.833333333333332,0.0445584742717789,10.0
18.666666666666668,0.039288168507320746,10.0
10.166666666666666,0.18413622757605116,100.0
16.0,0.06178566942958893,100.0
6.833333333333333,0.38411372665848453,250.0
9.333333333333334,0.21134994832511056,100.0
19.5,0.04121601203752042,10.0
0.16666666666666666,1.0,100.0
18.833333333333332,0.04232457193083082,10.0
18.166666666666668,0.05039807364317646,10.0
15.333333333333334,0.07138587048454607,100.0
17.666666666666668,0.042122593603055404,10.0
10.166666666666666,0.18413622757605116,100.0
16.666666666666668,0.061761554641294875,100.0
5.666666666666667,0.41869709748183126,250.0
13.5,0.10449445601199638,10.0
3.5,0.6072980244268776,250.0
14.333333333333334,0.08104525353489611,250.0
17.666666666666668,0.05103220421839027,100.0
14.0,0.07698102262092178,10.0
16.833333333333332,0.058568961806082356,10.0
13.0,0.10923997848652932,250.0
17.5,0.05319425683757563,10.0
0.16666666666666666,1.0,100.0
17.166666666666668,0.05157292664648405,10.0
19.166666666666668,0.04098685317024027,10.0
15.666666666666666,0.060431486776699246,100.0
21.166666666666668,0.037760371608927035,10.0
10.166666666666666,0.18843606031559468,250.0
13.166666666666666,0.11726316863682425,100.0
4.166666666666667,0.4682181526129914,100.0
17.333333333333332,0.048599969230035296,10.0
13.333333333333334,0.09677551588367371,100.0
17.5,0.05319425683757563,10.0
14.833333333333334,0.07239367784140793,250.0
18.0,0.04336449032963975,10.0
5.833333333333333,0.3599321293238167,250.0
10.166666666666666,0.17961913234595642,250.0
19.0,0.04434921546018056,10.0
15.166666666666666,0.07655489526367927,100.0
17.0,0.04926859746269573,10.0
8.166666666666666,0.22411733107779663,250.0
14.333333333333334,0.08104525353489611,250.0
1.1666666666666667,0.5397960427533689,250.0
18.833333333333332,0.04232457193083082,10.0
16.0,0.0672841315366417,10.0
16.166666666666668,0.06965649590130846,100.0
16.833333333333332,0.058568961806082356,10.0
10.166666666666666,0.18413622757605116,100.0
10.0,0.18850797782127807,250.0
16.0,0.06178566942958893,100.0
9.0,0.20180995868891272,250.0
17.666666666666668,0.042122593603055404,10.0
15.666666666666666,0.07054176553314367,100.0
14.833333333333334,0.08953757997449896,100.0
6.5,0.3230544183919982,250.0
20.833333333333332,0.036824822099322425,10.0
7.0,0.35291852654593137,250.0
6.666666666666667,0.3155496033603483,250.0
17.0,0.060391637416792585,100.0
8.166666666666666,0.22411733107779663,250.0
13.0,0.10923997848652932,250.0
6.666666666666667,0.3155496033603483,250.0
19.666666666666668,0.043140633828624896,10.0
18.666666666666668,0.05381642505659966,10.0
20.166666666666668,0.035275278382595365,10.0
19.0,0.044110804054525485,10.0
16.833333333333332,0.0546046905744645,10.0
0.16666666666666666,1.0,250.0
14.833333333333334,0.08276718422543211,100.0
13.5,0.10807056446322605,250.0
18.166666666666668,0.04906667628776293,10.0
20.0,0.03867709807791686,10.0
9.5,0.26512821205801074,250.0
5.666666666666667,0.3808472260726442,250.0
2.3333333333333335,0.5763597840742999,250.0
18.833333333333332,0.052279586901362154,10.0
14.666666666666666,0.07280051101825709,100.0
17.666666666666668,0.054207783674494935,10.0
15.833333333333334,0.06485585887989419,100.0
5.0,0.39116713900135375,250.0
9.833333333333334,0.2178036545408474,250.0
7.666666666666667,0.3363157492850749,100.0
17.833333333333332,0.04908644107940395,10.0
14.166666666666666,0.09927850792897419,250.0
16.666666666666668,0.06053294386072042,10.0
17.333333333333332,0.05079840056963495,100.0
15.833333333333334,0.06544891130563929,100.0
5.0,0.39116713900135375,250.0
0.3333333333333333,1.0,250.0
0.3333333333333333,1.0,250.0
16.166666666666668,0.0720425159098525,100.0
12.166666666666666,0.12580956047662,100.0
17.166666666666668,0.0526260081107284,10.0
0.8333333333333334,1.1018669657223537,250.0
18.666666666666668,0.047211393154633165,10.0
17.166666666666668,0.0537922950642235,100.0
19.0,0.03981884436743857,10.0
17.166666666666668,0.0526260081107284,10.0
14.666666666666666,0.07280051101825709,100.0
17.833333333333332,0.05483688478697349,100.0
15.0,0.06903440540552763,100.0
5.833333333333333,0.3003262516546933,100.0
0.8333333333333334,1.1018669657223537,250.0
19.833333333333332,0.03982815957312074,10.0
16.833333333333332,0.0546046905744645,10.0
0.6666666666666666,1.0,250.0
18.333333333333332,0.04749643040649613,10.0
16.166666666666668,0.06327765797372782,100.0
13.666666666666666,0.10042635461134487,100.0
2.5,0.7304953062158797,250.0
2.8333333333333335,0.6075445336764995,250.0
5.0,0.39116713900135375,250.0
12.166666666666666,0.12580956047662,100.0
16.166666666666668,0.0720425159098525,100.0
12.166666666666666,0.12580956047662,100.0
20.833333333333332,0.04050679990492103,10.0
5.833333333333333,0.3003262516546933,100.0
12.166666666666666,0.12580956047662,100.0
16.666666666666668,0.056521796092945824,10.0
18.833333333333332,0.052279586901362154,10.0
15.0,0.06903440540552763,100.0
8.5,0.2256041398449726,250.0
16.0,0.06274075823713801,100.0
0.3333333333333333,1.0,250.0
20.833333333333332,0.04050679990492103,10.0
18.333333333333332,0.04904074183677473,10.0
14.666666666666666,0.07280051101825709,100.0
15.0,0.08764000091206157,100.0
19.0,0.04312672347680255,10.0
8.5,0.2256041398449726,250.0
12.333333333333334,0.1199241458724053,250.0
0.8333333333333334,1.1018669657223537,250.0
19.0,0.03981884436743857,10.0
8.166666666666666,0.24993433705498974,250.0
9.0,0.22910151761112882,250.0
8.5,0.2256041398449726,250.0
19.0,0.04412646601094152,10.0
18.333333333333332,0.045690831455025664,10.0
16.0,0.06274075823713801,100.0
13.833333333333334,0.0856389493306322,250.0
16.666666666666668,0.056521796092945824,10.0
12.166666666666666,0.12528575689504082,100.0
17.0,0.05137083539398311,10.0
16.0,0.06274075823713801,100.0
20.166666666666668,0.035275278382595365,10.0
19.166666666666668,0.0453804912254394,100.0
17.0,0.05263743808905146,10.0
18.666666666666668,0.05381642505659966,10.0
15.0,0.08764000091206157,100.0
0.3333333333333333,1.0,250.0
19.0,0.03981884436743857,10.0
15.0,0.06903440540552763,100.0
17.0,0.050229890135706105,10.0
18.0,0.04878728534561907,100.0
17.0,0.050229890135706105,10.0
17.0,0.05263743808905146,10.0
11.0,0.1573984534868432,250.0
9.0,0.22910151761112882,250.0
13.833333333333334,0.09499847446766609,100.0
20.0,0.04067848968036805,10.0
9.0,0.22910151761112882,250.0
0.3333333333333333,1.0,250.0
15.5,0.05996493234459106,10.0
13.166666666666666,0.1009273197728614,250.0
10.833333333333334,0.16687222341054506,250.0
13.666666666666666,0.11036762471673349,100.0
1.6666666666666667,0.950939041363543,100.0
16.0,0.07418680618565576,100.0
0.16666666666666666,1.0,250.0
14.833333333333334,0.06698212486220562,10.0
15.0,0.07564294174025755,10.0
12.166666666666666,0.11927285437537474,250.0
14.0,0.09755262164581502,100.0
16.833333333333332,0.05426534962500812,100.0
6.5,0.42533905646111464,250.0
16.833333333333332,0.05266666365585349,10.0
7.666666666666667,0.22798573372389946,250.0
18.5,0.044941952298166166,10.0
17.833333333333332,0.056057300049882276,10.0
7.0,0.2978978698936784,250.0
15.166666666666666,0.07203582459769295,100.0
17.0,0.05839864063998367,100.0
10.5,0.1886551302500197,100.0
12.666666666666666,0.1257193546684969,100.0
1.6666666666666667,0.950939041363543,100.0
12.5,0.11691054188495593,250.0
13.833333333333334,0.08582056440835699,100.0
16.5,0.05782796540298312,10.0
19.0,0.04750066250733671,100.0
11.5,0.1447954300457369,100.0
17.0,0.05839864063998367,100.0
7.0,0.2978978698936784,250.0
13.666666666666666,0.11036762471673349,100.0
13.5,0.09794307668257414,100.0
7.333333333333333,0.26036256374129524,250.0
18.333333333333332,0.050409458172679576,100.0
17.333333333333332,0.05229458110145752,10.0
13.833333333333334,0.09502433224609703,100.0
16.0,0.05951893410294437,10.0
14.5,0.08314811836598027,100.0
13.0,0.126717552545315,250.0
16.666666666666668,0.057341065296030405,10.0
15.0,0.07303322658310228,100.0
9.0,0.2523914269620258,250.0
7.0,0.27241565107750637,100.0
12.833333333333334,0.0987275859390815,250.0
21.5,0.03849242896822253,10.0
16.666666666666668,0.0595802704066734,10.0
14.666666666666666,0.08232237548815424,100.0
10.5,0.1886551302500197,100.0
12.666666666666666,0.12028677428275791,100.0
16.0,0.07659507885467802,100.0
12.166666666666666,0.1177083459344402,100.0
12.666666666666666,0.12028677428275791,100.0
13.0,0.126717552545315,250.0
18.5,0.044941952298166166,10.0
2.6666666666666665,0.6336096718751499,250.0
14.0,0.0914238240478138,10.0
17.333333333333332,0.05229458110145752,10.0
17.666666666666668,0.047880589399584214,10.0
10.833333333333334,0.14716784149944268,250.0
12.833333333333334,0.09831178609859925,10.0
18.833333333333332,0.043177015673868745,10.0
10.833333333333334,0.16687222341054506,250.0
14.0,0.08405400063952086,100.0
14.833333333333334,0.06698212486220562,10.0
19.833333333333332,0.0383558423991835,10.0
19.333333333333332,0.037800230827245054,10.0
7.0,0.2978978698936784,250.0
14.666666666666666,0.0808892788476755,10.0
15.333333333333334,0.06770180925369264,100.0
15.166666666666666,0.07503638959023413,100.0
10.833333333333334,0.16687222341054506,250.0
15.5,0.05996493234459106,10.0
16.166666666666668,0.06536520785231131,10.0
14.833333333333334,0.08762268442402141,100.0
19.833333333333332,0.0383558423991835,10.0
19.333333333333332,0.03981763445723182,10.0
0.16666666666666666,1.0,250.0
0.16666666666666666,1.0,250.0
10.5,0.1886551302500197,100.0
15.0,0.07564294174025755,10.0
12.166666666666666,0.11927285437537474,250.0
17.833333333333332,0.056057300049882276,10.0
1.6666666666666667,0.950939041363543,100.0
19.333333333333332,0.03981763445723182,10.0
16.0,0.07659507885467802,100.0
19.333333333333332,0.037800230827245054,10.0
18.166666666666668,0.04506880916207893,10.0
5.166666666666667,0.4385779962027335,250.0
16.666666666666668,0.057341065296030405,10.0
7.5,0.29583888385920937,250.0
20.0,0.04192861761657193,10.0
0.16666666666666666,1.0,250.0
20.833333333333332,0.03778450100798418,10.0
16.5,0.05782796540298312,10.0
17.333333333333332,0.05229458110145752,10.0
17.0,0.05454939603826843,10.0
7.833333333333333,0.23125238917121135,100.0
16.666666666666668,0.0595802704066734,10.0
16.666666666666668,0.06791487236405781,250.0
16.0,0.052976779197270125,10.0
19.5,0.037654020808261766,10.0
16.0,0.05936859478706995,10.0
0.3333333333333333,1.0,250.0
12.333333333333334,0.14674540015563572,100.0
14.666666666666666,0.08210178663249487,100.0
16.833333333333332,0.05337653209779438,250.0
19.166666666666668,0.037417807126711576,100.0
18.333333333333332,0.04748996207757153,10.0
0.16666666666666666,1.0,250.0
18.166666666666668,0.047472263893421046,10.0
13.333333333333334,0.09732461877657682,100.0
6.0,0.25958349491874805,100.0
17.0,0.05267897779008091,10.0
11.666666666666666,0.13733680875882015,250.0
19.166666666666668,0.03791931665018294,10.0
9.0,0.21033779061059255,250.0
0.8333333333333334,0.592356835672396,250.0
18.333333333333332,0.04748996207757153,10.0
19.0,0.046781116366527625,100.0
17.0,0.0499969045864236,100.0
20.333333333333332,0.03711266437562352,10.0
1.0,0.4858630238795672,250.0
11.666666666666666,0.13733680875882015,250.0
14.666666666666666,0.0707074273310238,10.0
9.666666666666666,0.21079036751375435,100.0
13.666666666666666,0.09616869752211675,100.0
19.0,0.046781116366527625,100.0
17.166666666666668,0.050773162717159426,100.0
18.5,0.04281716716369345,100.0
15.166666666666666,0.07705100997636294,100.0
12.166666666666666,0.13121465784034472,100.0
7.166666666666667,0.28618202452663033,100.0
3.8333333333333335,0.5595655041303134,250.0
0.5,1.0,250.0
18.166666666666668,0.05239965473842328,10.0
12.166666666666666,0.12657404056131713,60.0
11.666666666666666,0.13733680875882015,250.0
14.333333333333334,0.09023489241493049,10.0
3.5,0.5401438095621486,250.0
9.166666666666666,0.24519390035495875,100.0
0.16666666666666666,1.0,250.0
0.3333333333333333,1.0,250.0
16.5,0.06883359811242457,10.0
13.833333333333334,0.09199169271214476,100.0
21.833333333333332,0.04026403535556089,10.0
18.666666666666668,0.05059079565852162,10.0
16.666666666666668,0.05725326179201799,100.0
6.0,0.3902831721487022,250.0
7.833333333333333,0.3041461670654348,250.0
17.833333333333332,0.04693889729400577,100.0
19.5,0.042163806682142244,10.0
20.0,0.038382198840170904,10.0
17.166666666666668,0.05684137547358993,10.0
17.0,0.05000977561705154,100.0
19.166666666666668,0.042224671197678997,10.0
19.5,0.04063691416626594,10.0
7.833333333333333,0.3041461670654348,250.0
13.666666666666666,0.09616869752211675,100.0
6.333333333333333,0.27358010198407634,100.0
18.5,0.051419410790702294,10.0
10.0,0.1680738425950037,250.0
19.166666666666668,0.03791931665018294,10.0
15.333333333333334,0.06010338294543255,100.0
0.16666666666666666,1.0,250.0
18.333333333333332,0.050241821405977695,10.0
15.5,0.07479790454560466,100.0
18.333333333333332,0.05067900060287826,10.0
13.833333333333334,0.07712042441709147,10.0
15.166666666666666,0.07705100997636294,100.0
18.833333333333332,0.04526817350082002,10.0
11.5,0.16795582708165718,100.0
6.333333333333333,0.27358010198407634,100.0
9.166666666666666,0.24519390035495875,100.0
11.666666666666666,0.15250573632268158,100.0
0.8333333333333334,0.592356835672396,250.0
11.166666666666666,0.1637524487242585,100.0
15.5,0.07980242983715678,100.0
19.166666666666668,0.03791931665018294,10.0
19.666666666666668,0.034517713952162424,10.0
13.666666666666666,0.08853072726487075,250.0
15.333333333333334,0.08021659660630724,250.0
0.3333333333333333,1.0,250.0
21.166666666666668,0.038443203814805794,10.0
16.666666666666668,0.06863561607331818,100.0
19.5,0.04063691416626594,10.0
0.16666666666666666,1.0,250.0
15.5,0.06372210559326515,100.0
18.333333333333332,0.04477286965682781,10.0
16.666666666666668,0.049582294478464704,100.0
19.5,0.042163806682142244,10.0
15.5,0.07980242983715678,100.0
6.333333333333333,0.27358010198407634,100.0
13.666666666666666,0.09616869752211675,100.0
20.333333333333332,0.039372239024134975,10.0
19.666666666666668,0.034517713952162424,10.0
6.5,0.3190508485702717,250.0
17.5,0.0504634841413353,10.0
0.3333333333333333,1.0,250.0
0.8333333333333334,0.7155224604289074,250.0
9.333333333333334,0.20534360831323312,250.0
14.833333333333334,0.07514136924642474,10.0
9.0,0.2821208964316204,250.0
16.5,0.06114382874338411,10.0
1.3333333333333333,0.6863086950950691,250.0
17.833333333333332,0.04637592872337598,100.0
18.833333333333332,0.042250706518335526,10.0
16.0,0.057741565476353895,10.0
1.3333333333333333,0.7911470798806444,10.0
9.333333333333334,0.20534360831323312,250.0
18.0,0.05469628991461567,10.0
10.833333333333334,0.1495627302856113,250.0
21.166666666666668,0.03584863216452509,10.0
17.666666666666668,0.0471860271599191,100.0
3.1666666666666665,0.5018252456506228,250.0
17.166666666666668,0.054933708504909355,10.0
19.833333333333332,0.04373158090564725,100.0
18.666666666666668,0.042989266359232836,100.0
7.5,0.3817806620882775,100.0
0.3333333333333333,1.0,250.0
9.0,0.2821208964316204,250.0
19.5,0.03906039963592374,10.0
19.666666666666668,0.039154829925848116,10.0
16.5,0.061595106750421964,100.0
3.3333333333333335,0.4837275736770918,250.0
20.666666666666668,0.041734299354477165,10.0
20.666666666666668,0.035597442107581076,10.0
0.6666666666666666,1.0,250.0
1.6666666666666667,0.7143152694549598,100.0
0.5,1.0,250.0
10.333333333333334,0.2239015919476101,100.0
17.666666666666668,0.05072082663427778,100.0
14.833333333333334,0.07894498617997434,250.0
12.333333333333334,0.13365163577676167,100.0
3.3333333333333335,0.4837275736770918,250.0
13.333333333333334,0.09400228226155637,100.0
21.0,0.03364737960721766,10.0
5.333333333333333,0.5896447537371211,250.0
20.666666666666668,0.041734299354477165,10.0
10.0,0.1795037212919695,100.0
3.1666666666666665,0.35274327388993765,250.0
19.5,0.03906039963592374,10.0
18.166666666666668,0.045853611888782425,100.0
18.5,0.044435076192451774,60.0
5.333333333333333,0.5896447537371211,250.0
18.833333333333332,0.04574129558297828,10.0
15.833333333333334,0.06005014955761808,250.0
0.6666666666666666,1.0,250.0
20.0,0.0356242995020852,10.0
20.0,0.0356242995020852,10.0
20.333333333333332,0.03873644587015264,10.0
18.166666666666668,0.04587622967152305,10.0
1.1666666666666667,0.8015481542345831,250.0
16.166666666666668,0.06590325353238041,100.0
2.6666666666666665,0.5170641313586464,250.0
14.333333333333334,0.09401760624279193,100.0
19.833333333333332,0.03735607918352448,100.0
1.3333333333333333,0.6686253739469122,250.0
3.6666666666666665,0.3662232814827813,250.0
0.8333333333333334,0.7155224604289074,250.0
19.666666666666668,0.039154829925848116,10.0
18.833333333333332,0.047973524897036296,10.0
18.166666666666668,0.04587622967152305,10.0
20.666666666666668,0.041734299354477165,10.0
13.5,0.0818408003493267,250.0
17.833333333333332,0.04637592872337598,100.0
14.5,0.07537281660090055,250.0
16.166666666666668,0.05807101345221341,100.0
17.833333333333332,0.050748036216823895,100.0
18.0,0.048845360925100466,10.0
16.5,0.06114382874338411,10.0
17.833333333333332,0.04506698884604139,10.0
11.5,0.14810956585168103,250.0
0.8333333333333334,0.5078432597262704,100.0
14.5,0.07537281660090055,250.0
1.3333333333333333,0.6686253739469122,250.0
16.5,0.061595106750421964,100.0
17.166666666666668,0.054933708504909355,10.0
20.0,0.0356242995020852,10.0
17.166666666666668,0.05289295881261031,250.0
14.833333333333334,0.07894498617997434,250.0
17.666666666666668,0.05072082663427778,100.0
1.3333333333333333,0.6863086950950691,250.0
18.666666666666668,0.040141253895113006,100.0
16.333333333333332,0.06002213528204686,100.0
19.5,0.03479298530037989,10.0
14.833333333333334,0.07894498617997434,250.0
19.833333333333332,0.040326351890548735,10.0
19.5,0.03906039963592374,10.0
13.166666666666666,0.108585929783011,100.0
1.3333333333333333,0.7911470798806444,10.0
12.333333333333334,0.13365163577676167,100.0
14.5,0.07537281660090055,250.0
10.5,0.16667118694064817,100.0
10.5,0.16667118694064817,100.0
11.333333333333334,0.1382465547770561,250.0
2.5,0.5582339978648065,100.0
4.5,0.451828725465435,250.0
16.333333333333332,0.05915763182168518,10.0
19.0,0.04385460886239804,10.0
13.166666666666666,0.11151479462721345,100.0
1.5,0.6883269548570938,250.0
16.0,0.06044626771725063,100.0
19.0,0.04055535745779449,10.0
18.333333333333332,0.046761576184234994,10.0
11.5,0.15818095646482266,250.0
16.333333333333332,0.05755106541626819,100.0
20.5,0.03845795646526121,10.0
9.833333333333334,0.21320384968492354,100.0
17.166666666666668,0.05876912090096993,100.0
20.5,0.03637471685041696,10.0
14.333333333333334,0.0807197520607496,250.0
15.166666666666666,0.07806933789279788,100.0
14.0,0.092366549516255,100.0
10.166666666666666,0.18587679873901128,250.0
10.166666666666666,0.18587679873901128,250.0
19.833333333333332,0.040493357296284886,10.0
18.666666666666668,0.047460162241950626,10.0
10.333333333333334,0.18385535035999445,250.0
8.833333333333334,0.2352514973514318,250.0
16.0,0.06044626771725063,100.0
13.5,0.10049755418369345,10.0
11.0,0.12536872485955222,100.0
21.166666666666668,0.04004679366934811,10.0
12.333333333333334,0.10878725512326996,100.0
0.16666666666666666,1.0,250.0
2.3333333333333335,1.0069994540689875,250.0
4.0,0.5527378857427758,250.0
18.666666666666668,0.04043644967128865,100.0
19.5,0.04227582254088127,10.0
21.166666666666668,0.04004679366934811,10.0
16.833333333333332,0.05739287998884675,100.0
14.166666666666666,0.09915970594080382,100.0
17.333333333333332,0.05673719659345767,100.0
0.8333333333333334,0.5017193287345811,250.0
9.833333333333334,0.21320384968492354,100.0
17.666666666666668,0.046969814834991366,10.0
4.5,0.451828725465435,250.0
1.5,0.6883269548570938,250.0
2.3333333333333335,0.6728137912443751,250.0
18.833333333333332,0.04320104400236305,100.0
16.833333333333332,0.05739287998884675,100.0
10.333333333333334,0.18385535035999445,250.0
1.0,0.8370828700137928,250.0
12.0,0.13196580610039274,100.0
13.5,0.10049755418369345,10.0
11.666666666666666,0.14499104277878302,100.0
0.16666666666666666,1.0,250.0
16.833333333333332,0.06640786762795979,10.0
17.0,0.058572791017273564,60.0
13.333333333333334,0.0993218364119491,100.0
19.833333333333332,0.040493357296284886,10.0
18.666666666666668,0.04043644967128865,100.0
17.5,0.056929531040936995,10.0
19.333333333333332,0.042106911165601474,10.0
19.5,0.043133611502946596,10.0
17.333333333333332,0.05673719659345767,100.0
11.0,0.12536872485955222,100.0
17.5,0.04701815818834385,10.0
12.0,0.13196580610039274,100.0
19.5,0.04227582254088127,10.0
10.5,0.13691542806968857,250.0
17.833333333333332,0.04879514878351869,100.0
1.0,0.8370828700137928,250.0
17.833333333333332,0.04879514878351869,100.0
0.16666666666666666,1.0,250.0
17.5,0.04701815818834385,10.0
2.3333333333333335,1.0069994540689875,250.0
11.666666666666666,0.14499104277878302,100.0
19.333333333333332,0.042106911165601474,10.0
19.0,0.04385460886239804,10.0
11.666666666666666,0.14499104277878302,100.0
9.833333333333334,0.21320384968492354,100.0
21.0,0.03348830188960445,10.0
19.666666666666668,0.04027556209026996,10.0
8.833333333333334,0.21147786556440007,250.0
17.333333333333332,0.050626352766440855,100.0
3.1666666666666665,0.4917793007212361,100.0
13.0,0.11532637735008709,250.0
13.666666666666666,0.0991600696882937,250.0
14.0,0.092366549516255,100.0
18.666666666666668,0.047460162241950626,10.0
19.166666666666668,0.040216501580990625,10.0
11.0,0.12536872485955222,100.0
19.166666666666668,0.04000049765997984,10.0
15.333333333333334,0.06711176719891723,10.0
16.0,0.07156089594799107,10.0
13.5,0.10195910434048279,250.0
12.333333333333334,0.10878725512326996,100.0
0.16666666666666666,1.0,100.0
13.833333333333334,0.08713990102153626,250.0
19.166666666666668,0.04000049765997984,10.0
19.5,0.03854015537831385,10.0
17.666666666666668,0.043980484568064276,10.0
16.666666666666668,0.05612865116902223,10.0
13.5,0.10049755418369345,10.0
20.666666666666668,0.039461802178657725,10.0
2.1666666666666665,0.6029480914653444,100.0
1.0,0.7592600529160102,250.0
2.1666666666666665,0.6029480914653444,100.0
14.166666666666666,0.10011726969322213,250.0
16.666666666666668,0.05950119625344757,10.0
13.833333333333334,0.08677008487997454,100.0
20.833333333333332,0.037447300811708856,10.0
11.5,0.13177466172307625,100.0
8.666666666666666,0.23995435649864683,100.0
11.666666666666666,0.14244580836211326,250.0
18.833333333333332,0.04420496423009755,10.0
17.0,0.06427533423465473,10.0
16.666666666666668,0.05514555294748678,10.0
2.3333333333333335,0.5866096940054369,250.0
12.0,0.14087835272696148,250.0
12.166666666666666,0.10888926660014021,100.0
19.833333333333332,0.04558689467838236,10.0
8.0,0.27648556314218403,100.0
16.5,0.061731556630872396,100.0
20.333333333333332,0.03971685159580042,10.0
7.166666666666667,0.2859912231618599,250.0
10.0,0.226051996014614,250.0
15.166666666666666,0.0765441668752499,250.0
20.833333333333332,0.037447300811708856,10.0
17.166666666666668,0.055010207622247106,250.0
19.5,0.041755883575043944,10.0
20.0,0.0422036345989574,10.0
7.333333333333333,0.3995969271546055,250.0
1.6666666666666667,0.9636645154297151,250.0
1.6666666666666667,0.9636645154297151,250.0
8.166666666666666,0.3121221883934032,100.0
14.333333333333334,0.08570654419940077,100.0
16.666666666666668,0.05249412258342593,10.0
17.0,0.05855148297369028,100.0
15.166666666666666,0.06926947807142031,100.0
20.0,0.0422036345989574,10.0
4.0,0.3787980051558988,100.0
18.833333333333332,0.04318588449288584,10.0
16.833333333333332,0.05550475483265968,100.0
17.833333333333332,0.04691187524757346,10.0
13.0,0.10513774396176243,100.0
2.6666666666666665,0.48732229625276424,100.0
2.1666666666666665,0.6029480914653444,100.0
14.666666666666666,0.07904707361870968,250.0
20.0,0.0422036345989574,10.0
12.666666666666666,0.11068407121815521,100.0
0.3333333333333333,1.0,250.0
0.3333333333333333,1.0,250.0
13.833333333333334,0.08521409417805903,100.0
13.333333333333334,0.09102346557002686,250.0
7.5,0.29148829004489163,250.0
14.166666666666666,0.10011726969322213,250.0
4.0,0.48625244281217883,250.0
16.666666666666668,0.0575018335000103,10.0
20.166666666666668,0.038106812042912566,10.0
13.333333333333334,0.09102346557002686,250.0
18.5,0.04691583759870544,100.0
14.666666666666666,0.0857878578392848,100.0
4.0,0.44723022790976097,250.0
12.833333333333334,0.12462247569794646,100.0
15.5,0.08172416029434075,100.0
16.333333333333332,0.056661753890259535,60.0
17.5,0.056569124063432,10.0
2.3333333333333335,0.5866096940054369,250.0
17.333333333333332,0.057340896062765344,10.0
11.833333333333334,0.13607980741428227,250.0
12.166666666666666,0.13560777592692433,250.0
14.333333333333334,0.09276708771595174,250.0
14.166666666666666,0.08165966165895577,250.0
16.833333333333332,0.05550475483265968,100.0
13.833333333333334,0.08677008487997454,100.0
1.1666666666666667,0.760662766024664,250.0
17.333333333333332,0.059967664458382614,10.0
11.333333333333334,0.16155934568577768,250.0
17.5,0.05043554995346913,10.0
14.833333333333334,0.09011717309243228,100.0
7.0,0.28248426592409065,250.0
17.0,0.059948807590908454,100.0
20.166666666666668,0.038106812042912566,10.0
4.0,0.44723022790976097,250.0
0.16666666666666666,1.0,250.0
11.333333333333334,0.17513718977208736,100.0
11.666666666666666,0.1378384530063868,100.0
13.0,0.10513774396176243,100.0
0.16666666666666666,1.0,250.0
17.166666666666668,0.05517827741005624,100.0
0.8333333333333334,0.9390417279376664,250.0
20.5,0.03891831930974906,10.0
19.5,0.041755883575043944,10.0
14.166666666666666,0.0682928557311229,100.0
16.833333333333332,0.0524475180236586,10.0
2.1666666666666665,0.6029480914653444,100.0
14.5,0.07664075066748288,100.0
0.6666666666666666,1.0,250.0
0.3333333333333333,1.0,250.0
5.0,0.4393098196714209,100.0
18.833333333333332,0.04420496423009755,10.0
4.0,0.44723022790976097,250.0
8.666666666666666,0.2671474138752274,100.0
19.5,0.04426037410253591,10.0
17.333333333333332,0.0548757456747928,100.0
15.666666666666666,0.0732451503072032,100.0
17.166666666666668,0.05180705318851714,100.0
16.5,0.05517720285341168,10.0
10.833333333333334,0.1741378541065356,250.0
17.5,0.04571359119085851,10.0
11.5,0.15246549960229136,100.0
15.833333333333334,0.07044863011956243,100.0
20.0,0.042386973569195324,10.0
10.5,0.1832758071550027,250.0
20.333333333333332,0.039026843945372404,10.0
9.666666666666666,0.19981718749307317,250.0
15.833333333333334,0.06594583127037935,250.0
0.5,1.0,250.0
17.333333333333332,0.0548757456747928,100.0
18.833333333333332,0.04251312532938279,10.0
12.833333333333334,0.12444434801150032,250.0
18.166666666666668,0.050838228980081585,100.0
13.166666666666666,0.0991939715791803,100.0
2.6666666666666665,0.6321902263681967,250.0
16.333333333333332,0.057850137316378586,10.0
0.8333333333333334,0.5563170524387433,250.0
12.166666666666666,0.12452551595083912,250.0
16.5,0.06319540469542433,100.0
18.666666666666668,0.04955008541630945,10.0
21.5,0.033386143190319684,10.0
15.166666666666666,0.06760490505181257,100.0
19.666666666666668,0.04421526594044596,10.0
13.5,0.09124535470854415,250.0
17.833333333333332,0.052274364375256774,10.0
10.833333333333334,0.1741378541065356,250.0
11.833333333333334,0.1215037126507158,100.0
19.666666666666668,0.03938217651177202,10.0
11.666666666666666,0.15156423321070758,100.0
0.6666666666666666,1.0,250.0
19.666666666666668,0.04009149607241542,10.0
18.333333333333332,0.04352052756492851,10.0
0.6666666666666666,1.0,250.0
18.666666666666668,0.04955008541630945,10.0
17.833333333333332,0.04534793628083555,100.0
19.666666666666668,0.04421526594044596,10.0
19.333333333333332,0.039062682905615785,10.0
10.833333333333334,0.1741378541065356,250.0
19.333333333333332,0.04084886556764189,10.0
13.5,0.09124535470854415,250.0
10.833333333333334,0.17415562829857295,100.0
18.333333333333332,0.04213700867501765,10.0
9.666666666666666,0.19981718749307317,250.0
2.0,0.7145732769514205,250.0
16.5,0.059816478206741436,100.0
0.3333333333333333,1.0,250.0
17.666666666666668,0.049243737584867636,100.0
22.0,0.036371285238731246,10.0
8.666666666666666,0.2671474138752274,100.0
8.5,0.2968769590621786,250.0
14.333333333333334,0.07475062489818692,250.0
11.833333333333334,0.1215037126507158,100.0
19.666666666666668,0.03867202478123147,10.0
20.0,0.042386973569195324,10.0
16.333333333333332,0.057850137316378586,10.0
9.0,0.23378648836928884,250.0
19.666666666666668,0.03867202478123147,10.0
17.333333333333332,0.04744443735082368,10.0
7.5,0.23412965424843937,250.0
16.5,0.05517720285341168,10.0
1.0,1.2058739119749804,250.0
18.166666666666668,0.04192903250994266,10.0
19.333333333333332,0.04084886556764189,10.0
19.333333333333332,0.04381701010316238,10.0
15.666666666666666,0.06561734966361897,100.0
19.166666666666668,0.04674989163760481,10.0
0.5,1.0,250.0
15.0,0.0700264065098659,100.0
15.833333333333334,0.07044863011956243,100.0
11.5,0.15246549960229136,100.0
16.5,0.05535496270612608,10.0
19.666666666666668,0.04421526594044596,10.0
12.166666666666666,0.13731315407722564,250.0
2.6666666666666665,0.6321902263681967,250.0
18.333333333333332,0.04013531352667259,100.0
19.333333333333332,0.03952361108450159,10.0
12.166666666666666,0.13731315407722564,250.0
17.833333333333332,0.04534793628083555,100.0
19.333333333333332,0.039062682905615785,10.0
16.5,0.059070750014719536,250.0
12.833333333333334,0.12444434801150032,250.0
15.333333333333334,0.07679904067572237,250.0
15.166666666666666,0.07775756595225296,100.0
20.333333333333332,0.037666451493150115,10.0
20.0,0.04546301466862705,10.0
14.0,0.10319790299837821,10.0
15.333333333333334,0.07679904067572237,250.0
3.8333333333333335,0.4476743094680665,250.0
17.833333333333332,0.05291620925201851,10.0
10.5,0.1832758071550027,250.0
18.0,0.04664159124249343,10.0
0.6666666666666666,1.0,250.0
16.5,0.06166930165812834,100.0
16.833333333333332,0.06288274785047483,100.0
0.16666666666666666,1.0,250.0
9.833333333333334,0.19934539863877246,250.0
8.166666666666666,0.28295640362128643,250.0
18.166666666666668,0.05301018999892677,10.0
16.0,0.0588403683075309,10.0
16.0,0.0684948090876365,10.0
3.0,0.3442330875844999,250.0
17.166666666666668,0.053033772644351135,10.0
16.0,0.06228376706670507,100.0
16.333333333333332,0.06770763071969803,250.0
0.16666666666666666,1.0,250.0
8.166666666666666,0.28295640362128643,250.0
14.166666666666666,0.08463370660633424,250.0
17.166666666666668,0.05409893824820696,10.0
16.0,0.0673902393491725,10.0
9.833333333333334,0.21053253509800796,100.0
15.666666666666666,0.07175747950947697,10.0
14.166666666666666,0.0913939078003227,250.0
8.333333333333334,0.21604043786266083,250.0
11.666666666666666,0.15555182575300872,100.0
15.5,0.07284925132055003,100.0
15.333333333333334,0.06650081018806325,10.0
15.333333333333334,0.07736958626655137,100.0
18.333333333333332,0.04522705829195431,10.0
4.166666666666667,0.5215682992728764,250.0
19.5,0.044490642517229985,10.0
15.5,0.07284925132055003,100.0
11.833333333333334,0.14131053587976544,250.0
16.0,0.0673902393491725,10.0
16.333333333333332,0.06535347648396553,100.0
18.0,0.051230643588759,100.0
0.16666666666666666,1.0,250.0
5.5,0.37901930273104467,250.0
14.5,0.0896328856750952,250.0
18.5,0.04092170472162033,100.0
13.166666666666666,0.09888201443894352,100.0
14.666666666666666,0.07347085270845272,100.0
18.333333333333332,0.04522705829195431,10.0
11.333333333333334,0.17951765947761555,10.0
9.333333333333334,0.2278840680895888,250.0
5.5,0.37901930273104467,250.0
9.833333333333334,0.21053253509800796,100.0
3.0,0.3442330875844999,250.0
15.833333333333334,0.062438498900191944,10.0
9.333333333333334,0.2278840680895888,250.0
14.666666666666666,0.07431755093464733,10.0
18.833333333333332,0.04957452123307342,10.0
18.833333333333332,0.052582578991302246,10.0
16.333333333333332,0.06521664794913372,100.0
15.166666666666666,0.0847619146166207,250.0
13.666666666666666,0.10363256065938138,250.0
18.333333333333332,0.04726541220392709,10.0
19.666666666666668,0.04371262417744812,10.0
19.333333333333332,0.043926731366472994,10.0
18.333333333333332,0.04522705829195431,10.0
15.833333333333334,0.07955680291699527,100.0
16.333333333333332,0.06770763071969803,250.0
19.166666666666668,0.03824524680078714,10.0
15.833333333333334,0.07955680291699527,100.0
16.0,0.06228376706670507,100.0
0.6666666666666666,1.0,250.0
19.833333333333332,0.04249715751171666,10.0
18.0,0.04664159124249343,10.0
19.5,0.03869751415386874,10.0
1.0,0.46556161057215484,250.0
19.833333333333332,0.04630003998326724,100.0
0.6666666666666666,1.0,250.0
17.333333333333332,0.05378829429460115,100.0
17.666666666666668,0.048733789045450136,10.0
15.333333333333334,0.07850800405706036,100.0
5.333333333333333,0.4103376364013223,250.0
16.166666666666668,0.06082767271519287,100.0
12.833333333333334,0.09817355017564042,250.0
2.5,0.7312008347425594,250.0
19.5,0.04601445883635203,10.0
11.166666666666666,0.14824586380171834,250.0
15.333333333333334,0.06685303349244667,100.0
19.333333333333332,0.043926731366472994,10.0
14.5,0.0896328856750952,250.0
19.5,0.04601445883635203,10.0
14.166666666666666,0.0913939078003227,250.0
1.5,0.6433303289962436,250.0
14.666666666666666,0.07347085270845272,100.0
16.666666666666668,0.050367286004613175,100.0
0.16666666666666666,1.0,250.0
13.166666666666666,0.09759513604374663,100.0
18.0,0.04664159124249343,10.0
16.166666666666668,0.06017010899608209,10.0
15.333333333333334,0.07736958626655137,100.0
19.333333333333332,0.04344151483941018,10.0
18.333333333333332,0.04522705829195431,10.0
16.5,0.06306604731994635,100.0
14.166666666666666,0.0913939078003227,250.0
0.6666666666666666,1.0,250.0
16.0,0.05637725439398042,100.0
12.5,0.11907579240641812,250.0
19.5,0.04005960531221523,10.0
10.333333333333334,0.16083763771546025,250.0
16.0,0.06774350154976416,100.0
14.833333333333334,0.07669547380467698,100.0
18.166666666666668,0.05240340585334271,10.0
17.833333333333332,0.0469385777538048,100.0
11.0,0.16825084671145762,100.0
17.5,0.04843449495601449,100.0
17.5,0.04843449495601449,100.0
2.0,0.4805400538300485,250.0
12.5,0.11907579240641812,250.0
16.333333333333332,0.05627938928520023,100.0
15.666666666666666,0.06739743082823356,100.0
17.5,0.04843449495601449,100.0
19.166666666666668,0.04381202982610181,10.0
11.666666666666666,0.13097004850936259,250.0
17.333333333333332,0.06281460602602368,100.0
0.16666666666666666,1.0,250.0
20.5,0.03817862414211879,10.0
17.166666666666668,0.0608014292334391,10.0
18.5,0.04836020722143409,10.0
11.833333333333334,0.1223092861506414,100.0
9.666666666666666,0.1929108235735099,100.0
8.666666666666666,0.16522850185218124,100.0
18.333333333333332,0.03640059881138937,10.0
13.5,0.09878838260781748,100.0
10.833333333333334,0.17289824584391753,250.0
4.166666666666667,0.5369418606889721,250.0
12.333333333333334,0.1363727521168768,100.0
8.666666666666666,0.16522850185218124,100.0
18.0,0.04878803476416042,10.0
16.166666666666668,0.05474967762512107,100.0
18.5,0.04412296300334325,10.0
15.666666666666666,0.07343890171754,100.0
16.333333333333332,0.05871905096146641,10.0
10.166666666666666,0.20978161442288157,250.0
11.833333333333334,0.16300099405544038,100.0
0.16666666666666666,1.0,250.0
17.333333333333332,0.05130765919465738,10.0
12.333333333333334,0.1363727521168768,100.0
14.666666666666666,0.09674335918040372,100.0
12.166666666666666,0.124993926986496,100.0
12.333333333333334,0.1363727521168768,100.0
14.833333333333334,0.0782530991169377,250.0
14.666666666666666,0.08669142738562576,100.0
16.833333333333332,0.04925977224500742,10.0
15.833333333333334,0.06296855781255713,100.0
2.0,0.4805400538300485,250.0
15.666666666666666,0.07343890171754,100.0
18.666666666666668,0.046854594502444086,10.0
12.833333333333334,0.13255609184759967,250.0
12.166666666666666,0.1304483195011594,250.0
11.833333333333334,0.1223092861506414,100.0
6.333333333333333,0.28935651969918014,100.0
14.666666666666666,0.08669142738562576,100.0
19.166666666666668,0.04324648629074335,10.0
6.5,0.325303311158543,250.0
5.833333333333333,0.2689238741466894,250.0
8.666666666666666,0.16522850185218124,100.0
16.833333333333332,0.05811645395803603,10.0
16.5,0.056036260908145646,10.0
18.333333333333332,0.044314776811373253,100.0
18.666666666666668,0.04603187230034653,10.0
18.0,0.04722066646490442,10.0
16.0,0.05637725439398042,100.0
19.5,0.03643166288311214,10.0
10.333333333333334,0.16083763771546025,250.0
16.666666666666668,0.05643704737281497,100.0
18.5,0.050357195064259966,100.0
18.333333333333332,0.04254354232214329,10.0
14.0,0.08460365300322836,250.0
17.5,0.05572871221763648,100.0
3.3333333333333335,0.5343479218826631,250.0
5.666666666666667,0.44336706844545704,250.0
15.666666666666666,0.06795701509773527,10.0
6.333333333333333,0.28935651969918014,100.0
13.5,0.09878838260781748,100.0
15.166666666666666,0.07160365289349878,250.0
14.166666666666666,0.10177462795838915,250.0
14.833333333333334,0.08024361718239702,10.0
7.333333333333333,0.3119482157754446,250.0
16.333333333333332,0.0662340369196973,250.0
16.5,0.056036260908145646,10.0
11.833333333333334,0.16300099405544038,100.0
20.0,0.03651959414931132,100.0
19.166666666666668,0.04381202982610181,10.0
2.0,0.4805400538300485,250.0
17.166666666666668,0.054912939871350125,10.0
0.16666666666666666,1.0,250.0
17.833333333333332,0.04763437522462873,100.0
4.333333333333333,0.5972050730701858,100.0
15.166666666666666,0.07160365289349878,250.0
18.333333333333332,0.044314776811373253,100.0
17.5,0.0507012434121243,100.0
15.833333333333334,0.06923556178519129,10.0
14.0,0.10227489224693548,250.0
11.833333333333334,0.13862054081489578,250.0
16.666666666666668,0.05364517708439565,10.0
16.666666666666668,0.05905311803767785,10.0
0.3333333333333333,1.0,250.0
17.833333333333332,0.04855517882174013,100.0
5.0,0.5087522442907936,250.0
0.8333333333333334,0.43214163444360637,250.0
20.5,0.04373272188978506,10.0
18.0,0.04561975474533155,100.0
16.833333333333332,0.05913428030050229,100.0
10.166666666666666,0.23629734676359135,250.0
17.833333333333332,0.04855517882174013,100.0
11.833333333333334,0.11555070030491446,10.0
17.833333333333332,0.05344324562668719,10.0
10.833333333333334,0.15552048771847068,100.0
0.6666666666666666,1.0,250.0
1.5,0.6533346046227899,250.0
6.0,0.35191725810665003,250.0
19.5,0.03983796530490909,100.0
10.166666666666666,0.23629734676359135,250.0
16.0,0.06825241471181127,100.0
18.5,0.0531056913852741,10.0
19.5,0.03983796530490909,100.0
18.0,0.04719341881546884,10.0
5.5,0.3381433883331673,250.0
0.8333333333333334,0.43214163444360637,250.0
2.8333333333333335,0.4627687404803781,250.0
19.833333333333332,0.04399628185733406,10.0
12.0,0.13731702293735124,100.0
18.0,0.04621297459053285,10.0
21.166666666666668,0.03766199785953384,10.0
16.333333333333332,0.056765681161318755,10.0
17.0,0.05654942124086758,10.0
12.5,0.12744294662427988,250.0
6.0,0.35191725810665003,250.0
17.666666666666668,0.052347043512280575,100.0
16.0,0.06142815091082692,10.0
2.8333333333333335,0.4627687404803781,250.0
18.5,0.044284785780399114,10.0
18.5,0.0531056913852741,10.0
18.5,0.04574059417528262,100.0
14.666666666666666,0.08176064086877716,10.0
18.666666666666668,0.04662098276941321,100.0
6.0,0.29610592702474753,100.0
13.5,0.10955935196357974,100.0
19.833333333333332,0.039382855467789295,10.0
16.0,0.06142815091082692,10.0
14.666666666666666,0.08170263108757254,100.0
20.5,0.035364494928471726,10.0
19.166666666666668,0.042719703313513324,10.0
19.833333333333332,0.03667232811127672,10.0
5.0,0.46246545444985254,250.0
15.333333333333334,0.0734706554227894,100.0
18.666666666666668,0.04145975498808748,100.0
19.166666666666668,0.03975803957631588,10.0
18.166666666666668,0.041901713361959095,10.0
17.166666666666668,0.05193762312312403,100.0
14.666666666666666,0.0724160210062809,10.0
1.5,0.6533346046227899,250.0
18.0,0.05429995018534739,10.0
17.833333333333332,0.04855517882174013,100.0
12.333333333333334,0.12262127218873944,100.0
17.0,0.05461693124989648,100.0
19.5,0.04115446501155823,10.0
15.166666666666666,0.07412205049783743,100.0
11.333333333333334,0.142223535220173,250.0
18.0,0.04719341881546884,10.0
10.166666666666666,0.1923072880137383,250.0
0.8333333333333334,0.43214163444360637,250.0
14.833333333333334,0.07090733769029102,10.0
18.833333333333332,0.04117801704169112,10.0
19.5,0.04244195061068513,10.0
17.0,0.05500557823263051,10.0
14.166666666666666,0.08215444680269571,100.0
14.166666666666666,0.08215444680269571,100.0
16.666666666666668,0.06368908806743621,10.0
18.333333333333332,0.0442840608677954,10.0
20.833333333333332,0.03844887716026084,10.0
13.833333333333334,0.09189770671513797,100.0
20.5,0.04102317323193409,10.0
17.833333333333332,0.04962404272614344,250.0
1.6666666666666667,0.6131418545708968,250.0
17.0,0.05023969566170715,250.0
11.333333333333334,0.142223535220173,250.0
0.3333333333333333,1.0,250.0
20.5,0.04102317323193409,10.0
16.5,0.05078845744112947,10.0
10.833333333333334,0.15552048771847068,100.0
17.0,0.05654942124086758,10.0
18.5,0.04574059417528262,100.0
16.333333333333332,0.06220314293441334,10.0
13.166666666666666,0.08784063978924157,100.0
19.5,0.03911474415447951,100.0
16.833333333333332,0.05913428030050229,100.0
6.833333333333333,0.35370174945761,250.0
1.6666666666666667,0.6131418545708968,250.0
0.6666666666666666,1.0,250.0
13.166666666666666,0.11570247331989873,100.0
20.5,0.039776301496164755,10.0
12.166666666666666,0.1251035847074114,100.0
11.166666666666666,0.1526652673630052,100.0
10.666666666666666,0.1697289973338277,250.0
3.3333333333333335,0.615719108085771,100.0
4.833333333333333,0.4554040598299755,250.0
10.833333333333334,0.16274850745076103,100.0
8.333333333333334,0.22549501764867277,100.0
13.333333333333334,0.08521851640649099,60.0
14.666666666666666,0.09239392060265843,250.0
21.666666666666668,0.036055064181721226,10.0
10.333333333333334,0.2068736244403159,250.0
11.166666666666666,0.1526652673630052,100.0
15.166666666666666,0.07440662134324648,100.0
15.0,0.07263413305650794,250.0
14.666666666666666,0.08907225674948366,100.0
19.166666666666668,0.039673646326766586,10.0
9.5,0.17966732690241868,100.0
9.833333333333334,0.19744087296898494,100.0
15.5,0.07325189729286177,100.0
18.833333333333332,0.04696412969977447,10.0
8.0,0.2193696199957042,250.0
0.16666666666666666,1.0,250.0
5.833333333333333,0.458179933736258,250.0
4.666666666666667,0.4712374328292075,250.0
11.166666666666666,0.1538599182808605,250.0
16.333333333333332,0.06511303610878488,10.0
19.333333333333332,0.043994957723659446,10.0
8.333333333333334,0.2540317364424434,100.0
20.166666666666668,0.04458777344395866,10.0
9.5,0.2215626032815153,250.0
19.833333333333332,0.04171530305887978,10.0
13.166666666666666,0.11570247331989873,100.0
0.16666666666666666,1.0,250.0
14.666666666666666,0.09239392060265843,250.0
11.166666666666666,0.1538599182808605,250.0
0.3333333333333333,1.0,250.0
11.666666666666666,0.14852342654651038,100.0
14.666666666666666,0.08907225674948366,100.0
11.166666666666666,0.1538599182808605,250.0
18.166666666666668,0.05112911096389703,10.0
19.833333333333332,0.04171530305887978,10.0
12.0,0.14305669694603718,250.0
14.5,0.07262815965362301,100.0
19.666666666666668,0.04100388303088707,10.0
7.166666666666667,0.31517786478357596,250.0
4.166666666666667,0.47322646882487335,250.0
18.5,0.0461655951466543,10.0
2.8333333333333335,0.47448615032652874,250.0
12.833333333333334,0.10830864534076354,10.0
12.833333333333334,0.10830864534076354,10.0
2.5,0.45907592872375425,250.0
0.3333333333333333,1.0,250.0
1.6666666666666667,0.6541393749101794,250.0
17.166666666666668,0.056708714272826706,250.0
18.333333333333332,0.04859751943481975,10.0
13.333333333333334,0.08521851640649099,60.0
14.333333333333334,0.08617787664586639,100.0
13.666666666666666,0.09777470498978565,250.0
18.5,0.0461655951466543,10.0
0.16666666666666666,1.0,250.0
0.3333333333333333,1.0,250.0
15.666666666666666,0.06268909397569908,100.0
18.333333333333332,0.04131351821619276,10.0
19.333333333333332,0.043994957723659446,10.0
2.5,0.45907592872375425,250.0
11.166666666666666,0.1538599182808605,250.0
11.666666666666666,0.14852342654651038,100.0
16.0,0.06391206017750548,10.0
18.5,0.045252800985800826,10.0
20.5,0.039776301496164755,10.0
9.5,0.17966732690241868,100.0
9.5,0.17966732690241868,100.0
17.333333333333332,0.050598896763388725,10.0
19.666666666666668,0.04100388303088707,10.0
0.3333333333333333,1.0,250.0
9.5,0.17966732690241868,100.0
17.166666666666668,0.04773919352056462,10.0
15.333333333333334,0.07811138568144321,100.0
9.5,0.1866699742849361,250.0
5.0,0.40372588831927575,10.0
17.666666666666668,0.05259234004114711,100.0
4.0,0.41719217436688283,250.0
10.666666666666666,0.14349319011035333,100.0
6.166666666666667,0.36121289260965284,100.0
18.833333333333332,0.04413454685224779,10.0
11.0,0.2104955826391286,250.0
15.166666666666666,0.07440662134324648,100.0
3.3333333333333335,0.615719108085771,100.0
15.333333333333334,0.07638551494776905,10.0
13.333333333333334,0.08521851640649099,60.0
20.166666666666668,0.04055198597263542,10.0
17.166666666666668,0.056708714272826706,250.0
10.833333333333334,0.16274850745076103,100.0
11.833333333333334,0.13794495890719427,100.0
7.166666666666667,0.4146088967635349,100.0
18.166666666666668,0.04564868640723967,10.0
20.0,0.03881914275952236,10.0
11.0,0.16041152417429272,250.0
19.0,0.04021168673844031,10.0
17.5,0.05280772547168898,10.0
16.5,0.058218663547559876,100.0
18.5,0.03862924815912779,100.0
19.166666666666668,0.04208358534990537,10.0
17.5,0.05217088312875987,10.0
10.5,0.17034869658088697,10.0
6.0,0.39322385554988615,250.0
14.166666666666666,0.08308898855300544,10.0
19.833333333333332,0.04583337807108794,10.0
12.333333333333334,0.12400063247257022,100.0
13.166666666666666,0.11890037661719613,250.0
13.166666666666666,0.11890037661719613,250.0
9.833333333333334,0.2177074596843536,250.0
11.333333333333334,0.1452871800020572,10.0
10.5,0.16633837327152476,100.0
0.6666666666666666,1.0,250.0
12.0,0.16349191512813413,250.0
10.5,0.16633837327152476,100.0
11.833333333333334,0.14372051129433105,100.0
19.0,0.04021168673844031,10.0
16.666666666666668,0.05295587563698452,10.0
12.0,0.1551804065390193,100.0
6.666666666666667,0.2929643730266947,100.0
18.666666666666668,0.042014960697149654,10.0
15.5,0.06845654402327306,10.0
12.333333333333334,0.12662353100602186,100.0
9.333333333333334,0.21401409331184656,250.0
12.5,0.11657143825758703,250.0
19.833333333333332,0.03878701652582376,10.0
18.833333333333332,0.04364640697557809,10.0
19.333333333333332,0.04297444526918427,100.0
17.333333333333332,0.05264992697530724,10.0
5.5,0.4045582941931284,250.0
20.0,0.04126170574957075,10.0
14.833333333333334,0.08566263928206129,100.0
20.0,0.03881914275952236,10.0
0.16666666666666666,1.0,250.0
17.5,0.05280772547168898,10.0
0.16666666666666666,1.0,250.0
14.166666666666666,0.08308898855300544,10.0
20.5,0.04148018699552983,10.0
19.5,0.043923746500509044,10.0
16.333333333333332,0.061920764547023235,100.0
14.166666666666666,0.08308898855300544,10.0
13.0,0.10385914460690987,100.0
17.833333333333332,0.04390782128843251,10.0
14.833333333333334,0.08566263928206129,100.0
19.0,0.04377928752065557,10.0
15.5,0.06845654402327306,10.0
1.5,0.8507881212683865,100.0
18.166666666666668,0.04241803665354705,10.0
12.333333333333334,0.12662353100602186,100.0
15.666666666666666,0.06696004669022877,10.0
10.333333333333334,0.18399523381080488,250.0
12.333333333333334,0.12662353100602186,100.0
6.0,0.39322385554988615,250.0
14.166666666666666,0.08126545821833983,10.0
11.0,0.16041152417429272,250.0
17.833333333333332,0.0521610230297531,10.0
12.333333333333334,0.1364680494350969,250.0
1.5,0.8507881212683865,100.0
1.0,0.582673771657434,250.0
0.16666666666666666,1.0,250.0
0.6666666666666666,1.0,250.0
17.5,0.05217088312875987,10.0
20.0,0.037493226803419114,10.0
18.833333333333332,0.04364640697557809,10.0
16.0,0.06323663095609201,100.0
18.666666666666668,0.04386792364231534,10.0
16.833333333333332,0.05762352532392033,100.0
18.666666666666668,0.046696012094586827,10.0
12.5,0.11657143825758703,250.0
10.5,0.17034869658088697,10.0
15.833333333333334,0.066442395319062,100.0
2.3333333333333335,0.6395889372926796,250.0
13.166666666666666,0.11890037661719613,250.0
17.333333333333332,0.050424098615282874,10.0
14.166666666666666,0.08308898855300544,10.0
12.0,0.13113369380943993,250.0
18.5,0.048910942401101346,10.0
6.333333333333333,0.38256689307611097,100.0
14.166666666666666,0.09105112489052719,100.0
13.5,0.09249232587846831,100.0
1.3333333333333333,0.7550967654114277,250.0
14.833333333333334,0.07642188162206179,100.0
20.166666666666668,0.041974183764739555,10.0
13.833333333333334,0.09628814772688801,100.0
10.166666666666666,0.24222754462482912,100.0
0.16666666666666666,1.0,250.0
5.5,0.4045582941931284,250.0
0.6666666666666666,1.0,250.0
8.5,0.24832502640233142,250.0
12.166666666666666,0.11587463655857139,100.0
16.833333333333332,0.05698929451861125,100.0
20.666666666666668,0.03430220325936288,10.0
17.666666666666668,0.043978936956990684,100.0
12.166666666666666,0.132109765606327,100.0
14.833333333333334,0.08582052754446437,100.0
15.666666666666666,0.058031804261289455,10.0
14.5,0.07602621292085812,10.0
1.3333333333333333,0.6667562905078664,250.0
18.0,0.04744456039166526,100.0
16.5,0.061453455988682314,100.0
10.5,0.18143358575364735,250.0
19.333333333333332,0.03914156517378712,100.0
18.666666666666668,0.05174842607974514,10.0
4.166666666666667,0.48094169994278313,250.0
19.833333333333332,0.03664685581835916,10.0
16.333333333333332,0.0632285575104849,10.0
14.333333333333334,0.07590618952658315,100.0
11.666666666666666,0.1175781607707775,250.0
18.0,0.048726561457593236,100.0
15.5,0.07276477272530055,10.0
9.0,0.21234103945673596,100.0
12.166666666666666,0.132109765606327,100.0
12.0,0.1372814066043456,100.0
18.666666666666668,0.04519920495188435,100.0
0.5,1.0,250.0
6.833333333333333,0.3239071458143559,250.0
15.666666666666666,0.058031804261289455,10.0
20.166666666666668,0.03796083611449545,10.0
15.333333333333334,0.06673684538722863,100.0
1.3333333333333333,0.4740902434235932,250.0
15.0,0.08326476393036653,10.0
12.166666666666666,0.11587463655857139,100.0
0.16666666666666666,1.0,250.0
1.6666666666666667,0.36147425974313574,250.0
16.5,0.061453455988682314,100.0
5.833333333333333,0.2859511938666275,250.0
18.666666666666668,0.05270717958874164,10.0
16.166666666666668,0.058775091691845735,100.0
14.833333333333334,0.08582052754446437,100.0
15.666666666666666,0.06918548305620985,10.0
6.5,0.3532852551752616,100.0
2.6666666666666665,0.30870083918138314,250.0
9.0,0.21234103945673596,100.0
12.166666666666666,0.1338714149030806,100.0
0.3333333333333333,1.0,250.0
12.166666666666666,0.11587463655857139,100.0
1.3333333333333333,0.6667562905078664,250.0
16.5,0.061178965512494875,100.0
11.666666666666666,0.1175781607707775,250.0
14.666666666666666,0.08001737652512808,100.0
8.833333333333334,0.22677607751921958,250.0
18.166666666666668,0.05287611937826492,10.0
19.333333333333332,0.0475172311886851,10.0
12.5,0.12800229218904133,100.0
20.166666666666668,0.03796083611449545,10.0
9.0,0.21234103945673596,100.0
19.166666666666668,0.044587892838988036,10.0
17.5,0.05883708069763945,10.0
1.0,0.9398576304572389,250.0
6.333333333333333,0.32526811037179004,250.0
18.0,0.049711267244829646,250.0
16.166666666666668,0.058775091691845735,100.0
12.166666666666666,0.132109765606327,100.0
0.16666666666666666,1.0,250.0
11.666666666666666,0.1175781607707775,250.0
9.0,0.21234103945673596,100.0
11.666666666666666,0.1175781607707775,250.0
0.3333333333333333,1.0,250.0
16.5,0.058832090886072795,10.0
16.833333333333332,0.05698929451861125,100.0
16.833333333333332,0.05698929451861125,100.0
11.666666666666666,0.1175781607707775,250.0
16.0,0.06257913940831666,100.0
18.666666666666668,0.05174842607974514,10.0
9.333333333333334,0.18628038670426406,100.0
15.833333333333334,0.05919184289214611,250.0
12.166666666666666,0.132109765606327,100.0
18.666666666666668,0.05174842607974514,10.0
16.166666666666668,0.06571431931743059,10.0
10.333333333333334,0.2086552725344387,250.0
18.0,0.04744456039166526,100.0
10.5,0.17380455149632873,250.0
18.666666666666668,0.04117632468381061,100.0
8.5,0.23167159801944237,250.0
12.166666666666666,0.11587463655857139,100.0
15.0,0.08326476393036653,10.0
18.0,0.04381315749671802,10.0
13.833333333333334,0.09663302512403144,250.0
17.833333333333332,0.04678818231431701,100.0
16.833333333333332,0.06389590506370973,100.0
18.0,0.04381315749671802,10.0
18.0,0.04744456039166526,100.0
15.833333333333334,0.05919184289214611,250.0
12.166666666666666,0.132109765606327,100.0
12.166666666666666,0.13448112264222037,250.0
1.3333333333333333,0.6667562905078664,250.0
13.666666666666666,0.09255088812129231,10.0
12.833333333333334,0.11504744598815335,250.0
2.6666666666666665,0.6150330415543315,100.0
12.833333333333334,0.11225236490086694,250.0
16.166666666666668,0.05595068695991613,100.0
16.833333333333332,0.05718285870580769,100.0
14.5,0.08704349163356545,100.0
17.166666666666668,0.053164178050345665,10.0
19.5,0.046206726573191706,10.0
19.166666666666668,0.04375922616389407,10.0
14.166666666666666,0.08837564132879246,100.0
18.333333333333332,0.05109476685141895,100.0
19.0,0.04651776822432586,10.0
16.833333333333332,0.05718285870580769,100.0
17.333333333333332,0.05180649911962394,10.0
19.5,0.040962081396784804,100.0
18.5,0.046998843145918845,10.0
0.8333333333333334,0.4234585981569695,250.0
0.6666666666666666,1.0,100.0
15.833333333333334,0.05744831355786127,10.0
18.666666666666668,0.04083629521079875,10.0
12.833333333333334,0.11504744598815335,250.0
19.5,0.04232758377093561,100.0
12.833333333333334,0.11504744598815335,250.0
21.166666666666668,0.032884214796489813,10.0
5.0,0.4755823012594985,250.0
17.166666666666668,0.04685564246337621,10.0
19.333333333333332,0.034922880720823446,10.0
18.833333333333332,0.044902608465205565,10.0
14.5,0.07185758961781619,100.0
13.5,0.1060357698371391,250.0
21.666666666666668,0.03162791008983141,10.0
17.666666666666668,0.05135357009035007,10.0
12.333333333333334,0.129727082797699,100.0
15.833333333333334,0.05775731791939756,100.0
14.5,0.09737511081118165,250.0
15.833333333333334,0.04640192654693382,10.0
17.166666666666668,0.04685564246337621,10.0
18.333333333333332,0.04857374489099579,100.0
7.666666666666667,0.2874950317381043,250.0
15.5,0.06934482320300753,10.0
17.833333333333332,0.04579666736948069,100.0
17.5,0.053604558281229064,100.0
13.666666666666666,0.09954820079118376,100.0
9.5,0.22845003009514325,250.0
17.833333333333332,0.05030130277790365,100.0
6.833333333333333,0.3294028468687884,250.0
14.166666666666666,0.08837564132879246,100.0
6.833333333333333,0.3294028468687884,250.0
18.166666666666668,0.04251739716417349,10.0
19.166666666666668,0.039953066337271574,100.0
18.666666666666668,0.0444349423100364,10.0
18.0,0.05014998283917297,10.0
17.166666666666668,0.05298263268545792,100.0
13.666666666666666,0.09954820079118376,100.0
14.5,0.08704349163356545,100.0
3.5,0.37647497305417715,250.0
19.0,0.040580453284667264,10.0
9.166666666666666,0.1955955904944725,250.0
0.6666666666666666,1.0,100.0
0.5,1.0,250.0
18.333333333333332,0.05109476685141895,100.0
18.0,0.05175746055716222,10.0
11.166666666666666,0.1412693244852,250.0
9.0,0.23578318299165343,250.0
12.166666666666666,0.12379618362879655,250.0
12.333333333333334,0.1073936864328304,10.0
18.833333333333332,0.044902608465205565,10.0
19.5,0.046206726573191706,10.0
15.833333333333334,0.05775731791939756,100.0
20.333333333333332,0.037325957870030436,10.0
20.333333333333332,0.037325957870030436,10.0
12.166666666666666,0.1159205157795614,100.0
17.0,0.04952400733964778,100.0
15.833333333333334,0.05744831355786127,10.0
15.666666666666666,0.05670012875126498,100.0
19.0,0.048472525075359395,100.0
7.666666666666667,0.295216995362281,250.0
9.0,0.23578318299165343,250.0
0.6666666666666666,1.0,100.0
18.5,0.0496301497298128,10.0
13.5,0.1060357698371391,250.0
3.1666666666666665,0.6289249351747522,100.0
0.6666666666666666,1.0,250.0
17.666666666666668,0.04902109703107647,100.0
1.0,0.5907001313442792,250.0
19.166666666666668,0.04045105667321913,10.0
19.333333333333332,0.034922880720823446,10.0
3.3333333333333335,0.3823364723597674,250.0
5.666666666666667,0.28867500949120084,100.0
17.166666666666668,0.05292059240185057,100.0
13.666666666666666,0.09255088812129231,10.0
19.166666666666668,0.04045105667321913,10.0
19.5,0.03780517583021687,10.0
17.5,0.053604558281229064,100.0
9.0,0.23578318299165343,250.0
15.666666666666666,0.06919565342763336,100.0
17.833333333333332,0.05030130277790365,100.0
2.3333333333333335,0.6469292234328657,250.0
15.833333333333334,0.06937727783389686,100.0
0.3333333333333333,1.0,250.0
18.833333333333332,0.04059097697264888,10.0
20.833333333333332,0.03636560441986415,10.0
12.166666666666666,0.14169452113201056,250.0
10.333333333333334,0.195102113482855,100.0
5.5,0.48405750475666853,100.0
17.666666666666668,0.05007108750455884,10.0
4.166666666666667,0.4524460361721309,250.0
3.6666666666666665,0.545991556646523,100.0
14.0,0.0901991726530071,250.0
11.166666666666666,0.16717935081744595,250.0
9.166666666666666,0.21876641652199544,100.0
18.5,0.05092204250087682,10.0
19.666666666666668,0.03951555628698758,10.0
13.666666666666666,0.09013601092939745,250.0
19.5,0.043063731570090545,10.0
2.1666666666666665,0.6171728699075659,250.0
8.166666666666666,0.2883886696466809,10.0
1.5,0.4891735960425604,250.0
1.6666666666666667,0.9789614252958367,250.0
17.333333333333332,0.054424150961860304,100.0
14.0,0.09918832467261131,250.0
17.833333333333332,0.04671441506159971,10.0
12.166666666666666,0.14169452113201056,250.0
7.666666666666667,0.22837650660765202,250.0
11.666666666666666,0.15091764804754493,250.0
20.5,0.041286428479339644,10.0
15.5,0.06288060898717002,100.0
11.5,0.147824136749191,250.0
4.666666666666667,0.40137887158471375,100.0
14.833333333333334,0.08725784474836765,100.0
12.833333333333334,0.1044188618865284,10.0
11.166666666666666,0.16717935081744595,250.0
17.0,0.05216536043358079,100.0
0.16666666666666666,1.0,250.0
2.1666666666666665,0.4652467519448033,250.0
14.0,0.0901991726530071,250.0
15.166666666666666,0.06989858704175474,60.0
19.833333333333332,0.03438491545694871,10.0
18.333333333333332,0.05239825069497552,10.0
0.6666666666666666,1.0,250.0
2.0,0.4806285416582099,250.0
18.666666666666668,0.044651653853447514,10.0
19.333333333333332,0.04182595565483413,10.0
18.0,0.04623008180386761,100.0
17.666666666666668,0.053967956421327686,10.0
19.666666666666668,0.04520556546650146,10.0
21.166666666666668,0.035991409835653174,10.0
14.0,0.09918832467261131,250.0
14.333333333333334,0.09501823858788143,100.0
14.0,0.09918832467261131,250.0
13.333333333333334,0.10595234857968755,100.0
4.166666666666667,0.4524460361721309,250.0
2.8333333333333335,0.6937511133351421,100.0
2.1666666666666665,0.4652467519448033,250.0
0.3333333333333333,1.0,250.0
20.333333333333332,0.03891766551616636,10.0
14.333333333333334,0.09501823858788143,100.0
20.833333333333332,0.03636560441986415,10.0
1.0,1.156965880933783,100.0
18.833333333333332,0.04059097697264888,10.0
0.6666666666666666,1.0,250.0
7.666666666666667,0.29411675114365055,250.0
2.0,0.4806285416582099,250.0
11.5,0.13228527815201807,100.0
18.666666666666668,0.043862475806180606,10.0
16.5,0.05754731103256456,250.0
21.166666666666668,0.035991409835653174,10.0
11.166666666666666,0.16717935081744595,250.0
18.5,0.04944065180755065,10.0
7.833333333333333,0.2794246069591792,250.0
20.333333333333332,0.03891766551616636,10.0
0.3333333333333333,1.0,250.0
1.5,0.4891735960425604,250.0
8.333333333333334,0.24830767982958613,250.0
16.333333333333332,0.057429508155726415,100.0
18.666666666666668,0.04606565045372379,100.0
14.0,0.09918832467261131,250.0
20.833333333333332,0.03636560441986415,10.0
14.833333333333334,0.07436675129464121,100.0
18.5,0.05092204250087682,10.0
15.5,0.06288060898717002,100.0
19.0,0.044148728652071034,100.0
17.833333333333332,0.05295731356746519,100.0
14.333333333333334,0.09144267685100115,100.0
18.666666666666668,0.049048080125954956,10.0
18.666666666666668,0.043862475806180606,10.0
8.333333333333334,0.24830767982958613,250.0
17.666666666666668,0.04735575335473534,100.0
20.333333333333332,0.04076232643255775,10.0
19.666666666666668,0.03919871860734818,10.0
19.0,0.044148728652071034,100.0
11.833333333333334,0.11409353517252827,250.0
13.5,0.09707716476941376,100.0
17.666666666666668,0.04735575335473534,100.0
5.5,0.38988140472895494,250.0
18.5,0.05092204250087682,10.0
20.833333333333332,0.035378936197983754,10.0
17.166666666666668,0.052118590645835156,10.0
7.166666666666667,0.3802516726297371,250.0
12.833333333333334,0.1071180538496445,100.0
13.166666666666666,0.10490430017751308,100.0
13.333333333333334,0.09420525638348314,250.0
0.5,1.0,250.0
15.666666666666666,0.06514165332431572,10.0
13.333333333333334,0.09420525638348314,250.0
13.5,0.09446518591548334,100.0
14.0,0.08761955857718703,250.0
14.666666666666666,0.07506508977442343,100.0
18.333333333333332,0.04720582737550696,100.0
6.333333333333333,0.3751741581268376,250.0
19.666666666666668,0.03672770744160457,10.0
20.833333333333332,0.035378936197983754,10.0
14.5,0.08547459055991816,250.0
14.0,0.09723545894410647,100.0
20.833333333333332,0.035136160623176364,10.0
15.666666666666666,0.07008017647362091,100.0
12.833333333333334,0.10289170987069851,100.0
17.0,0.053541826523813486,100.0
10.5,0.18351848249409203,100.0
3.8333333333333335,0.4897758599252355,250.0
7.166666666666667,0.37283968849529703,250.0
17.166666666666668,0.052118590645835156,10.0
18.666666666666668,0.048567493464390474,10.0
19.5,0.04144213723699716,100.0
3.8333333333333335,0.44889426092066503,100.0
15.666666666666666,0.06994929896832787,100.0
16.833333333333332,0.05571162918578114,100.0
20.5,0.04010702163313882,10.0
14.666666666666666,0.06467612442158265,10.0
7.166666666666667,0.37283968849529703,250.0
16.5,0.06051777746982376,10.0
15.666666666666666,0.07008017647362091,100.0
18.666666666666668,0.04000847470478082,10.0
14.0,0.08154154456704883,100.0
18.166666666666668,0.05529697737776461,10.0
2.8333333333333335,0.7221356616400383,250.0
17.833333333333332,0.055270812752101946,10.0
20.5,0.03746061308514783,10.0
18.166666666666668,0.04509568183915653,10.0
17.5,0.04992975846622922,100.0
15.333333333333334,0.06670069522916779,10.0
19.666666666666668,0.042477037378608064,10.0
18.666666666666668,0.04240751126079225,100.0
16.0,0.065505746459943,10.0
11.666666666666666,0.19122632878865561,250.0
0.16666666666666666,1.0,250.0
18.166666666666668,0.04509568183915653,10.0
10.833333333333334,0.14546575373461235,100.0
14.833333333333334,0.08216582426420793,100.0
1.3333333333333333,0.6681602412722841,100.0
16.5,0.06051777746982376,10.0
17.333333333333332,0.04867637418393196,10.0
17.333333333333332,0.05170221100262381,10.0
2.8333333333333335,0.7221356616400383,250.0
11.166666666666666,0.16044134967461302,100.0
18.666666666666668,0.040572289685683875,100.0
18.166666666666668,0.04509568183915653,10.0
7.333333333333333,0.301737994179498,250.0
16.0,0.07392021547854488,100.0
2.5,0.5330936549552634,250.0
14.166666666666666,0.08955391750882667,250.0
19.166666666666668,0.04018488508189624,100.0
20.0,0.037449864812472596,100.0
0.5,1.0,250.0
7.166666666666667,0.3802516726297371,250.0
18.833333333333332,0.04739507768891606,10.0
16.833333333333332,0.052987522514165164,10.0
18.666666666666668,0.04240751126079225,100.0
3.8333333333333335,0.44889426092066503,100.0
20.0,0.037449864812472596,100.0
18.5,0.045206223771839256,10.0
22.333333333333332,0.032646378086577686,10.0
17.333333333333332,0.05579895094105079,100.0
14.666666666666666,0.06467612442158265,10.0
15.333333333333334,0.06670069522916779,10.0
10.5,0.1778246154731198,250.0
14.666666666666666,0.07506508977442343,100.0
17.833333333333332,0.04687474212286335,10.0
18.833333333333332,0.05288171157880442,10.0
18.666666666666668,0.04132263573776909,10.0
22.333333333333332,0.032646378086577686,10.0
12.166666666666666,0.13061434253943713,100.0
14.333333333333334,0.08329817309143288,10.0
15.666666666666666,0.07008017647362091,100.0
18.333333333333332,0.050273764802693396,100.0
7.333333333333333,0.28165772919185983,250.0
1.3333333333333333,0.6681602412722841,100.0
18.666666666666668,0.04240751126079225,100.0
1.3333333333333333,0.6681602412722841,100.0
15.666666666666666,0.06514165332431572,10.0
14.0,0.08761955857718703,250.0
17.5,0.051034421508655316,10.0
14.666666666666666,0.0771708802653639,10.0
17.833333333333332,0.055270812752101946,10.0
19.0,0.04516112770399658,10.0
7.333333333333333,0.301737994179498,250.0
18.333333333333332,0.044029827575592484,10.0
13.333333333333334,0.11869306427964982,250.0
15.0,0.08621194113405425,10.0
16.666666666666668,0.059403167418608877,10.0
19.666666666666668,0.0387283591025536,10.0
12.166666666666666,0.12315455164416711,10.0
10.166666666666666,0.21336747923474764,250.0
3.5,0.638304032560035,100.0
13.833333333333334,0.08207128838848422,100.0
17.333333333333332,0.05372020460694653,100.0
18.166666666666668,0.046484351554936985,10.0
1.1666666666666667,0.3205890460360462,250.0
7.333333333333333,0.2754545847945851,250.0
18.333333333333332,0.044029827575592484,10.0
2.1666666666666665,0.6553390117453713,250.0
16.333333333333332,0.06768226538270679,10.0
5.833333333333333,0.45533452759740384,250.0
16.833333333333332,0.05743894533141883,10.0
11.0,0.1740913151910885,250.0
12.166666666666666,0.13943902120260754,100.0
10.166666666666666,0.21336747923474764,250.0
17.666666666666668,0.048954134060010375,10.0
11.166666666666666,0.16408245456955867,100.0
15.166666666666666,0.07626018093176132,100.0
3.5,0.3760193312843934,250.0
18.5,0.047742041660806755,10.0
5.0,0.4501178868914151,250.0
17.666666666666668,0.052951111048433586,100.0
17.666666666666668,0.048954134060010375,10.0
18.333333333333332,0.044029827575592484,10.0
19.0,0.05201395316971553,10.0
17.166666666666668,0.060599545783754295,10.0
14.833333333333334,0.09009703454654523,10.0
18.166666666666668,0.049999484937862465,10.0
16.333333333333332,0.05637330391667018,100.0
11.666666666666666,0.148381512771141,250.0
17.0,0.05766362686434601,100.0
5.0,0.4501178868914151,250.0
20.666666666666668,0.04400737371253985,10.0
14.166666666666666,0.09244268715762542,100.0
12.833333333333334,0.11199300026415475,100.0
16.333333333333332,0.05637330391667018,100.0
18.666666666666668,0.046632331648801276,10.0
15.333333333333334,0.07040564491273615,100.0
14.666666666666666,0.07651591577015707,100.0
5.833333333333333,0.45533452759740384,250.0
19.666666666666668,0.041694949981832416,10.0
4.333333333333333,0.3925554273214241,250.0
19.333333333333332,0.04119676703541485,100.0
14.833333333333334,0.07741947259140528,10.0
15.666666666666666,0.07302640224010329,10.0
18.833333333333332,0.047520080456706734,100.0
12.166666666666666,0.12315455164416711,10.0
17.666666666666668,0.05208420903335735,250.0
16.333333333333332,0.06554885932982923,100.0
19.5,0.04514149785991417,10.0
13.333333333333334,0.09253953993097817,250.0
17.666666666666668,0.04523303340021868,10.0
1.8333333333333333,0.6825101234343652,250.0
1.6666666666666667,0.882514696357012,250.0
3.3333333333333335,0.4532012595032795,250.0
13.333333333333334,0.09253953993097817,250.0
17.166666666666668,0.04927007030000132,10.0
7.5,0.28966485151493954,250.0
11.0,0.1740913151910885,250.0
19.333333333333332,0.0408051093215346,10.0
0.5,1.0,100.0
5.0,0.5013923289083684,250.0
18.666666666666668,0.046632331648801276,10.0
12.333333333333334,0.15225589471806902,100.0
15.333333333333334,0.06789598926360432,10.0
11.166666666666666,0.16408245456955867,100.0
15.166666666666666,0.08054189157160392,100.0
14.833333333333334,0.09009703454654523,10.0
18.666666666666668,0.04727346217370194,10.0
11.666666666666666,0.15141259738119855,250.0
19.666666666666668,0.041694949981832416,10.0
1.6666666666666667,0.882514696357012,250.0
3.3333333333333335,0.4532012595032795,250.0
19.333333333333332,0.04119676703541485,100.0
15.666666666666666,0.07302640224010329,10.0
2.1666666666666665,0.6553390117453713,250.0
0.3333333333333333,1.0,250.0
19.5,0.04514149785991417,10.0
6.666666666666667,0.3348509295005594,250.0
4.833333333333333,0.3919788785188092,250.0
16.0,0.057526979215683144,10.0
11.833333333333334,0.11864614482772812,100.0
19.166666666666668,0.04431335597420051,10.0
15.333333333333334,0.07040564491273615,100.0
18.833333333333332,0.043511145904711085,10.0
15.166666666666666,0.08054189157160392,100.0
0.6666666666666666,1.0,250.0
14.166666666666666,0.09244268715762542,100.0
16.0,0.057526979215683144,10.0
15.166666666666666,0.07865625338471854,10.0
17.166666666666668,0.060599545783754295,10.0
0.8333333333333334,0.6013517644963504,250.0
10.833333333333334,0.1707129598359328,250.0
17.0,0.05769656178043967,100.0
13.666666666666666,0.09197240591738577,250.0
0.16666666666666666,1.0,250.0
1.1666666666666667,0.7207768931514972,250.0
1.1666666666666667,0.7207768931514972,250.0
19.666666666666668,0.03838377491113602,10.0
6.666666666666667,0.2850277537226354,100.0
4.666666666666667,0.5977559466525253,100.0
1.3333333333333333,0.8254772600479069,100.0
10.166666666666666,0.1676646791090284,100.0
9.833333333333334,0.20437982512266814,100.0
17.5,0.050740143281693906,100.0
5.5,0.37933428568283817,250.0
9.5,0.2419609130794731,250.0
8.0,0.3058742243664923,250.0
8.0,0.3058742243664923,250.0
16.5,0.05725954478954426,10.0
18.833333333333332,0.04702538534648196,10.0
19.166666666666668,0.04151989595480543,10.0
14.833333333333334,0.07907410906629794,100.0
17.833333333333332,0.053399246195129924,100.0
0.3333333333333333,1.0,250.0
19.833333333333332,0.03957055563378154,10.0
8.666666666666666,0.22721590318871773,250.0
19.166666666666668,0.040219014367892075,10.0
3.8333333333333335,0.531902875146153,250.0
16.666666666666668,0.052159798927952965,100.0
0.16666666666666666,1.0,250.0
3.8333333333333335,0.531902875146153,250.0
4.666666666666667,0.5977559466525253,100.0
17.5,0.05254336427243704,10.0
19.166666666666668,0.049376243358906675,100.0
15.333333333333334,0.07438257438802068,250.0
4.666666666666667,0.5977559466525253,100.0
17.166666666666668,0.04977162299506957,100.0
18.166666666666668,0.048747205639070076,10.0
1.3333333333333333,0.8254772600479069,100.0
17.333333333333332,0.05945881583340873,250.0
11.333333333333334,0.15711414259198628,250.0
11.333333333333334,0.13516650022278848,100.0
15.333333333333334,0.07078743842736537,100.0
17.5,0.050740143281693906,100.0
17.833333333333332,0.050094713090923323,100.0
5.333333333333333,0.37671312723590183,250.0
13.5,0.10505560841914016,10.0
17.0,0.060905964866996974,100.0
3.1666666666666665,0.5876502036019469,250.0
19.166666666666668,0.04151989595480543,10.0
9.5,0.222273071421006,250.0
18.333333333333332,0.045873707322631435,10.0
20.333333333333332,0.040130396271574095,100.0
14.666666666666666,0.08689345766438582,10.0
11.333333333333334,0.13516650022278848,100.0
19.0,0.04252556625952441,100.0
19.0,0.04023324659350477,100.0
16.833333333333332,0.04963139361052755,10.0
20.0,0.04699073273926608,10.0
11.333333333333334,0.15711414259198628,250.0
16.0,0.05933947800128073,100.0
13.0,0.10837578424992264,250.0
15.666666666666666,0.06412095049196988,10.0
3.6666666666666665,0.5187216339506064,250.0
19.166666666666668,0.04151989595480543,10.0
16.333333333333332,0.06328324419842563,100.0
16.833333333333332,0.04963139361052755,10.0
8.333333333333334,0.22567608978746853,100.0
11.333333333333334,0.13516650022278848,100.0
8.666666666666666,0.2542119485154105,250.0
19.5,0.04167644941996233,10.0
16.333333333333332,0.05620675555726965,100.0
8.333333333333334,0.2726412169957673,100.0
17.5,0.05080524598951159,60.0
3.1666666666666665,0.5876502036019469,250.0
19.0,0.05024343416809276,100.0
19.333333333333332,0.04156516495165932,10.0
18.5,0.047007404619576254,10.0
10.166666666666666,0.1676646791090284,100.0
17.833333333333332,0.053399246195129924,100.0
15.333333333333334,0.07078743842736537,100.0
19.166666666666668,0.049376243358906675,100.0
18.166666666666668,0.046249248681103305,10.0
15.666666666666666,0.06412095049196988,10.0
17.333333333333332,0.05320499950236621,10.0
14.833333333333334,0.07907410906629794,100.0
16.166666666666668,0.06207405958798074,100.0
12.0,0.14463883761995794,250.0
18.333333333333332,0.045873707322631435,10.0
17.333333333333332,0.05945881583340873,250.0
1.8333333333333333,0.6086844163210435,100.0
17.0,0.061311724995249645,10.0
9.666666666666666,0.1728039757515377,100.0
17.166666666666668,0.04988567983230472,10.0
8.0,0.2815505594208963,100.0
16.5,0.05725954478954426,10.0
9.166666666666666,0.2983450403605675,100.0
0.6666666666666666,1.0,100.0
12.833333333333334,0.11202584754607862,250.0
20.333333333333332,0.03510726527084597,10.0
11.333333333333334,0.1455121837586562,250.0
19.666666666666668,0.03877842701634246,100.0
16.333333333333332,0.05814934614629831,100.0
16.666666666666668,0.05444265162789654,100.0
21.0,0.033681251127314994,10.0
16.833333333333332,0.05140122149577619,100.0
12.666666666666666,0.11790200911320212,100.0
15.333333333333334,0.0640375843697435,100.0
17.166666666666668,0.053713109308811346,250.0
17.5,0.04893471996971325,10.0
9.166666666666666,0.22937274580428355,250.0
18.833333333333332,0.038834856292349076,10.0
13.666666666666666,0.08667716558966392,100.0
17.166666666666668,0.05307901328946762,10.0
5.833333333333333,0.4093069616429697,100.0
10.833333333333334,0.16293369209024855,100.0
17.166666666666668,0.051574786269758116,250.0
14.833333333333334,0.07128396393211864,100.0
19.333333333333332,0.037067927426237705,10.0
16.5,0.05498433614127142,100.0
9.666666666666666,0.21485713420038344,250.0
19.833333333333332,0.03890320329086173,10.0
17.333333333333332,0.05320450615046994,10.0
18.333333333333332,0.041027130284317384,100.0
14.5,0.07759359305643666,250.0
13.166666666666666,0.11211922512117702,100.0
15.833333333333334,0.062311729330854625,100.0
16.666666666666668,0.054103100742338955,10.0
0.3333333333333333,1.0,250.0
15.166666666666666,0.0682493915179352,100.0
0.8333333333333334,0.5754623834288068,250.0
1.6666666666666667,0.40646061244947096,250.0
15.0,0.07833489094827141,100.0
20.333333333333332,0.04385443418340326,10.0
5.333333333333333,0.3986151641726251,250.0
3.0,0.5900549694141122,100.0
15.0,0.07833489094827141,100.0
19.333333333333332,0.0387377346135694,10.0
6.0,0.24081738660470925,250.0
15.333333333333334,0.066499663518811,250.0
15.166666666666666,0.07661647978204128,10.0
19.833333333333332,0.03957578118973375,10.0
19.0,0.03827752386749657,10.0
8.5,0.2777939078731286,250.0
21.166666666666668,0.0379806124939701,10.0
20.0,0.040571942358825996,10.0
13.5,0.08778029113569266,100.0
0.5,1.0,250.0
6.0,0.39954516608306756,100.0
0.16666666666666666,1.0,250.0
9.5,0.17836674122996138,250.0
4.833333333333333,0.36112465902860386,250.0
19.5,0.04347014978043835,100.0
15.666666666666666,0.06756084368718411,60.0
0.8333333333333334,0.5754623834288068,250.0
19.666666666666668,0.04034396635043213,10.0
6.333333333333333,0.3104911661998761,100.0
19.833333333333332,0.03890320329086173,10.0
5.833333333333333,0.30766552479208825,250.0
13.666666666666666,0.08848826571136853,250.0
0.5,1.0,250.0
15.166666666666666,0.07661647978204128,10.0
5.333333333333333,0.3986151641726251,250.0
20.333333333333332,0.03747006693409904,10.0
19.5,0.04347014978043835,100.0
6.166666666666667,0.3731927314431894,250.0
20.5,0.0369768258337386,10.0
19.0,0.039195366550398576,10.0
17.5,0.05013397803129234,100.0
19.5,0.04051647871197961,10.0
16.5,0.05420186955842783,100.0
15.333333333333334,0.06205921707306927,100.0
19.833333333333332,0.03890320329086173,10.0
4.833333333333333,0.36112465902860386,250.0
16.666666666666668,0.05444265162789654,100.0
16.5,0.05588678344001486,100.0
21.166666666666668,0.0379806124939701,10.0
15.333333333333334,0.066499663518811,250.0
18.166666666666668,0.05107463422250422,10.0
20.0,0.040571942358825996,10.0
19.166666666666668,0.039554571161485294,10.0
11.333333333333334,0.17377469318013483,100.0
13.5,0.09147554842894315,100.0
19.0,0.039195366550398576,10.0
0.16666666666666666,1.0,250.0
12.0,0.10430672127663007,100.0
15.333333333333334,0.066499663518811,250.0
19.333333333333332,0.0387377346135694,10.0
13.666666666666666,0.09621228685747367,100.0
6.0,0.24081738660470925,250.0
6.0,0.39954516608306756,100.0
5.333333333333333,0.3986151641726251,250.0
4.166666666666667,0.3859970738691865,250.0
17.666666666666668,0.04549186397520585,100.0
19.5,0.04051647871197961,10.0
10.666666666666666,0.14211439751301913,250.0
18.333333333333332,0.04526531035735012,10.0
6.0,0.39954516608306756,100.0
5.5,0.36527119810781844,100.0
16.666666666666668,0.054103100742338955,10.0
19.833333333333332,0.03890320329086173,10.0
15.5,0.0733474908086457,10.0
5.166666666666667,0.37407507248728833,250.0
13.166666666666666,0.11114554798214936,100.0
16.333333333333332,0.058998366079830444,100.0
2.5,0.7801619442109785,250.0
1.3333333333333333,0.5056007907799593,250.0
15.5,0.0640822097942562,10.0
18.166666666666668,0.04658620945199477,100.0
0.16666666666666666,1.0,250.0
0.16666666666666666,1.0,250.0
12.666666666666666,0.109897604010889,100.0
5.333333333333333,0.44188359983746783,250.0
15.666666666666666,0.07001116188618257,100.0
0.16666666666666666,1.0,250.0
19.833333333333332,0.03776937818529389,10.0
3.6666666666666665,0.4616425589723511,250.0
19.0,0.04213130618918594,10.0
16.166666666666668,0.06423727263597556,100.0
18.833333333333332,0.04665340432721318,10.0
17.833333333333332,0.061513178939567696,100.0
0.16666666666666666,1.0,250.0
13.833333333333334,0.08897344438701223,100.0
19.666666666666668,0.03888626401164291,10.0
15.0,0.0879085189466967,100.0
4.0,0.46356082833872336,250.0
9.5,0.24104523384034607,250.0
5.5,0.4551449279464058,100.0
9.833333333333334,0.18605611860060306,250.0
7.5,0.2759859200104942,250.0
12.5,0.1187019390952631,100.0
9.0,0.2726379719860113,250.0
18.666666666666668,0.045677699853885596,10.0
10.666666666666666,0.1759619134290136,250.0
19.0,0.04472343637669188,10.0
16.166666666666668,0.06242189166604985,100.0
18.833333333333332,0.04665340432721318,10.0
8.666666666666666,0.22468525356963628,100.0
18.5,0.04566588986008586,10.0
15.5,0.07303914895719232,10.0
1.5,0.8215949716421883,250.0
9.833333333333334,0.18605611860060306,250.0
15.0,0.07524459739428398,100.0
10.666666666666666,0.1759619134290136,250.0
18.333333333333332,0.05065634221011641,10.0
20.0,0.034761734117593396,10.0
4.166666666666667,0.6491626629157267,100.0
16.0,0.06605151879205858,100.0
18.833333333333332,0.04454385487704588,100.0
15.0,0.0879085189466967,100.0
9.166666666666666,0.22946984971786966,250.0
18.666666666666668,0.04233360100562093,10.0
8.333333333333334,0.24574399558793436,250.0
17.333333333333332,0.05761908665009755,100.0
14.666666666666666,0.07078712825884295,100.0
16.166666666666668,0.06242189166604985,100.0
19.166666666666668,0.04051905163493281,10.0
15.333333333333334,0.07171193618338095,100.0
0.16666666666666666,1.0,250.0
1.5,0.5117480972445685,250.0
19.833333333333332,0.039209741534892636,10.0
15.5,0.07303914895719232,10.0
19.666666666666668,0.03488955693703424,10.0
18.5,0.04566588986008586,10.0
17.5,0.046957265392566644,10.0
16.666666666666668,0.05716606870603042,100.0
21.5,0.03531787226981752,10.0
15.5,0.0640822097942562,10.0
19.0,0.04213130618918594,10.0
19.333333333333332,0.04250779895122785,10.0
19.833333333333332,0.03878659982859541,10.0
14.833333333333334,0.07222446577374281,100.0
13.833333333333334,0.08897344438701223,100.0
15.833333333333334,0.0650057380840053,100.0
0.16666666666666666,1.0,250.0
12.666666666666666,0.109897604010889,100.0
19.666666666666668,0.03888626401164291,10.0
18.166666666666668,0.05103401074331586,10.0
19.0,0.04472343637669188,10.0
13.166666666666666,0.11114554798214936,100.0
6.5,0.27218430302317675,100.0
17.5,0.050851125791740524,100.0
16.5,0.056807871764495914,10.0
5.5,0.4971179321360145,250.0
14.5,0.07472045489260931,250.0
18.166666666666668,0.043523444202695036,100.0
0.16666666666666666,1.0,250.0
15.0,0.07524459739428398,100.0
3.6666666666666665,0.4616425589723511,250.0
18.166666666666668,0.043523444202695036,100.0
18.333333333333332,0.04849552809045307,100.0
1.5,0.8215949716421883,250.0
15.666666666666666,0.06946855945539213,100.0
18.333333333333332,0.05065634221011641,10.0
9.0,0.1939694024506004,100.0
19.166666666666668,0.04365176121765545,100.0
7.0,0.3078913375923418,250.0
19.5,0.04117733631815204,10.0
18.166666666666668,0.05588715647480951,100.0
7.333333333333333,0.29012250616141033,250.0
14.666666666666666,0.07078712825884295,100.0
16.333333333333332,0.06766824405545205,100.0
17.833333333333332,0.04533580715084628,10.0
18.166666666666668,0.04283947813749932,10.0
0.5,1.0,250.0
13.666666666666666,0.09025441825200983,100.0
5.833333333333333,0.3094272877744771,100.0
17.833333333333332,0.05053131703852977,100.0
13.333333333333334,0.11152978386835463,250.0
6.0,0.43352104831787724,100.0
14.833333333333334,0.09352744769954771,10.0
16.666666666666668,0.04589357109895086,10.0
12.5,0.10569262856938712,100.0
0.5,1.0,250.0
5.833333333333333,0.3094272877744771,100.0
0.16666666666666666,1.0,100.0
7.166666666666667,0.34079038279030077,250.0
20.0,0.04244116201140635,10.0
0.5,1.0,250.0
18.5,0.04642550085988663,10.0
16.666666666666668,0.05879465709888386,10.0
7.5,0.2943211066540694,100.0
13.0,0.09510606826187097,10.0
14.166666666666666,0.08015090989164099,100.0
20.166666666666668,0.03815150841921391,10.0
18.166666666666668,0.04283947813749932,10.0
5.833333333333333,0.3094272877744771,100.0
18.333333333333332,0.045130144206679906,100.0
20.0,0.04346774585149945,10.0
14.166666666666666,0.08015090989164099,100.0
16.833333333333332,0.059226552959681066,10.0
6.5,0.3516140452861015,100.0
13.666666666666666,0.09025441825200983,100.0
0.16666666666666666,1.0,250.0
18.166666666666668,0.0422950027049504,100.0
21.166666666666668,0.03922365717799148,10.0
15.833333333333334,0.0657963583670456,10.0
8.166666666666666,0.3123901436449013,250.0
17.166666666666668,0.06037462630668398,100.0
17.333333333333332,0.051791890061801016,10.0
12.333333333333334,0.127408577324736,100.0
13.0,0.09510606826187097,10.0
0.16666666666666666,1.0,250.0
13.0,0.11038796330027317,100.0
18.5,0.04237776989178822,10.0
15.0,0.09330295810063657,100.0
20.333333333333332,0.03890676735663065,10.0
17.333333333333332,0.051791890061801016,10.0
17.333333333333332,0.051791890061801016,10.0
16.166666666666668,0.0654558794521422,100.0
15.166666666666666,0.06487394033986763,100.0
17.666666666666668,0.04136717045255095,10.0
15.666666666666666,0.06944179849101588,10.0
16.5,0.05567327035061776,100.0
2.1666666666666665,0.6107753558853916,250.0
20.0,0.03830101599046094,100.0
14.166666666666666,0.08015090989164099,100.0
8.166666666666666,0.3123901436449013,250.0
12.5,0.11899273191901738,100.0
15.833333333333334,0.0698301963693363,10.0
2.1666666666666665,0.6107753558853916,250.0
15.166666666666666,0.07417467722067925,100.0
16.666666666666668,0.05879465709888386,10.0
13.333333333333334,0.11152978386835463,250.0
19.666666666666668,0.03941228281917346,10.0
14.166666666666666,0.09815230548262088,100.0
16.333333333333332,0.05906460074459453,100.0
8.666666666666666,0.24183403450913452,250.0
20.166666666666668,0.0417849625366713,10.0
11.5,0.15037759579497575,100.0
17.5,0.05461458229563912,10.0
13.666666666666666,0.09025441825200983,100.0
0.3333333333333333,1.0,250.0
18.166666666666668,0.04846498916643101,100.0
16.833333333333332,0.05278082798307436,10.0
0.16666666666666666,1.0,100.0
10.833333333333334,0.17432630609546584,250.0
18.333333333333332,0.04656342278845157,10.0
16.5,0.05132115444824185,100.0
14.833333333333334,0.09352744769954771,10.0
13.0,0.11038796330027317,100.0
13.0,0.11038796330027317,100.0
5.833333333333333,0.3094272877744771,100.0
17.5,0.05461458229563912,10.0
16.166666666666668,0.0643371062178551,100.0
20.666666666666668,0.03435722449089103,10.0
14.166666666666666,0.09815230548262088,100.0
15.166666666666666,0.06487394033986763,100.0
14.833333333333334,0.08039105238479818,250.0
9.333333333333334,0.192363166437378,100.0
10.833333333333334,0.17432630609546584,250.0
20.0,0.04346774585149945,10.0
17.833333333333332,0.05053131703852977,100.0
16.833333333333332,0.05794373869847291,10.0
14.0,0.07493346233810394,100.0
14.166666666666666,0.09815230548262088,100.0
2.1666666666666665,0.6130590670796303,250.0
12.833333333333334,0.11429086135676997,250.0
18.5,0.04642550085988663,10.0
13.0,0.11038796330027317,100.0
6.0,0.43352104831787724,100.0
0.6666666666666666,1.0,250.0
20.0,0.03885282906534366,10.0
20.333333333333332,0.04023385223749,10.0
18.166666666666668,0.047794592718160826,10.0
14.833333333333334,0.07924016937844099,10.0
3.0,0.42185941614422173,100.0
20.833333333333332,0.03819754097958801,10.0
21.333333333333332,0.040543732563034875,10.0
16.5,0.057192226416530885,10.0
17.0,0.055350946679138494,100.0
19.166666666666668,0.040869551476403344,10.0
10.666666666666666,0.18699760995348264,100.0
9.0,0.21323589296574305,250.0
15.833333333333334,0.07246004629656284,250.0
16.666666666666668,0.0610089053988939,250.0
14.333333333333334,0.08972548675750158,250.0
15.0,0.07591862816390463,10.0
11.166666666666666,0.17220734826393488,250.0
16.166666666666668,0.06533995028950967,10.0
15.166666666666666,0.06819933197471348,10.0
14.166666666666666,0.09174769287209855,100.0
14.166666666666666,0.08628008994912957,100.0
15.333333333333334,0.07565605978884275,100.0
12.833333333333334,0.11030951569250098,100.0
18.0,0.04973308064351904,100.0
0.6666666666666666,1.0,250.0
19.333333333333332,0.04363364915114896,10.0
16.0,0.061477299941874945,10.0
19.5,0.03979274771444758,10.0
14.333333333333334,0.08972548675750158,250.0
13.666666666666666,0.10550578033625736,250.0
15.166666666666666,0.07176925286239541,100.0
14.666666666666666,0.07272899847450545,10.0
12.166666666666666,0.12489869806985973,100.0
19.0,0.050838159580412115,10.0
20.0,0.03981535881503792,10.0
8.166666666666666,0.25104353558291265,250.0
17.5,0.04639296515387578,10.0
14.5,0.08088398749142478,10.0
7.833333333333333,0.2881323447728962,250.0
16.666666666666668,0.06504819320393809,10.0
13.666666666666666,0.08137109281480011,100.0
12.666666666666666,0.12065591375457826,100.0
14.5,0.07457931084237558,100.0
18.333333333333332,0.04673255196825383,100.0
6.166666666666667,0.30601651269786395,250.0
17.166666666666668,0.056382002954107946,100.0
20.833333333333332,0.03904375620938196,10.0
15.833333333333334,0.07246004629656284,250.0
19.0,0.050838159580412115,10.0
15.5,0.07044951367610802,10.0
19.166666666666668,0.040869551476403344,10.0
18.166666666666668,0.043816951629397194,10.0
6.5,0.381306470128071,250.0
17.5,0.05676792918373308,10.0
0.6666666666666666,1.0,250.0
18.166666666666668,0.047794592718160826,10.0
19.333333333333332,0.044795040937781916,10.0
17.333333333333332,0.056789757921630137,100.0
1.1666666666666667,0.7484012068865783,250.0
20.166666666666668,0.03620827580274209,10.0
17.166666666666668,0.056382002954107946,100.0
1.1666666666666667,1.0105381002505005,100.0
2.1666666666666665,0.5619767509180259,250.0
6.166666666666667,0.30601651269786395,250.0
17.166666666666668,0.054550720150464506,10.0
19.0,0.041927781911119566,10.0
16.5,0.0718311251872629,10.0
2.0,0.5704013375188868,250.0
17.0,0.05849536064356481,100.0
17.5,0.048987364908984435,10.0
0.3333333333333333,1.0,250.0
19.666666666666668,0.04150755395616648,10.0
18.0,0.04532130834769984,10.0
17.333333333333332,0.05789318181219981,100.0
6.166666666666667,0.30601651269786395,250.0
1.0,0.6034974700534016,250.0
5.5,0.36237680781962245,250.0
13.666666666666666,0.09842439077901848,100.0
10.666666666666666,0.1747492703142115,250.0
16.5,0.061765993530277195,100.0
0.16666666666666666,1.0,250.0
16.333333333333332,0.05807199292099725,10.0
17.166666666666668,0.055914147227949795,10.0
19.333333333333332,0.044795040937781916,10.0
16.0,0.06312979197785021,100.0
18.333333333333332,0.04673255196825383,100.0
17.5,0.048987364908984435,10.0
18.0,0.04973308064351904,100.0
3.3333333333333335,0.5932877628336425,100.0
9.166666666666666,0.21037372785715147,250.0
18.166666666666668,0.047794592718160826,10.0
17.0,0.055350946679138494,100.0
20.166666666666668,0.03620827580274209,10.0
19.333333333333332,0.046132859284620506,10.0
20.166666666666668,0.03803900558023023,10.0
10.666666666666666,0.18699760995348264,100.0
1.3333333333333333,0.6493265636803781,100.0
15.0,0.07591862816390463,10.0
17.166666666666668,0.04821990812273348,10.0
5.833333333333333,0.5127206608374143,100.0
14.0,0.08632036461096144,100.0
18.0,0.05132274626471004,100.0
15.166666666666666,0.07709834701399149,250.0
16.5,0.050385912188671576,10.0
16.5,0.050385912188671576,10.0
19.666666666666668,0.04098494500596351,10.0
17.166666666666668,0.054397741441171224,10.0
15.666666666666666,0.060086529883112194,100.0
16.0,0.05521443192926922,100.0
13.333333333333334,0.09942529429463819,250.0
7.166666666666667,0.21886809617824987,250.0
19.666666666666668,0.0386247341835375,10.0
7.166666666666667,0.21886809617824987,250.0
16.5,0.05680565746494221,250.0
12.666666666666666,0.1163681850149103,250.0
16.666666666666668,0.05521138125105657,10.0
18.0,0.059246017055983154,10.0
13.333333333333334,0.09942529429463819,250.0
13.0,0.11479035567538493,250.0
1.1666666666666667,0.5280702067639352,250.0
17.666666666666668,0.048366368517572395,100.0
12.666666666666666,0.1163681850149103,250.0
19.666666666666668,0.04098494500596351,10.0
16.666666666666668,0.05521138125105657,10.0
1.1666666666666667,1.319301612441807,100.0
17.166666666666668,0.056076252521285896,100.0
13.666666666666666,0.10267381897282632,250.0
18.666666666666668,0.04052985028863278,100.0
1.1666666666666667,1.319301612441807,100.0
20.166666666666668,0.03654424526744962,10.0
20.666666666666668,0.037403431217846846,10.0
5.0,0.3383448661927334,250.0
16.333333333333332,0.06721743584323132,10.0
17.0,0.06500774498412394,100.0
11.666666666666666,0.13314429404025127,250.0
14.833333333333334,0.08259924604132896,100.0
11.666666666666666,0.12169152589905716,100.0
13.0,0.11479035567538493,250.0
12.166666666666666,0.11816089104884649,250.0
16.0,0.05521443192926922,100.0
18.666666666666668,0.05040754370444409,10.0
17.166666666666668,0.054397741441171224,10.0
5.166666666666667,0.45117991620746206,250.0
15.833333333333334,0.06433964810167875,100.0
20.0,0.043225931787899824,10.0
11.5,0.1357492203214027,250.0
19.833333333333332,0.03639387626909372,10.0
19.5,0.04019747853738329,10.0
17.333333333333332,0.05352213967073413,100.0
20.666666666666668,0.037285898437584224,10.0
17.833333333333332,0.049885865096704764,100.0
18.666666666666668,0.05040754370444409,10.0
0.3333333333333333,1.0,250.0
11.166666666666666,0.15811265079155779,250.0
19.5,0.04019747853738329,10.0
17.166666666666668,0.05278832808140215,10.0
13.666666666666666,0.10267381897282632,250.0
18.666666666666668,0.04052985028863278,100.0
5.0,0.33131691637981775,250.0
15.833333333333334,0.05347976925910391,100.0
20.666666666666668,0.037285898437584224,10.0
19.166666666666668,0.04106654152493726,10.0
9.666666666666666,0.20206889465811706,100.0
19.5,0.03990269618820037,10.0
17.666666666666668,0.048366368517572395,100.0
18.0,0.05132274626471004,100.0
15.0,0.06788799908262429,250.0
5.0,0.33131691637981775,250.0
18.5,0.04499738609133224,100.0
20.666666666666668,0.03707876708193365,10.0
4.833333333333333,0.38244427059634967,100.0
5.0,0.33131691637981775,250.0
18.833333333333332,0.044988454754093306,10.0
20.666666666666668,0.037285898437584224,10.0
17.333333333333332,0.055521239317056985,10.0
18.166666666666668,0.053136485257995435,100.0
15.833333333333334,0.05347976925910391,100.0
19.333333333333332,0.0389614414210035,10.0
13.333333333333334,0.09437623807459483,250.0
17.833333333333332,0.04974037797868738,10.0
17.0,0.05392581938617386,10.0
11.666666666666666,0.13314429404025127,250.0
12.666666666666666,0.1163681850149103,250.0
20.0,0.043225931787899824,10.0
9.333333333333334,0.21869030981073842,250.0
14.833333333333334,0.08259924604132896,100.0
18.166666666666668,0.051769747853342304,10.0
13.333333333333334,0.09942529429463819,250.0
17.833333333333332,0.049068269089176324,10.0
0.3333333333333333,1.0,250.0
18.666666666666668,0.0459118183563321,10.0
17.666666666666668,0.053739689027229434,10.0
7.166666666666667,0.314874522390031,250.0
15.666666666666666,0.08165976509183323,100.0
16.166666666666668,0.06330733315602198,100.0
15.666666666666666,0.08165976509183323,100.0
16.0,0.06243651970332096,100.0
5.666666666666667,0.36593150387355694,100.0
14.166666666666666,0.09013385208517938,100.0
11.833333333333334,0.16697475845773202,250.0
15.166666666666666,0.06703991651714986,10.0
16.166666666666668,0.057760655440500616,100.0
19.666666666666668,0.04204138650700145,10.0
18.333333333333332,0.04986648285277,10.0
19.166666666666668,0.038803582581770864,100.0
21.0,0.036648159575708765,100.0
20.166666666666668,0.04446148329797413,10.0
16.666666666666668,0.05521979667492802,10.0
18.333333333333332,0.044747274876259506,10.0
10.333333333333334,0.1862917955120716,100.0
19.5,0.042419074893514964,10.0
21.0,0.036648159575708765,100.0
15.666666666666666,0.07206831838164968,100.0
18.833333333333332,0.04636060198369077,10.0
2.3333333333333335,0.5997919789988198,250.0
18.833333333333332,0.04268330615538663,10.0
16.666666666666668,0.05521979667492802,10.0
15.666666666666666,0.07487365381090973,100.0
20.166666666666668,0.03699156417163968,10.0
2.6666666666666665,0.6265162598522881,250.0
16.166666666666668,0.060723371930586884,100.0
11.5,0.1573013767781152,250.0
16.833333333333332,0.057873652730593986,100.0
18.333333333333332,0.04318553373485291,10.0
19.166666666666668,0.03897450979965191,60.0
18.166666666666668,0.04757431379226894,100.0
11.833333333333334,0.11593368032628339,100.0
15.333333333333334,0.07165106330786253,100.0
10.5,0.19632385318719062,250.0
16.666666666666668,0.06518593912693334,10.0
18.833333333333332,0.04268330615538663,10.0
15.166666666666666,0.06703991651714986,10.0
21.0,0.03551657188628528,10.0
15.166666666666666,0.06703991651714986,10.0
11.833333333333334,0.1576439206380274,250.0
15.166666666666666,0.06703991651714986,10.0
14.333333333333334,0.08320450394236821,100.0
19.833333333333332,0.04527484832687285,10.0
16.666666666666668,0.06034123427470156,100.0
18.666666666666668,0.04366987600016498,10.0
13.0,0.08737449048875964,10.0
17.666666666666668,0.048700550358223196,10.0
17.5,0.04257883643030231,10.0
12.5,0.13083418398190186,100.0
15.666666666666666,0.06756674912726329,100.0
16.5,0.05683840236081517,100.0
5.833333333333333,0.30104459739871264,100.0
13.0,0.11422141249301301,100.0
16.5,0.06226915291703566,100.0
9.5,0.22800857557952486,250.0
20.333333333333332,0.04120803523318424,10.0
15.5,0.06338645800292875,100.0
16.5,0.05683840236081517,100.0
17.333333333333332,0.053492184884209225,10.0
5.833333333333333,0.30104459739871264,100.0
10.333333333333334,0.1862917955120716,100.0
2.1666666666666665,0.7271439935917582,250.0
17.5,0.04257883643030231,10.0
17.333333333333332,0.053492184884209225,10.0
14.666666666666666,0.0939637781737335,250.0
12.5,0.13083418398190186,100.0
14.5,0.0887935121268708,100.0
16.666666666666668,0.059374575118567315,100.0
2.1666666666666665,0.7271439935917582,250.0
5.666666666666667,0.36593150387355694,100.0
14.333333333333334,0.09221430343347477,250.0
19.166666666666668,0.041067132310778666,10.0
17.166666666666668,0.05208567101760835,10.0
0.5,1.0,250.0
8.0,0.30563486447082755,250.0
21.166666666666668,0.03980774573975391,10.0
16.666666666666668,0.06034123427470156,100.0
14.166666666666666,0.09013385208517938,100.0
15.166666666666666,0.06703991651714986,10.0
16.5,0.05683840236081517,100.0
20.333333333333332,0.04120803523318424,10.0
13.833333333333334,0.09628782462780601,250.0
17.166666666666668,0.05636925094116485,10.0
18.666666666666668,0.04120990745924394,10.0
20.166666666666668,0.03760575716404539,10.0
15.5,0.0759600672460553,100.0
19.166666666666668,0.041067132310778666,10.0
9.5,0.2018198245535116,250.0
18.333333333333332,0.04333901306941366,100.0
16.5,0.06226915291703566,100.0
18.166666666666668,0.045854730067934696,100.0
17.333333333333332,0.05029710217134449,10.0
12.833333333333334,0.11362128923255257,250.0
16.666666666666668,0.06518593912693334,10.0
9.333333333333334,0.2319372886894306,100.0
4.333333333333333,0.3615948928720343,250.0
19.5,0.04438407764616409,10.0
17.166666666666668,0.05636925094116485,10.0
13.833333333333334,0.09628782462780601,250.0
18.166666666666668,0.04757431379226894,100.0
11.5,0.1573013767781152,250.0
15.166666666666666,0.06542331586745351,100.0
12.166666666666666,0.13368880287525764,250.0
16.666666666666668,0.05958253928062763,100.0
12.166666666666666,0.11110063316322287,250.0
0.16666666666666666,1.0,250.0
19.5,0.042037798212891705,10.0
2.6666666666666665,0.47093787667480513,100.0
16.666666666666668,0.06373418988797465,10.0
2.5,0.49003950275412056,250.0
18.5,0.04540536329345255,10.0
10.0,0.15955838620980872,250.0
15.0,0.07601086933824766,10.0
21.5,0.029196725243584163,10.0
17.5,0.05642119798885119,10.0
13.166666666666666,0.10265091813933949,100.0
8.333333333333334,0.3003417558883083,250.0
12.5,0.14232790446812835,250.0
13.5,0.08923985510721935,100.0
15.0,0.07601086933824766,10.0
9.833333333333334,0.226531788231518,250.0
17.5,0.05642119798885119,10.0
20.166666666666668,0.03838185662917294,10.0
19.333333333333332,0.04561409784789496,10.0
17.0,0.06397683300900323,10.0
17.0,0.06397683300900323,10.0
11.833333333333334,0.1577202287279191,250.0
16.666666666666668,0.06373418988797465,10.0
13.0,0.09706223644515148,100.0
8.333333333333334,0.3003417558883083,250.0
17.666666666666668,0.0544180534411953,100.0
18.5,0.04615559556833787,10.0
2.3333333333333335,0.5638360563607457,250.0
19.0,0.040325308764576864,100.0
12.833333333333334,0.11853410714002785,100.0
0.3333333333333333,1.0,250.0
11.0,0.14370268699931954,100.0
15.166666666666666,0.0677265485338206,100.0
14.166666666666666,0.09771313756477641,250.0
15.666666666666666,0.06786454165369438,100.0
0.16666666666666666,1.0,250.0
18.166666666666668,0.05456744263044971,100.0
0.5,1.0,250.0
10.666666666666666,0.14537181230624574,100.0
16.333333333333332,0.061072213742695926,100.0
17.833333333333332,0.047416669565151046,100.0
17.666666666666668,0.0551671712277934,10.0
14.333333333333334,0.09378717687042507,100.0
18.5,0.04615559556833787,10.0
15.166666666666666,0.0677265485338206,100.0
13.666666666666666,0.11630502974067106,100.0
1.3333333333333333,0.539851499834308,250.0
16.666666666666668,0.06373418988797465,10.0
15.833333333333334,0.06822460595468041,10.0
16.333333333333332,0.061072213742695926,100.0
10.5,0.2003744449127471,250.0
0.5,1.0,250.0
15.666666666666666,0.08165730246238426,100.0
15.833333333333334,0.07423885671246261,100.0
16.333333333333332,0.07336925879571694,10.0
14.166666666666666,0.09771313756477641,250.0
19.0,0.040325308764576864,100.0
13.666666666666666,0.11630502974067106,100.0
2.0,0.4905105878957648,250.0
18.166666666666668,0.05292769104141804,10.0
17.166666666666668,0.05626799443252952,10.0
11.0,0.14370268699931954,100.0
13.0,0.09706223644515148,100.0
15.833333333333334,0.07423885671246261,100.0
16.5,0.0555175466811372,100.0
13.833333333333334,0.08993524505134888,250.0
17.166666666666668,0.05626799443252952,10.0
17.0,0.06154107598224653,10.0
14.0,0.08899166922004532,100.0
15.666666666666666,0.05978074360494865,100.0
13.666666666666666,0.08541495102562456,250.0
0.5,1.0,250.0
2.3333333333333335,0.5638360563607457,250.0
13.5,0.08923985510721935,100.0
3.1666666666666665,0.5314409357256704,100.0
10.166666666666666,0.2203349003988835,250.0
12.833333333333334,0.11280458847361309,100.0
4.5,0.4625915524555177,250.0
18.0,0.055471305858795394,10.0
12.666666666666666,0.1006566139215263,100.0
16.333333333333332,0.061072213742695926,100.0
17.0,0.05821478119167855,100.0
16.333333333333332,0.07336925879571694,10.0
10.5,0.16906492563080683,250.0
15.5,0.06965408475850364,100.0
2.6666666666666665,0.47093787667480513,100.0
0.8333333333333334,0.43416549447304453,250.0
15.0,0.07687121989296815,100.0
8.833333333333334,0.26965513206748876,250.0
0.5,1.0,250.0
17.833333333333332,0.054294782805458734,10.0
12.333333333333334,0.1313717153803155,250.0
8.833333333333334,0.2126527105787246,100.0
19.0,0.040325308764576864,100.0
14.833333333333334,0.07075662234317336,100.0
15.833333333333334,0.07423885671246261,100.0
8.833333333333334,0.26965513206748876,250.0
