firing_rate,ISI_CV,neuron_index
15.833333333333334,0.05259184442622579,250.0
18.833333333333332,0.0319613364403148,10.0
20.166666666666668,0.029744359581677145,10.0
20.5,0.03208044401837632,10.0
11.666666666666666,0.13853926687280768,250.0
17.666666666666668,0.03715698612574785,100.0
19.166666666666668,0.03930776214411911,10.0
2.8333333333333335,0.48179656696411594,250.0
19.333333333333332,0.030740297757012806,10.0
10.5,0.12507790622918377,100.0
7.0,0.2680638723844217,100.0
15.833333333333334,0.05259184442622579,250.0
14.333333333333334,0.0754373977961667,100.0
17.666666666666668,0.03715698612574785,100.0
17.0,0.04636532799157255,10.0
16.0,0.051759432909653,10.0
17.333333333333332,0.03812036807951854,10.0
16.666666666666668,0.047903885750330624,10.0
2.8333333333333335,0.39481533508994476,250.0
2.8333333333333335,0.4859098897213612,250.0
20.333333333333332,0.03604576473722906,10.0
14.5,0.08002548664302739,250.0
3.8333333333333335,0.43325584970919556,250.0
15.333333333333334,0.05500906154254645,100.0
20.0,0.0332968951866025,10.0
14.833333333333334,0.06320121786539566,10.0
20.0,0.03290048481933119,10.0
18.666666666666668,0.03847038943838853,10.0
17.333333333333332,0.039290850485824196,10.0
1.8333333333333333,0.47147552559399886,250.0
17.666666666666668,0.05010263723519617,100.0
20.333333333333332,0.03604576473722906,10.0
8.833333333333334,0.17020137465304613,250.0
15.666666666666666,0.04902538385802922,100.0
17.5,0.043336696131485726,100.0
6.0,0.3575946142207083,250.0
16.833333333333332,0.04440373031307798,10.0
17.833333333333332,0.04421356088658664,100.0
16.666666666666668,0.047903885750330624,10.0
7.333333333333333,0.25803890274086044,250.0
16.0,0.051759432909653,10.0
20.166666666666668,0.029744359581677145,10.0
16.166666666666668,0.04813384435686514,100.0
13.666666666666666,0.08322249009951901,250.0
13.833333333333334,0.07991265141610106,250.0
10.5,0.12507790622918377,100.0
15.833333333333334,0.05010578484982234,100.0
12.333333333333334,0.0995297956858138,250.0
18.5,0.0348403747624226,60.0
14.166666666666666,0.0827429349892739,100.0
5.166666666666667,0.40543869078327643,250.0
11.5,0.11784082518349896,10.0
17.833333333333332,0.04511580733349625,10.0
2.0,0.6316288966638476,250.0
19.333333333333332,0.030740297757012806,10.0
16.833333333333332,0.049067349580716735,100.0
16.833333333333332,0.04440373031307798,10.0
15.5,0.05493745625330269,10.0
10.666666666666666,0.16351814472733162,250.0
16.166666666666668,0.04813384435686514,100.0
10.5,0.12507790622918377,100.0
12.5,0.10289440182738661,250.0
15.5,0.053224053921809567,100.0
23.333333333333332,0.02592865372366796,10.0
11.666666666666666,0.13853926687280768,250.0
11.333333333333334,0.13493235689093547,250.0
0.6666666666666666,1.0,100.0
13.666666666666666,0.0798888946390802,100.0
16.833333333333332,0.049067349580716735,100.0
17.666666666666668,0.03715698612574785,100.0
19.166666666666668,0.04137723701045586,100.0
14.833333333333334,0.05494814672586947,100.0
14.166666666666666,0.0827429349892739,100.0
12.333333333333334,0.10645075093131828,10.0
17.833333333333332,0.04511580733349625,10.0
2.0,0.6316288966638476,250.0
18.0,0.037718456976571724,100.0
18.833333333333332,0.0319613364403148,10.0
5.166666666666667,0.39824365206954576,250.0
18.166666666666668,0.04056711252929304,100.0
15.833333333333334,0.06156798490587754,100.0
19.166666666666668,0.034471841723493886,100.0
17.333333333333332,0.03911898339873897,10.0
12.333333333333334,0.10645075093131828,10.0
10.666666666666666,0.14060338714356235,100.0
18.5,0.0348403747624226,60.0
17.833333333333332,0.04511580733349625,10.0
10.666666666666666,0.16351814472733162,250.0
15.666666666666666,0.04786111348490315,10.0
23.333333333333332,0.02592865372366796,10.0
15.333333333333334,0.05500906154254645,100.0
2.0,0.6316288966638476,250.0
7.333333333333333,0.25803890274086044,250.0
12.0,0.10099171500644703,250.0
0.6666666666666666,1.0,100.0
17.0,0.04636532799157255,10.0
16.166666666666668,0.04897804952657953,100.0
15.333333333333334,0.05500906154254645,100.0
14.166666666666666,0.0827429349892739,100.0
20.833333333333332,0.03467763609582327,10.0
12.166666666666666,0.10288663083652523,250.0
20.333333333333332,0.03353712612813775,100.0
20.666666666666668,0.033483590510638074,10.0
16.5,0.05016479571108043,100.0
8.166666666666666,0.22418931667825315,100.0
18.833333333333332,0.039192815333962475,10.0
19.833333333333332,0.033649213196043554,10.0
0.6666666666666666,1.0,250.0
21.0,0.033313286466242896,10.0
4.5,0.39727100148111827,250.0
12.833333333333334,0.09992986442759537,100.0
19.5,0.03438257517913745,10.0
17.166666666666668,0.03988501441713269,100.0
15.5,0.051963593285174865,10.0
8.166666666666666,0.22418931667825315,100.0
1.0,0.6083116051999372,250.0
15.0,0.06008458990930063,100.0
15.166666666666666,0.05552339495097896,100.0
19.5,0.034186766237660045,10.0
13.833333333333334,0.08424806446221383,250.0
14.5,0.07442441781746094,100.0
10.833333333333334,0.13679441629356492,100.0
18.0,0.039857485842630956,250.0
16.833333333333332,0.04947508029795082,100.0
18.333333333333332,0.03678859415518976,10.0
19.666666666666668,0.03206875108934776,10.0
20.0,0.030849985516666553,10.0
19.333333333333332,0.035275583662141806,10.0
13.833333333333334,0.08424806446221383,250.0
2.5,0.7048228504598116,250.0
10.0,0.13734708391517875,100.0
21.5,0.029367549535045827,10.0
0.5,1.0,100.0
18.5,0.037501505214430006,100.0
20.833333333333332,0.025765152125217388,10.0
6.5,0.26181698159898037,100.0
15.5,0.051963593285174865,10.0
21.333333333333332,0.028725306329012008,10.0
14.0,0.07551987330558832,250.0
2.8333333333333335,0.8128980859649763,250.0
19.0,0.03650609947646479,10.0
16.333333333333332,0.049407260103068416,100.0
8.833333333333334,0.18968644687269848,250.0
19.0,0.03276025033741693,100.0
16.833333333333332,0.04947508029795082,100.0
18.0,0.039857485842630956,250.0
15.0,0.06008458990930063,100.0
18.5,0.03851174741692628,10.0
14.333333333333334,0.07106340468485729,10.0
18.5,0.04019733994604226,100.0
19.166666666666668,0.03635380812711552,10.0
13.666666666666666,0.07620711105727702,100.0
10.666666666666666,0.1252336607650109,100.0
14.0,0.07551987330558832,250.0
8.5,0.21427804729380528,100.0
2.0,0.6624702530621771,250.0
19.333333333333332,0.031092056181086014,10.0
14.833333333333334,0.0661405222970558,100.0
11.166666666666666,0.12553349661696037,250.0
18.333333333333332,0.03678859415518976,10.0
16.833333333333332,0.04917718348639333,10.0
21.0,0.033313286466242896,10.0
14.166666666666666,0.07755907175328647,250.0
15.166666666666666,0.05552339495097896,100.0
22.166666666666668,0.029219425738482838,10.0
18.333333333333332,0.037612864266151874,100.0
20.5,0.03339715114871449,10.0
8.5,0.22707955087678822,250.0
20.666666666666668,0.033483590510638074,10.0
11.333333333333334,0.12995998382861765,250.0
15.333333333333334,0.0682152597961161,250.0
19.166666666666668,0.03578481432118129,10.0
15.5,0.051963593285174865,10.0
18.333333333333332,0.04323035187530866,10.0
7.833333333333333,0.22870107375813895,10.0
21.0,0.030783508714055444,10.0
19.0,0.03276025033741693,100.0
17.0,0.04587175880529115,10.0
10.666666666666666,0.13276479065155153,250.0
10.833333333333334,0.13679441629356492,100.0
17.333333333333332,0.03964067446670733,10.0
9.166666666666666,0.19493042110662143,250.0
12.0,0.1138247012888085,250.0
13.666666666666666,0.07620711105727702,100.0
21.333333333333332,0.028725306329012008,10.0
4.5,0.39727100148111827,250.0
7.333333333333333,0.2767799156713021,250.0
18.666666666666668,0.03693086836216374,100.0
4.166666666666667,0.40036899706384577,100.0
19.166666666666668,0.03635380812711552,10.0
18.333333333333332,0.038250992492201916,10.0
21.5,0.029367549535045827,10.0
13.833333333333334,0.08424806446221383,250.0
12.833333333333334,0.09992986442759537,100.0
16.666666666666668,0.04802605843309712,100.0
12.166666666666666,0.10086044681425223,250.0
11.666666666666666,0.12366611734847818,250.0
10.666666666666666,0.1252336607650109,100.0
18.0,0.04369417307559418,10.0
17.166666666666668,0.04664309822369298,100.0
17.833333333333332,0.04453819051960775,10.0
17.666666666666668,0.04503246933924228,100.0
7.0,0.33485153240160925,250.0
11.5,0.14526698071919084,250.0
15.166666666666666,0.06294597036737237,100.0
20.5,0.028605510437273187,100.0
21.0,0.03112524608133518,10.0
0.16666666666666666,1.0,100.0
7.0,0.33485153240160925,250.0
13.0,0.09580341191772342,10.0
21.166666666666668,0.030484622862607683,10.0
19.333333333333332,0.03747488186359412,10.0
17.0,0.04475509630856429,100.0
7.0,0.25502079136077777,100.0
15.333333333333334,0.053995969518156176,100.0
12.333333333333334,0.1156264510129768,250.0
18.833333333333332,0.033904724516177355,10.0
16.833333333333332,0.05381027133363665,10.0
18.0,0.03730448678377569,100.0
7.333333333333333,0.25092063032720496,100.0
0.3333333333333333,1.0,250.0
10.5,0.14211153529107695,250.0
19.833333333333332,0.034044769306362146,10.0
15.333333333333334,0.053995969518156176,100.0
17.833333333333332,0.04453819051960775,10.0
19.0,0.03640372533397334,10.0
20.833333333333332,0.029731812265671932,10.0
14.5,0.07080665046403423,250.0
17.0,0.04372841604597067,100.0
14.5,0.07080665046403423,250.0
17.333333333333332,0.045389439398514225,100.0
17.166666666666668,0.04414124005306835,100.0
19.333333333333332,0.030060476737799928,100.0
13.0,0.08234187925443706,250.0
16.166666666666668,0.05362732456019178,10.0
18.166666666666668,0.036777810942966775,10.0
17.333333333333332,0.045389439398514225,100.0
14.5,0.07768270792737082,250.0
0.6666666666666666,1.0,250.0
15.166666666666666,0.06336302698913211,100.0
17.333333333333332,0.04020921389829588,10.0
0.16666666666666666,1.0,100.0
20.333333333333332,0.029593317552014605,10.0
18.5,0.03636649295734756,10.0
17.333333333333332,0.04020921389829588,10.0
17.833333333333332,0.03774331741168223,10.0
19.666666666666668,0.031056678094495107,10.0
15.666666666666666,0.05730857772197262,100.0
17.333333333333332,0.045389439398514225,100.0
11.5,0.115503272696998,250.0
17.833333333333332,0.043804631077139854,100.0
0.16666666666666666,1.0,250.0
14.0,0.07273587264519883,250.0
18.5,0.038439934389420574,60.0
19.166666666666668,0.031050139329046496,10.0
17.333333333333332,0.045389439398514225,100.0
19.166666666666668,0.03420809566812878,10.0
18.333333333333332,0.03557936359536358,10.0
17.0,0.05281904205505999,100.0
0.5,1.0,100.0
15.333333333333334,0.05938624060845048,100.0
17.5,0.04679435641360473,10.0
9.0,0.18908562889472555,100.0
15.0,0.06881812436129678,100.0
8.666666666666666,0.21499891143827618,250.0
20.0,0.03185553966722406,10.0
7.0,0.23019611824082875,250.0
17.333333333333332,0.04020921389829588,10.0
17.833333333333332,0.04453819051960775,10.0
7.0,0.33485153240160925,250.0
14.5,0.07376464223105751,100.0
21.0,0.03322702348689364,10.0
14.666666666666666,0.0817321914130544,100.0
16.166666666666668,0.04246857253846759,10.0
14.666666666666666,0.05625600629847516,100.0
15.166666666666666,0.0713365253290614,100.0
17.5,0.04148872902543879,100.0
20.333333333333332,0.03316960174965632,10.0
18.833333333333332,0.042085827552511584,10.0
17.0,0.04372841604597067,100.0
17.5,0.044638747629451615,10.0
21.0,0.03322702348689364,10.0
17.333333333333332,0.045389439398514225,100.0
16.166666666666668,0.05362732456019178,10.0
20.0,0.032752979515832906,10.0
12.333333333333334,0.10882454664739714,250.0
14.333333333333334,0.07368248208490048,100.0
14.0,0.07273587264519883,250.0
13.833333333333334,0.08446427640539152,250.0
14.666666666666666,0.07605450577578877,250.0
17.5,0.04679435641360473,10.0
16.833333333333332,0.04864609313294025,100.0
14.166666666666666,0.06496502764311118,10.0
19.5,0.03304611531904047,10.0
18.833333333333332,0.03393143821527032,10.0
14.666666666666666,0.07605450577578877,250.0
14.666666666666666,0.07153431590044576,100.0
7.333333333333333,0.25092063032720496,100.0
15.333333333333334,0.0628711750051455,100.0
4.5,0.3845140095186638,250.0
17.333333333333332,0.04708416901941291,100.0
15.833333333333334,0.05446534941680369,100.0
0.16666666666666666,1.0,250.0
18.666666666666668,0.03758228599006961,10.0
15.666666666666666,0.05720578685141544,100.0
18.166666666666668,0.0431960844483344,10.0
14.333333333333334,0.07439533043851208,10.0
11.333333333333334,0.12714432297034656,100.0
11.0,0.1402564359312898,250.0
13.166666666666666,0.07886399904921126,100.0
16.333333333333332,0.05114568169347936,10.0
16.833333333333332,0.04659341946934127,100.0
18.166666666666668,0.03671163469337082,10.0
18.5,0.037398575565647275,10.0
19.666666666666668,0.03408522815650692,10.0
0.3333333333333333,1.0,250.0
21.5,0.02850656107285632,10.0
22.166666666666668,0.026290385043961285,100.0
13.5,0.08959653561532188,250.0
2.0,0.659111152356882,250.0
0.3333333333333333,1.0,250.0
0.5,1.0,250.0
18.333333333333332,0.03852767479221217,100.0
18.666666666666668,0.03890862881796541,10.0
17.166666666666668,0.043092819131691364,100.0
14.0,0.06834410966511256,10.0
0.16666666666666666,1.0,250.0
13.666666666666666,0.07840960224480249,100.0
18.166666666666668,0.03671163469337082,10.0
18.0,0.03953308633316399,100.0
3.1666666666666665,0.47862534642413634,250.0
0.5,1.0,250.0
18.666666666666668,0.035917089885524854,100.0
19.0,0.03382118247441271,100.0
18.5,0.03720384648133269,10.0
11.5,0.14961489700920638,10.0
17.333333333333332,0.04708416901941291,100.0
18.0,0.03953308633316399,100.0
4.333333333333333,0.3748912499182477,250.0
16.5,0.05598992307300467,10.0
3.1666666666666665,0.5868064541360762,100.0
18.5,0.03874986335846024,250.0
19.666666666666668,0.03431582808558007,10.0
4.0,0.3964193530297399,250.0
17.0,0.04560688308476769,10.0
18.166666666666668,0.0431960844483344,10.0
14.0,0.06834410966511256,10.0
16.833333333333332,0.04659341946934127,100.0
19.833333333333332,0.03542416237025496,100.0
15.166666666666666,0.06042491849675941,250.0
15.0,0.07045228614508998,100.0
4.0,0.3912330420654883,250.0
3.1666666666666665,0.47862534642413634,250.0
11.833333333333334,0.11624804853766964,250.0
19.0,0.03382118247441271,100.0
0.3333333333333333,1.0,250.0
14.0,0.0732153788542788,100.0
19.0,0.03917399808232218,10.0
17.5,0.04261717739486574,100.0
16.5,0.04862933091234576,60.0
12.0,0.10837165213554822,10.0
2.3333333333333335,0.5575893015224817,250.0
10.833333333333334,0.14987479129555867,100.0
16.5,0.051325527751698324,100.0
22.333333333333332,0.02747972979778939,10.0
16.333333333333332,0.04945762964896798,100.0
18.0,0.03836721839472168,100.0
18.333333333333332,0.03852767479221217,100.0
17.5,0.04396548752232424,10.0
20.166666666666668,0.035395558601109864,100.0
14.0,0.0732153788542788,100.0
17.5,0.04396548752232424,10.0
15.666666666666666,0.05720578685141544,100.0
8.833333333333334,0.1999603097764314,250.0
14.333333333333334,0.08614725522968299,250.0
15.0,0.07045228614508998,100.0
7.666666666666667,0.24442799618137054,100.0
18.0,0.03953308633316399,100.0
16.5,0.05598992307300467,10.0
18.666666666666668,0.03758228599006961,10.0
11.5,0.1160761510394278,100.0
18.0,0.04399810982541779,10.0
18.0,0.03836721839472168,100.0
17.5,0.04644713818375677,100.0
17.166666666666668,0.043092819131691364,100.0
15.166666666666666,0.06042491849675941,250.0
7.666666666666667,0.24442799618137054,100.0
0.5,1.0,250.0
3.1666666666666665,0.5868064541360762,100.0
19.666666666666668,0.03431582808558007,10.0
17.666666666666668,0.04745131981742405,100.0
0.5,1.0,250.0
11.666666666666666,0.11651126868176871,250.0
17.0,0.04560688308476769,10.0
17.0,0.04776098387474593,10.0
17.666666666666668,0.04745131981742405,100.0
20.166666666666668,0.03026035143354082,10.0
20.333333333333332,0.03332697159998008,10.0
0.16666666666666666,1.0,250.0
17.666666666666668,0.04212365549584417,250.0
20.666666666666668,0.029038828554890157,10.0
11.0,0.13686350367348316,250.0
20.333333333333332,0.03215007268245669,10.0
10.166666666666666,0.1789235860859295,250.0
7.166666666666667,0.22319460856108445,100.0
6.166666666666667,0.2604449719960262,100.0
2.0,0.41460974891563335,100.0
20.0,0.03261586862686956,10.0
0.3333333333333333,1.0,250.0
13.0,0.08602859141754575,250.0
17.833333333333332,0.04410542114969742,100.0
16.833333333333332,0.047956093943294004,100.0
18.5,0.03221590676693048,100.0
18.666666666666668,0.037281625688915125,10.0
19.666666666666668,0.03461905493336395,100.0
8.833333333333334,0.18766705106882578,250.0
15.666666666666666,0.06485668674927168,250.0
18.333333333333332,0.0421818438970169,10.0
10.5,0.14145121433978725,250.0
11.0,0.13686350367348316,250.0
14.666666666666666,0.07082243934905708,100.0
13.0,0.08303281694939064,100.0
6.333333333333333,0.32088052451944876,100.0
0.16666666666666666,1.0,250.0
15.833333333333334,0.05374141548236744,100.0
2.0,0.41460974891563335,100.0
17.833333333333332,0.040741468998679954,100.0
16.833333333333332,0.04247958109426815,100.0
20.0,0.03261586862686956,10.0
15.833333333333334,0.05374141548236744,100.0
15.5,0.05330260802319569,100.0
14.166666666666666,0.08494960911850685,100.0
14.333333333333334,0.06453909361276812,100.0
3.1666666666666665,0.3974718864964927,100.0
15.333333333333334,0.062012764658003504,100.0
18.166666666666668,0.04059151282219756,100.0
19.666666666666668,0.03699819298048981,100.0
14.166666666666666,0.0719130796238594,250.0
14.166666666666666,0.08494960911850685,100.0
18.166666666666668,0.04059151282219756,100.0
14.333333333333334,0.07037818517121044,250.0
17.833333333333332,0.040741468998679954,100.0
19.5,0.03794250192782264,10.0
18.333333333333332,0.040213852823982536,60.0
19.0,0.03824455345119694,10.0
18.166666666666668,0.04059151282219756,100.0
0.3333333333333333,1.0,100.0
15.333333333333334,0.054821014895304596,10.0
15.166666666666666,0.06258066536883292,250.0
6.333333333333333,0.32088052451944876,100.0
19.666666666666668,0.037087741936551594,10.0
15.333333333333334,0.054821014895304596,10.0
13.0,0.08602859141754575,250.0
14.833333333333334,0.058759474724614374,10.0
6.166666666666667,0.2604449719960262,100.0
12.5,0.09086077936806253,100.0
14.666666666666666,0.061521403418098516,250.0
19.666666666666668,0.03461905493336395,100.0
19.666666666666668,0.037087741936551594,10.0
16.166666666666668,0.051659965108260764,10.0
20.833333333333332,0.029151423925365134,10.0
20.666666666666668,0.028006494674788215,10.0
19.833333333333332,0.032336384834363574,10.0
18.0,0.04255552801470377,10.0
6.833333333333333,0.28701272450748705,250.0
9.833333333333334,0.20683614571614992,250.0
21.0,0.029866045117505402,10.0
16.333333333333332,0.04972880294107557,10.0
2.0,0.5011628090559327,250.0
0.16666666666666666,1.0,250.0
14.0,0.07809006920452459,100.0
19.666666666666668,0.03461905493336395,100.0
19.0,0.03824455345119694,10.0
18.833333333333332,0.03385968322792954,10.0
17.666666666666668,0.04212365549584417,250.0
9.833333333333334,0.13110655993000775,10.0
14.666666666666666,0.061521403418098516,250.0
17.833333333333332,0.04410542114969742,100.0
9.0,0.19671037847061765,100.0
13.0,0.08303281694939064,100.0
19.166666666666668,0.030847835980829713,100.0
18.0,0.045030655092925156,10.0
17.0,0.04295584920825997,250.0
10.5,0.14145121433978725,250.0
19.0,0.03824455345119694,10.0
19.333333333333332,0.03274975162259709,10.0
17.166666666666668,0.044170201982511696,250.0
5.333333333333333,0.2770781280828238,250.0
19.666666666666668,0.03461905493336395,100.0
16.666666666666668,0.04770398693903121,100.0
16.5,0.05371335601912147,100.0
5.333333333333333,0.2770781280828238,250.0
15.833333333333334,0.05777798960281819,100.0
16.666666666666668,0.05330386823867678,10.0
17.666666666666668,0.041663726383656126,250.0
17.0,0.04326514514365168,10.0
7.833333333333333,0.23001480100438418,250.0
9.833333333333334,0.20683614571614992,250.0
18.666666666666668,0.037531068656452046,10.0
15.5,0.06138885562819679,100.0
7.833333333333333,0.2185654284117999,250.0
16.666666666666668,0.0509364562760165,10.0
16.666666666666668,0.047720617221121496,100.0
16.333333333333332,0.05410080131661902,250.0
16.333333333333332,0.0499869705820777,100.0
17.666666666666668,0.0355279150166678,100.0
18.166666666666668,0.045417762205595964,100.0
11.833333333333334,0.10418211914615554,250.0
20.333333333333332,0.030331174450512813,10.0
18.166666666666668,0.038908611251830386,100.0
15.0,0.0653631437187746,100.0
18.166666666666668,0.0366453662791167,10.0
17.333333333333332,0.047670717924186486,100.0
1.0,0.4199480264332445,250.0
11.166666666666666,0.16000348235099207,250.0
15.833333333333334,0.05435313130841782,100.0
17.0,0.04330301234777573,100.0
16.333333333333332,0.051463958534193596,10.0
17.833333333333332,0.03689013861807916,10.0
20.333333333333332,0.030331174450512813,10.0
13.5,0.07830556271017321,100.0
19.333333333333332,0.03327583154956049,100.0
17.0,0.0483682211367459,100.0
15.333333333333334,0.061417817520356965,250.0
5.166666666666667,0.36578648067920655,100.0
5.166666666666667,0.3685924111431033,100.0
17.0,0.04654642858249599,100.0
15.833333333333334,0.05435313130841782,100.0
20.0,0.031872362404937946,10.0
16.166666666666668,0.05183577861858282,250.0
22.833333333333332,0.024320241377091132,10.0
17.833333333333332,0.04307255174935821,10.0
8.333333333333334,0.2194372402643486,250.0
0.3333333333333333,1.0,250.0
6.0,0.3013789066434078,250.0
15.166666666666666,0.05704610928728951,250.0
18.166666666666668,0.035543479673323525,10.0
20.166666666666668,0.03396514030618646,10.0
0.3333333333333333,1.0,250.0
18.333333333333332,0.03990024369985654,100.0
15.166666666666666,0.05704610928728951,250.0
16.333333333333332,0.04862995112401995,250.0
19.0,0.034967908684167694,100.0
17.0,0.04330301234777573,100.0
18.333333333333332,0.042587113352341575,10.0
18.0,0.04576441527194262,10.0
23.0,0.0274024959125021,10.0
15.333333333333334,0.05642652551199627,100.0
16.666666666666668,0.04635739876391895,100.0
17.833333333333332,0.04307255174935821,10.0
2.6666666666666665,0.5442425221414819,100.0
21.166666666666668,0.02863084482968904,10.0
1.3333333333333333,0.7730536474642443,250.0
20.166666666666668,0.03593761916922654,10.0
14.166666666666666,0.07123256300134863,100.0
22.833333333333332,0.024320241377091132,10.0
6.833333333333333,0.3614924267244452,100.0
17.666666666666668,0.04376178578703587,10.0
8.333333333333334,0.2194372402643486,250.0
7.833333333333333,0.2185654284117999,250.0
12.666666666666666,0.09276921306975655,250.0
3.1666666666666665,0.44367416419749955,100.0
16.666666666666668,0.047720617221121496,100.0
16.166666666666668,0.05162839714650921,100.0
10.5,0.17838887384912,250.0
6.333333333333333,0.2963029073010317,250.0
16.166666666666668,0.05183577861858282,250.0
14.333333333333334,0.0705700960706418,250.0
1.0,0.8998073466567936,250.0
2.6666666666666665,0.6404788600807699,250.0
2.6666666666666665,0.5442425221414819,100.0
10.5,0.15260501834946813,10.0
16.666666666666668,0.04635739876391895,100.0
16.833333333333332,0.04530992131489107,100.0
17.666666666666668,0.0355279150166678,100.0
18.666666666666668,0.037531068656452046,10.0
15.166666666666666,0.06722579856734731,250.0
16.666666666666668,0.04635739876391895,100.0
1.0,0.5846486717073976,250.0
16.333333333333332,0.0499869705820777,100.0
10.5,0.15260501834946813,10.0
17.833333333333332,0.04522999328061397,10.0
5.166666666666667,0.3685924111431033,100.0
17.333333333333332,0.04534599110345771,10.0
15.0,0.0653631437187746,100.0
22.833333333333332,0.024320241377091132,10.0
22.833333333333332,0.024320241377091132,10.0
11.5,0.12587101502964101,100.0
16.333333333333332,0.05410080131661902,250.0
1.0,0.8998073466567936,250.0
15.166666666666666,0.06722579856734731,250.0
18.333333333333332,0.03990024369985654,100.0
6.833333333333333,0.3614924267244452,100.0
17.333333333333332,0.047670717924186486,100.0
6.333333333333333,0.2963029073010317,250.0
1.3333333333333333,0.7730536474642443,250.0
16.0,0.0479362070731374,100.0
21.166666666666668,0.02764222410740096,10.0
2.5,0.7341518842740682,100.0
14.666666666666666,0.06383960985678797,100.0
0.16666666666666666,1.0,100.0
14.833333333333334,0.05041813994292792,250.0
14.666666666666666,0.06383960985678797,100.0
21.0,0.03265392382699339,10.0
17.0,0.04401593470904027,10.0
4.333333333333333,0.41372894792969345,250.0
11.333333333333334,0.12022610225305715,100.0
12.833333333333334,0.07861037588370595,100.0
14.833333333333334,0.05041813994292792,250.0
9.833333333333334,0.18356816342441534,10.0
13.666666666666666,0.08336969114741276,100.0
10.666666666666666,0.16779768090776787,250.0
14.333333333333334,0.07136093204611982,100.0
16.333333333333332,0.043425627336364826,10.0
0.16666666666666666,1.0,100.0
19.833333333333332,0.03447349380067658,100.0
4.0,0.45439537771656674,250.0
0.16666666666666666,1.0,100.0
17.0,0.04401593470904027,10.0
3.0,0.49413296286428127,250.0
23.0,0.027734306820257616,10.0
9.5,0.20305807158976558,250.0
0.16666666666666666,1.0,100.0
18.0,0.04019409572146733,100.0
19.0,0.03360207089945407,10.0
19.166666666666668,0.037200590122381236,100.0
19.166666666666668,0.036496977370073146,10.0
13.166666666666666,0.0734136228749221,100.0
19.0,0.038991768190144487,10.0
13.0,0.08124236525391777,250.0
17.0,0.04469292568957823,10.0
21.666666666666668,0.031200001738718272,10.0
15.666666666666666,0.06566246949761231,10.0
19.833333333333332,0.03447349380067658,100.0
17.833333333333332,0.04213127546515927,100.0
16.333333333333332,0.05691254198606853,10.0
4.166666666666667,0.30544152871247554,250.0
0.16666666666666666,1.0,250.0
13.0,0.08124236525391777,250.0
4.5,0.3477358251527355,100.0
0.16666666666666666,1.0,250.0
19.333333333333332,0.03589980850895388,100.0
20.833333333333332,0.030532878534211286,10.0
20.0,0.036240250220309016,10.0
19.666666666666668,0.03501746840689257,100.0
16.666666666666668,0.05110836817964648,10.0
19.166666666666668,0.037200590122381236,100.0
18.833333333333332,0.03693889331386774,10.0
8.0,0.21178420520959507,250.0
9.666666666666666,0.19333935067453803,250.0
19.0,0.03360207089945407,10.0
16.333333333333332,0.05299805673877149,10.0
19.166666666666668,0.036157255751744354,10.0
21.666666666666668,0.025405575934748955,10.0
7.166666666666667,0.27410279265015636,250.0
15.166666666666666,0.06029990110218202,100.0
4.0,0.39057495050170465,250.0
5.166666666666667,0.4150040337492126,250.0
4.666666666666667,0.3608454424130871,250.0
15.333333333333334,0.05862707048243894,100.0
15.666666666666666,0.06566246949761231,10.0
17.333333333333332,0.039599664768559494,100.0
14.833333333333334,0.059771271931883294,250.0
16.833333333333332,0.045127709084552596,100.0
20.5,0.030117026971278164,10.0
9.833333333333334,0.19223200250474984,100.0
15.5,0.06321806891538082,100.0
0.3333333333333333,1.0,100.0
17.5,0.043251271012648904,10.0
6.833333333333333,0.2745905113243466,250.0
15.333333333333334,0.05864266441186616,100.0
16.833333333333332,0.045127709084552596,100.0
2.6666666666666665,0.5874032593316609,250.0
17.333333333333332,0.03837727453492199,10.0
5.333333333333333,0.3952219902747728,250.0
6.5,0.2653682841071034,250.0
17.833333333333332,0.04213127546515927,100.0
20.5,0.03170951272301642,10.0
4.5,0.40181058768425415,250.0
18.0,0.04295783127504607,10.0
16.833333333333332,0.045127709084552596,100.0
14.666666666666666,0.06551476934521927,100.0
18.833333333333332,0.03693889331386774,10.0
16.666666666666668,0.05110836817964648,10.0
20.166666666666668,0.033377127501843316,10.0
16.5,0.05295686439432085,100.0
17.333333333333332,0.03837727453492199,10.0
0.16666666666666666,1.0,250.0
0.16666666666666666,1.0,100.0
14.5,0.07709016148813329,250.0
5.333333333333333,0.3952219902747728,250.0
18.166666666666668,0.03355725453397898,100.0
6.5,0.3546152314761476,100.0
19.166666666666668,0.036157255751744354,10.0
17.333333333333332,0.045611567142184964,10.0
17.333333333333332,0.039599664768559494,100.0
16.666666666666668,0.046745693274220554,250.0
20.0,0.03410817828689847,100.0
13.5,0.08106905322756103,10.0
20.0,0.031204640423765823,10.0
20.166666666666668,0.03776835095467941,10.0
0.16666666666666666,1.0,250.0
0.8333333333333334,0.6917404217468784,250.0
2.1666666666666665,0.6359525703053703,250.0
14.0,0.08136788990803234,250.0
16.0,0.04882170067792347,100.0
16.5,0.05056936071146294,100.0
19.0,0.03962892579960545,10.0
17.333333333333332,0.041719220064332936,10.0
17.833333333333332,0.04408976593215168,10.0
15.666666666666666,0.06431344667067446,100.0
20.333333333333332,0.03274173911978347,10.0
17.0,0.05603663666147532,250.0
17.5,0.045419122685077216,100.0
15.166666666666666,0.05670084325522392,10.0
16.666666666666668,0.045908854527049715,10.0
17.833333333333332,0.04408976593215168,10.0
17.833333333333332,0.04091733914279453,10.0
13.166666666666666,0.08893202239908933,100.0
0.16666666666666666,1.0,250.0
10.0,0.18218375144163274,100.0
19.333333333333332,0.03665362648701943,10.0
15.5,0.06084592345173074,250.0
6.5,0.31487788418425,100.0
17.5,0.045419122685077216,100.0
11.333333333333334,0.12329162775514331,250.0
10.833333333333334,0.14327487581536957,100.0
3.8333333333333335,0.39813468415269215,250.0
2.8333333333333335,0.3498415461918158,250.0
0.3333333333333333,1.0,100.0
6.5,0.31487788418425,100.0
20.166666666666668,0.029043991217913463,10.0
16.166666666666668,0.05432015936405322,100.0
12.333333333333334,0.10352603339602087,250.0
20.5,0.03066831967790305,10.0
13.166666666666666,0.09600264245725938,250.0
15.333333333333334,0.05878541621147481,100.0
19.333333333333332,0.035080150036985905,10.0
16.333333333333332,0.058756378317413094,10.0
11.666666666666666,0.13161532535859893,10.0
13.166666666666666,0.08878325881016531,100.0
17.833333333333332,0.03747736983730444,10.0
11.666666666666666,0.13161532535859893,10.0
15.0,0.06314588424965804,100.0
19.166666666666668,0.0384089737574847,10.0
19.833333333333332,0.030014019102454926,10.0
11.333333333333334,0.12076353294828998,100.0
11.333333333333334,0.12329162775514331,250.0
13.166666666666666,0.09233126277548877,100.0
4.166666666666667,0.3925140895600632,250.0
16.666666666666668,0.04687458286520524,10.0
12.0,0.13543486453369988,250.0
15.5,0.06038169034348792,100.0
0.3333333333333333,1.0,250.0
14.333333333333334,0.06215637340198561,250.0
17.833333333333332,0.04408976593215168,10.0
12.333333333333334,0.10352603339602087,250.0
3.3333333333333335,0.35207579554035356,250.0
10.333333333333334,0.1448906150038947,250.0
15.5,0.0674640414971127,10.0
0.16666666666666666,1.0,10.0
15.0,0.06314588424965804,100.0
5.666666666666667,0.3662665580885368,250.0
16.833333333333332,0.044613642507810615,10.0
14.333333333333334,0.07438715649503959,250.0
16.333333333333332,0.058756378317413094,10.0
16.666666666666668,0.050064065445724955,10.0
10.833333333333334,0.14327487581536957,100.0
22.666666666666668,0.030748641049938838,10.0
17.0,0.04125034614465259,100.0
17.166666666666668,0.0541306389343473,10.0
16.666666666666668,0.0571578686118468,100.0
13.166666666666666,0.08212453337720158,10.0
20.5,0.03210691737616972,10.0
16.5,0.04699979413166617,10.0
14.0,0.08136788990803234,250.0
4.833333333333333,0.37241139998237366,100.0
2.0,0.5959709272947068,250.0
16.166666666666668,0.05432015936405322,100.0
17.833333333333332,0.04408976593215168,10.0
0.8333333333333334,0.6917404217468784,250.0
0.16666666666666666,1.0,250.0
16.166666666666668,0.0530097689195852,10.0
0.3333333333333333,1.0,100.0
20.5,0.03066831967790305,10.0
17.0,0.047063728532589624,100.0
14.333333333333334,0.07438715649503959,250.0
0.8333333333333334,0.6917404217468784,250.0
12.666666666666666,0.11127093377928643,250.0
0.8333333333333334,0.6917404217468784,250.0
1.8333333333333333,0.607292503700246,250.0
3.8333333333333335,0.39813468415269215,250.0
20.166666666666668,0.029043991217913463,10.0
11.833333333333334,0.09629394125992878,100.0
16.5,0.04559987428754483,250.0
12.5,0.09852417007432218,100.0
18.166666666666668,0.03170058341634971,10.0
17.166666666666668,0.042704184462076224,100.0
0.3333333333333333,1.0,250.0
21.0,0.030493507747960308,10.0
18.5,0.03962540521909052,10.0
17.0,0.04884751171438312,100.0
15.333333333333334,0.06913687056576269,100.0
15.333333333333334,0.06913687056576269,100.0
14.166666666666666,0.07666844083968939,100.0
16.166666666666668,0.05227210227792858,100.0
15.0,0.06416977294665109,100.0
15.333333333333334,0.06913687056576269,100.0
19.833333333333332,0.031586346064701905,10.0
1.0,0.4969325865747282,250.0
12.333333333333334,0.10829213423124054,10.0
17.666666666666668,0.0426433406474881,10.0
17.166666666666668,0.04603297205176418,100.0
14.0,0.09941684377021558,10.0
17.666666666666668,0.0421799455857684,100.0
16.166666666666668,0.04742440256903654,100.0
14.833333333333334,0.06077607427303283,100.0
19.666666666666668,0.03584528850229629,10.0
17.333333333333332,0.04178736090566442,10.0
15.166666666666666,0.06298042265894856,10.0
19.833333333333332,0.030668982487492245,10.0
16.833333333333332,0.043952226874574056,10.0
13.833333333333334,0.07081060937200302,100.0
17.833333333333332,0.041785472233619156,100.0
10.666666666666666,0.11273938510324465,100.0
20.666666666666668,0.029222493635535026,10.0
14.333333333333334,0.08007540724442493,250.0
0.16666666666666666,1.0,250.0
16.666666666666668,0.05119065641906708,10.0
18.833333333333332,0.04271300740285491,10.0
18.833333333333332,0.034346255833746224,10.0
12.833333333333334,0.09752858373243742,250.0
20.666666666666668,0.030971677825985106,10.0
14.0,0.09941684377021558,10.0
9.5,0.15409623133522965,100.0
16.166666666666668,0.0528506631618357,10.0
17.5,0.04174565705269168,10.0
15.166666666666666,0.06298042265894856,10.0
16.166666666666668,0.051390905982397615,100.0
6.0,0.3472292540084948,250.0
17.666666666666668,0.0421799455857684,100.0
1.3333333333333333,0.9727400867062272,250.0
17.666666666666668,0.03760916796832831,10.0
14.166666666666666,0.07666844083968939,100.0
17.5,0.04321366996215514,10.0
18.833333333333332,0.04271300740285491,10.0
9.166666666666666,0.22491967697983942,250.0
20.666666666666668,0.029222493635535026,10.0
19.833333333333332,0.030668982487492245,10.0
12.333333333333334,0.10829213423124054,10.0
14.166666666666666,0.07093762403552042,100.0
20.166666666666668,0.029760344825211952,10.0
14.166666666666666,0.06684135530924723,100.0
0.5,1.0,250.0
17.166666666666668,0.042704184462076224,100.0
3.8333333333333335,0.5474660522964123,250.0
12.166666666666666,0.10495466921676509,100.0
15.333333333333334,0.06479436556944675,100.0
17.666666666666668,0.043552871048170294,100.0
17.166666666666668,0.04721436648914369,100.0
18.5,0.03711798571936318,100.0
12.833333333333334,0.0922003644528689,100.0
19.333333333333332,0.0385706605204106,100.0
18.833333333333332,0.030402579210690305,10.0
4.666666666666667,0.37259318086298204,250.0
17.666666666666668,0.0421799455857684,100.0
17.166666666666668,0.04603297205176418,100.0
14.5,0.059661583072438136,250.0
12.833333333333334,0.09752858373243742,250.0
17.5,0.042543699226618686,100.0
4.833333333333333,0.3964228592484917,250.0
18.833333333333332,0.034346255833746224,10.0
5.666666666666667,0.3659584732370994,250.0
18.5,0.03962540521909052,10.0
15.0,0.06416977294665109,100.0
18.0,0.04013017029518013,10.0
16.166666666666668,0.05376007741016734,100.0
12.833333333333334,0.09752858373243742,250.0
19.666666666666668,0.03379536473405191,10.0
13.833333333333334,0.07081060937200302,100.0
0.5,1.0,250.0
12.5,0.09904264684433835,250.0
16.166666666666668,0.04742440256903654,100.0
20.666666666666668,0.030971677825985106,10.0
0.5,1.0,250.0
1.1666666666666667,0.7902948906287914,250.0
17.666666666666668,0.0421799455857684,100.0
21.666666666666668,0.024542816131260033,10.0
9.5,0.15409623133522965,100.0
16.166666666666668,0.04742440256903654,100.0
17.333333333333332,0.04973614667982667,100.0
18.833333333333332,0.034346255833746224,10.0
24.0,0.02981662132445768,10.0
13.833333333333334,0.07638256827127794,250.0
17.5,0.04174565705269168,10.0
12.833333333333334,0.09752858373243742,250.0
21.0,0.031305736475769834,10.0
16.833333333333332,0.04494596118039087,250.0
15.833333333333334,0.05575616402060465,100.0
15.5,0.06049354804760322,100.0
14.5,0.05464520557655103,100.0
22.166666666666668,0.028491165206645463,10.0
19.166666666666668,0.03364252130385185,10.0
6.333333333333333,0.31116106144527683,250.0
14.5,0.05464520557655103,100.0
10.333333333333334,0.14338716769330545,250.0
8.333333333333334,0.20379207554224738,250.0
0.6666666666666666,1.0,250.0
4.5,0.2896931122187055,100.0
11.5,0.13858576920627966,250.0
4.5,0.2896931122187055,100.0
19.0,0.0354200536398548,100.0
14.5,0.07119651199077831,100.0
11.666666666666666,0.11109889501662977,100.0
15.833333333333334,0.054774442106128016,10.0
17.333333333333332,0.04840260874601704,100.0
11.333333333333334,0.12575830119671494,250.0
19.166666666666668,0.03456609461092876,10.0
17.166666666666668,0.05726745530399648,10.0
18.166666666666668,0.03971945294460853,10.0
21.0,0.03157402618015121,10.0
18.5,0.03815714747531506,10.0
10.166666666666666,0.16981153797979773,250.0
17.666666666666668,0.04340579524613907,10.0
7.666666666666667,0.2629123676383766,250.0
14.666666666666666,0.06976061415414055,250.0
17.333333333333332,0.049812923814441044,100.0
18.0,0.03989056822429395,100.0
18.166666666666668,0.03971945294460853,10.0
16.5,0.04612719234007365,10.0
19.333333333333332,0.038543212965830714,10.0
21.166666666666668,0.02799457984868822,10.0
16.5,0.053309663453561265,100.0
12.166666666666666,0.11948019802196244,250.0
11.333333333333334,0.12575830119671494,250.0
16.166666666666668,0.05076341884875702,100.0
20.5,0.028838323910772623,10.0
22.0,0.025276693361476935,10.0
17.166666666666668,0.04793979305204643,10.0
9.833333333333334,0.17732793356277995,250.0
21.0,0.030024987164907337,10.0
16.833333333333332,0.04494596118039087,250.0
17.333333333333332,0.044378076691747294,250.0
21.166666666666668,0.02799457984868822,10.0
17.333333333333332,0.04840260874601704,100.0
17.333333333333332,0.044378076691747294,250.0
2.8333333333333335,0.7882388556360671,100.0
16.833333333333332,0.04494596118039087,250.0
15.5,0.058265856146503404,10.0
21.0,0.030425249159143405,10.0
15.5,0.06277666643830207,10.0
15.333333333333334,0.05894937749366285,100.0
20.166666666666668,0.03177973617446953,60.0
17.666666666666668,0.04340579524613907,10.0
17.0,0.04356593451157773,10.0
14.5,0.05464520557655103,100.0
8.0,0.2188574658575531,100.0
20.5,0.028838323910772623,10.0
19.166666666666668,0.03456609461092876,10.0
10.666666666666666,0.176360475781549,250.0
15.0,0.06331333416549854,250.0
17.333333333333332,0.04129549483529551,10.0
21.0,0.030425249159143405,10.0
3.0,0.442984162221938,250.0
10.333333333333334,0.14338716769330545,250.0
9.833333333333334,0.17732793356277995,250.0
20.5,0.028838323910772623,10.0
15.833333333333334,0.054774442106128016,10.0
0.6666666666666666,1.0,100.0
17.333333333333332,0.04840260874601704,100.0
17.333333333333332,0.044378076691747294,250.0
16.666666666666668,0.05011303570779654,100.0
16.0,0.06082961161214584,100.0
15.333333333333334,0.05894937749366285,100.0
17.0,0.043097920992709156,10.0
18.0,0.03868959014466461,10.0
3.0,0.442984162221938,250.0
19.333333333333332,0.038543212965830714,10.0
19.5,0.031618804908203325,100.0
12.0,0.11747862793492465,100.0
14.0,0.06739996112653938,100.0
10.333333333333334,0.14338716769330545,250.0
21.0,0.031305736475769834,10.0
11.333333333333334,0.12575830119671494,250.0
5.333333333333333,0.4397765042769436,250.0
14.666666666666666,0.0691368711368929,250.0
3.1666666666666665,0.5281507945653755,250.0
16.0,0.06352138044200653,100.0
15.833333333333334,0.054774442106128016,10.0
6.333333333333333,0.2690999019339632,100.0
19.166666666666668,0.03822734824310645,10.0
15.333333333333334,0.05894937749366285,100.0
8.333333333333334,0.20379207554224738,250.0
17.333333333333332,0.044378076691747294,250.0
15.166666666666666,0.05886396772966955,100.0
19.666666666666668,0.03574259190515043,10.0
15.333333333333334,0.05969313895619729,250.0
18.666666666666668,0.037891543422004605,100.0
6.666666666666667,0.27271776254428887,250.0
14.666666666666666,0.06414858300900116,10.0
18.166666666666668,0.03869249016257827,10.0
13.333333333333334,0.0979106725281948,100.0
17.0,0.04963410388349,100.0
17.0,0.04255600999093642,10.0
16.166666666666668,0.05599901577336999,100.0
20.833333333333332,0.0302720116164595,10.0
17.666666666666668,0.0399836593550625,10.0
16.333333333333332,0.05193037608197487,10.0
14.333333333333334,0.06813709469751393,100.0
20.5,0.030547522151163072,10.0
12.666666666666666,0.10487502195871186,100.0
3.8333333333333335,0.47707861745103974,250.0
18.5,0.03323344074694435,10.0
17.0,0.04963410388349,100.0
14.333333333333334,0.06813709469751393,100.0
13.333333333333334,0.0979106725281948,100.0
14.833333333333334,0.07138270425605926,250.0
16.333333333333332,0.05204651133373697,10.0
14.333333333333334,0.06813709469751393,100.0
3.8333333333333335,0.47707861745103974,250.0
18.0,0.037715001131279596,100.0
20.166666666666668,0.03004073840487104,10.0
15.833333333333334,0.05385180551249946,10.0
9.833333333333334,0.1807365000481911,250.0
16.333333333333332,0.05488373429844371,100.0
17.0,0.0442589869530888,10.0
1.0,0.5780572930863976,250.0
1.6666666666666667,0.6308397116911177,250.0
20.166666666666668,0.03142078658574559,10.0
16.666666666666668,0.05626298188584747,10.0
10.666666666666666,0.12425873217588662,250.0
7.5,0.28683356081143707,250.0
15.166666666666666,0.06624852043354583,250.0
11.333333333333334,0.12649261018661495,100.0
15.833333333333334,0.04747295710043635,100.0
15.333333333333334,0.06584065548708705,100.0
17.666666666666668,0.042413959329516214,10.0
14.166666666666666,0.08000156032810636,250.0
11.0,0.1305862341176272,100.0
18.5,0.04044849084127775,10.0
15.833333333333334,0.04747295710043635,100.0
14.0,0.07484014449093132,100.0
16.666666666666668,0.049858821438867086,100.0
18.833333333333332,0.03821607684750766,10.0
18.5,0.03886493669828344,100.0
14.333333333333334,0.0755374359015644,100.0
17.833333333333332,0.04538101203909577,100.0
1.0,0.5780572930863976,250.0
8.833333333333334,0.20065456519536012,250.0
10.166666666666666,0.15607877705881543,100.0
17.666666666666668,0.044003363338869346,10.0
16.666666666666668,0.050694838878799414,10.0
15.0,0.05730281618787098,10.0
9.333333333333334,0.14523958809808893,10.0
15.0,0.05730281618787098,10.0
17.5,0.04528935382052368,100.0
13.666666666666666,0.08761282836533112,10.0
16.0,0.05811771309166515,100.0
3.8333333333333335,0.47707861745103974,250.0
3.3333333333333335,0.423397144930044,250.0
18.166666666666668,0.03869249016257827,10.0
14.333333333333334,0.06813709469751393,100.0
19.833333333333332,0.03695039591285867,10.0
3.6666666666666665,0.4508240412734493,250.0
3.3333333333333335,0.4013256999631986,100.0
15.0,0.06271149321664783,100.0
18.833333333333332,0.03821607684750766,10.0
10.666666666666666,0.12425873217588662,250.0
9.666666666666666,0.1534660215985952,100.0
19.833333333333332,0.03695039591285867,10.0
15.333333333333334,0.0644581276577221,250.0
17.833333333333332,0.04488989767251411,10.0
18.0,0.037715001131279596,100.0
17.5,0.04528935382052368,100.0
18.5,0.03686601295312462,100.0
11.333333333333334,0.14606708544302036,250.0
18.5,0.04044849084127775,10.0
18.5,0.03886493669828344,100.0
19.166666666666668,0.03382069715619237,100.0
21.333333333333332,0.03001691818258856,10.0
20.5,0.030547522151163072,10.0
16.666666666666668,0.05626298188584747,10.0
17.666666666666668,0.04123257154400682,100.0
17.0,0.04255600999093642,10.0
14.333333333333334,0.06813709469751393,100.0
14.333333333333334,0.06813709469751393,100.0
13.333333333333334,0.0979106725281948,100.0
6.833333333333333,0.2762731198450377,250.0
6.666666666666667,0.2964095908006362,100.0
12.333333333333334,0.12343069262473523,100.0
14.833333333333334,0.07138270425605926,250.0
18.833333333333332,0.03893057917638924,10.0
2.1666666666666665,0.540586532770118,250.0
14.5,0.0722282755423588,100.0
16.666666666666668,0.049016179963105845,10.0
0.16666666666666666,1.0,250.0
0.16666666666666666,1.0,250.0
9.833333333333334,0.18899696602939797,250.0
19.333333333333332,0.03644169469726793,10.0
16.833333333333332,0.041904295661144876,100.0
20.666666666666668,0.031142310915051836,10.0
0.16666666666666666,1.0,250.0
17.5,0.04096346874710112,10.0
17.666666666666668,0.04081357668940225,250.0
18.833333333333332,0.044501337611208294,100.0
18.833333333333332,0.040313453109360145,100.0
15.166666666666666,0.06908644825475455,100.0
16.5,0.04865053630200874,10.0
1.5,0.545243858054802,250.0
19.5,0.03401396967586794,10.0
1.0,0.6848171135210935,250.0
14.5,0.06559584052653113,10.0
19.666666666666668,0.033566457507861205,10.0
18.833333333333332,0.044501337611208294,100.0
17.666666666666668,0.03900355744002491,60.0
20.666666666666668,0.033172537968257386,10.0
8.833333333333334,0.17953071851915953,250.0
20.166666666666668,0.03403385104791696,10.0
13.166666666666666,0.08365953934686722,100.0
18.0,0.04218604367489263,100.0
19.666666666666668,0.033566457507861205,10.0
14.833333333333334,0.06171521123889953,100.0
13.666666666666666,0.07555569773819687,250.0
4.5,0.38469814813690806,250.0
17.5,0.041248690313066265,100.0
14.666666666666666,0.06000888257770581,100.0
21.5,0.03155951668590945,10.0
15.5,0.05269987838897246,100.0
15.666666666666666,0.06424013991734649,10.0
13.166666666666666,0.08365953934686722,100.0
0.5,1.0,250.0
17.666666666666668,0.03900355744002491,60.0
18.833333333333332,0.03939086987696571,10.0
17.5,0.04096346874710112,10.0
14.5,0.06559584052653113,10.0
5.5,0.34728558459511744,100.0
2.1666666666666665,0.48829121913388907,250.0
15.166666666666666,0.0553972244039974,100.0
18.5,0.03990511888010071,10.0
16.833333333333332,0.047943580001214646,100.0
0.16666666666666666,1.0,250.0
14.0,0.06989640967694882,100.0
14.5,0.0722282755423588,100.0
17.166666666666668,0.04637391100126029,10.0
18.0,0.04218604367489263,100.0
15.166666666666666,0.07391630790128079,100.0
19.0,0.03191052773785024,10.0
15.5,0.0615512192427137,100.0
14.166666666666666,0.07991516254132346,250.0
16.833333333333332,0.041904295661144876,100.0
0.16666666666666666,1.0,250.0
14.5,0.0722282755423588,100.0
16.833333333333332,0.041904295661144876,100.0
17.5,0.040526707601310455,10.0
20.666666666666668,0.031142310915051836,10.0
16.833333333333332,0.047943580001214646,100.0
13.166666666666666,0.08365953934686722,100.0
17.0,0.0376574435356243,10.0
16.833333333333332,0.044981175354164744,100.0
9.833333333333334,0.18899696602939797,250.0
9.833333333333334,0.18899696602939797,250.0
17.5,0.041248690313066265,100.0
19.0,0.03230872281688672,10.0
16.333333333333332,0.053550176975686745,250.0
18.666666666666668,0.03347162071986764,10.0
16.5,0.045300884062149806,100.0
20.166666666666668,0.030264516285207994,100.0
6.5,0.2940499186184762,250.0
15.166666666666666,0.06908644825475455,100.0
15.5,0.05840601259358219,100.0
0.16666666666666666,1.0,250.0
15.166666666666666,0.07391630790128079,100.0
17.5,0.04096346874710112,10.0
16.833333333333332,0.046035317099434106,10.0
17.666666666666668,0.03900355744002491,60.0
1.0,0.6848171135210935,250.0
16.166666666666668,0.055905335466807406,100.0
14.0,0.06989640967694882,100.0
13.833333333333334,0.09511385220252885,10.0
14.5,0.0722282755423588,100.0
18.833333333333332,0.03982379974910254,10.0
20.5,0.03616374799944732,10.0
11.333333333333334,0.11421275199795144,10.0
10.0,0.156402878144609,100.0
19.333333333333332,0.03644169469726793,10.0
17.166666666666668,0.044673373996192416,250.0
15.5,0.05269987838897246,100.0
11.333333333333334,0.11421275199795144,10.0
18.666666666666668,0.042391742361917006,10.0
10.0,0.156402878144609,100.0
14.833333333333334,0.061774168570506695,100.0
20.166666666666668,0.030264516285207994,100.0
0.5,1.0,250.0
15.333333333333334,0.05301901130926979,100.0
19.5,0.03561222178708557,10.0
10.5,0.16506731875105507,250.0
10.0,0.18885376329221745,250.0
22.666666666666668,0.029103003768832413,10.0
6.333333333333333,0.3235778515745359,250.0
0.5,1.0,250.0
15.833333333333334,0.05277867108654022,100.0
22.333333333333332,0.028269368170023478,10.0
17.166666666666668,0.05002878616036172,10.0
17.333333333333332,0.04513512346354543,10.0
13.166666666666666,0.08833228475877708,100.0
8.666666666666666,0.21270700065411366,250.0
15.333333333333334,0.059285758352685965,100.0
5.166666666666667,0.46295980792254493,250.0
8.666666666666666,0.21270700065411366,250.0
8.0,0.19753698289553456,100.0
19.833333333333332,0.03178986644388963,10.0
19.5,0.029712476539557643,10.0
16.166666666666668,0.04831045018385056,250.0
15.5,0.05277955147255708,250.0
0.8333333333333334,0.6697288918523395,250.0
12.166666666666666,0.10697020072171567,250.0
15.333333333333334,0.059285758352685965,100.0
13.833333333333334,0.07741602240337864,250.0
9.0,0.16132848515332426,100.0
21.666666666666668,0.028643123610290835,10.0
19.5,0.03561222178708557,10.0
21.166666666666668,0.028737500164157232,10.0
16.333333333333332,0.044494706897664466,10.0
0.8333333333333334,0.6697288918523395,250.0
18.333333333333332,0.03917018377082152,10.0
15.833333333333334,0.05277867108654022,100.0
20.5,0.0325720782201688,100.0
21.666666666666668,0.028643123610290835,10.0
19.0,0.038171503354775295,10.0
18.0,0.038508575880687256,10.0
10.333333333333334,0.16313104382095298,250.0
0.5,1.0,250.0
9.0,0.2158443780225473,100.0
15.5,0.05989150654661146,10.0
18.0,0.04185372899538205,100.0
5.166666666666667,0.46295980792254493,250.0
16.333333333333332,0.04703871067723172,100.0
17.833333333333332,0.04560745274770814,100.0
16.0,0.058232823124739,100.0
4.5,0.4389072048443397,250.0
0.16666666666666666,1.0,250.0
3.0,0.5389173882909479,250.0
15.666666666666666,0.055550719566673054,10.0
15.833333333333334,0.0596948744535632,100.0
17.833333333333332,0.04560745274770814,100.0
9.0,0.2158443780225473,100.0
0.16666666666666666,1.0,100.0
14.833333333333334,0.06706438892351699,100.0
19.5,0.03578257859677914,10.0
11.5,0.10752048548207417,250.0
3.6666666666666665,0.43873118509857784,250.0
20.833333333333332,0.03212581256372088,10.0
20.833333333333332,0.03212581256372088,10.0
15.833333333333334,0.05277867108654022,100.0
5.333333333333333,0.31680029154536815,250.0
0.8333333333333334,0.6626773932762446,250.0
3.3333333333333335,0.5501905307862256,250.0
19.833333333333332,0.03178986644388963,10.0
18.333333333333332,0.03917018377082152,10.0
17.333333333333332,0.04513512346354543,10.0
16.833333333333332,0.05028136593773804,100.0
18.833333333333332,0.03641827065759033,10.0
5.333333333333333,0.3641439341167527,250.0
19.166666666666668,0.03644056298703116,10.0
5.333333333333333,0.3641439341167527,250.0
17.0,0.04415300818729179,10.0
17.166666666666668,0.04176692270577406,10.0
19.666666666666668,0.03489127617684345,100.0
19.833333333333332,0.03178986644388963,10.0
16.166666666666668,0.052131178707596204,100.0
3.6666666666666665,0.43873118509857784,250.0
18.0,0.044120205487513275,10.0
14.833333333333334,0.06706438892351699,100.0
7.666666666666667,0.2417483290257189,250.0
15.666666666666666,0.055550719566673054,10.0
15.666666666666666,0.055550719566673054,10.0
19.333333333333332,0.031968798561241574,100.0
11.0,0.13848561422603056,100.0
14.5,0.07644364532461595,100.0
21.666666666666668,0.028643123610290835,10.0
17.833333333333332,0.041448580819730456,10.0
20.0,0.033560943429022036,10.0
17.166666666666668,0.04176692270577406,10.0
11.5,0.14624786458330613,250.0
0.16666666666666666,1.0,250.0
16.0,0.05047579213354875,100.0
15.5,0.05467862429597666,100.0
17.166666666666668,0.04176692270577406,10.0
21.666666666666668,0.031693480769236455,10.0
9.5,0.14376273756269858,10.0
16.333333333333332,0.04703871067723172,100.0
0.16666666666666666,1.0,250.0
19.333333333333332,0.0373150673889372,10.0
13.333333333333334,0.09382915168357249,100.0
20.166666666666668,0.03278917011994906,10.0
3.6666666666666665,0.4593635138235497,250.0
0.16666666666666666,1.0,250.0
13.333333333333334,0.08615668118527381,10.0
17.666666666666668,0.0424757987933619,10.0
14.833333333333334,0.061076063040525715,250.0
5.833333333333333,0.33787482518079115,250.0
11.833333333333334,0.10484390034289662,250.0
19.0,0.032940926982824414,10.0
3.1666666666666665,0.5295639908866825,250.0
17.166666666666668,0.048012655535985924,100.0
16.5,0.052452088482131634,10.0
16.166666666666668,0.05366680743226155,100.0
10.833333333333334,0.16024459742977384,100.0
8.0,0.27036183424972243,250.0
12.833333333333334,0.09917852618675417,100.0
15.833333333333334,0.05807693908424742,10.0
18.833333333333332,0.03440385890483257,100.0
16.166666666666668,0.059027497773326665,250.0
14.333333333333334,0.06685590639366654,100.0
12.333333333333334,0.09711360387494143,100.0
16.333333333333332,0.05826283431884719,100.0
9.666666666666666,0.20129924743887442,250.0
14.5,0.07051570297391221,100.0
20.0,0.03194300199159161,10.0
3.1666666666666665,0.5295639908866825,250.0
12.333333333333334,0.09711360387494143,100.0
7.5,0.20107890118168403,250.0
19.166666666666668,0.03546010754432969,10.0
20.166666666666668,0.03278917011994906,10.0
15.5,0.059934944278421914,100.0
16.333333333333332,0.05826283431884719,100.0
16.5,0.052452088482131634,10.0
14.5,0.06903005505899762,250.0
4.666666666666667,0.34079239696253666,250.0
21.666666666666668,0.030951154941864446,10.0
17.666666666666668,0.04569326064862007,100.0
17.666666666666668,0.042205160471589384,100.0
14.166666666666666,0.06699752179553534,100.0
17.166666666666668,0.03854878971592095,100.0
22.5,0.027269516011222322,10.0
3.3333333333333335,0.5084134753302619,100.0
22.666666666666668,0.02672548866475973,10.0
2.1666666666666665,0.5114509161145149,250.0
2.0,0.4256284250586085,100.0
17.0,0.04863733986448903,10.0
19.0,0.036603143725192196,10.0
16.166666666666668,0.04130446623303053,10.0
17.333333333333332,0.04323103647443387,10.0
0.6666666666666666,1.0,250.0
14.5,0.06707393039762442,250.0
19.0,0.032940926982824414,10.0
19.5,0.0361298943702788,10.0
18.166666666666668,0.04083226437168573,10.0
19.0,0.03510439070696762,10.0
0.5,1.0,250.0
21.666666666666668,0.030951154941864446,10.0
14.166666666666666,0.06699752179553534,100.0
17.666666666666668,0.04569326064862007,100.0
5.166666666666667,0.3320049324985184,10.0
18.833333333333332,0.0316615697424582,100.0
15.5,0.05875116707904343,100.0
22.666666666666668,0.02672548866475973,10.0
15.5,0.058540204987098304,250.0
18.666666666666668,0.04149022014610866,10.0
19.833333333333332,0.03470406898510553,10.0
16.666666666666668,0.049938152688274784,10.0
3.1666666666666665,0.5295639908866825,250.0
17.666666666666668,0.03749521423012164,10.0
10.833333333333334,0.1176073900573523,10.0
15.833333333333334,0.0617232094699135,100.0
20.5,0.03111363907812456,10.0
18.666666666666668,0.037578225861796793,10.0
14.5,0.06903005505899762,250.0
18.166666666666668,0.039912782754893246,100.0
20.166666666666668,0.03278917011994906,10.0
13.666666666666666,0.08460746764478592,250.0
17.0,0.050060764009054196,100.0
14.5,0.07099074035814167,100.0
18.833333333333332,0.03567023284236102,10.0
15.5,0.059934944278421914,100.0
16.5,0.049101967649179935,100.0
11.833333333333334,0.11413686510696844,250.0
20.0,0.03194300199159161,10.0
17.166666666666668,0.03854878971592095,100.0
13.666666666666666,0.08460746764478592,250.0
21.666666666666668,0.030951154941864446,10.0
18.0,0.04098080913257586,10.0
14.833333333333334,0.061076063040525715,250.0
17.666666666666668,0.042205160471589384,100.0
18.833333333333332,0.03634363862291469,100.0
15.166666666666666,0.05482971811207537,10.0
3.3333333333333335,0.5084134753302619,100.0
13.666666666666666,0.08460746764478592,250.0
20.666666666666668,0.03400052784990774,10.0
3.1666666666666665,0.5295639908866825,250.0
15.833333333333334,0.05807693908424742,10.0
16.666666666666668,0.045621975912263864,100.0
12.0,0.1023058048030469,100.0
4.333333333333333,0.3950559203827667,250.0
0.8333333333333334,0.5582824501953162,250.0
16.333333333333332,0.05237760573959766,250.0
4.666666666666667,0.35128688129056834,250.0
17.666666666666668,0.041473111273077526,10.0
20.0,0.03657747794984177,10.0
18.666666666666668,0.040246601057219764,10.0
11.666666666666666,0.13396698155926867,250.0
16.666666666666668,0.041394576537095884,10.0
6.833333333333333,0.25825128275498943,250.0
20.333333333333332,0.030001105349885548,10.0
17.833333333333332,0.03904314257868927,100.0
16.333333333333332,0.05237760573959766,250.0
14.833333333333334,0.06566195320663736,100.0
10.5,0.15840412014164543,100.0
17.5,0.038563963089631316,10.0
13.666666666666666,0.08483912543934728,100.0
15.0,0.06765418137749636,10.0
14.166666666666666,0.07923827196265991,100.0
15.5,0.06221940716090351,100.0
20.166666666666668,0.03383139975439393,10.0
10.0,0.17826284573486817,250.0
7.0,0.30397258191331106,250.0
17.0,0.04975640231493911,100.0
0.5,1.0,250.0
12.5,0.10670923433780626,250.0
11.666666666666666,0.13822291913353402,250.0
17.833333333333332,0.03904314257868927,100.0
19.833333333333332,0.03362966745133068,10.0
8.833333333333334,0.16560535019089992,10.0
13.166666666666666,0.07993413737784806,250.0
14.333333333333334,0.06896228692176393,100.0
9.833333333333334,0.1929850712117888,100.0
16.0,0.05656401316885705,100.0
0.16666666666666666,1.0,250.0
19.833333333333332,0.03185675238239125,10.0
11.166666666666666,0.12475196413465647,250.0
17.333333333333332,0.03962106421068175,100.0
16.666666666666668,0.045621975912263864,100.0
12.666666666666666,0.0823895903415489,100.0
19.166666666666668,0.03605563918747689,10.0
19.166666666666668,0.03688129585644606,60.0
19.0,0.032486628435148684,10.0
12.0,0.1023058048030469,100.0
12.166666666666666,0.11734007739926935,250.0
20.333333333333332,0.030001105349885548,10.0
14.333333333333334,0.0744049961339726,100.0
17.0,0.04394060932960997,250.0
16.0,0.05612318330482013,10.0
18.666666666666668,0.040978282078650875,100.0
16.333333333333332,0.04943269728145032,100.0
6.833333333333333,0.25825128275498943,250.0
16.333333333333332,0.048047314941810956,10.0
21.166666666666668,0.028415248199705628,10.0
5.0,0.5379589847026933,100.0
17.666666666666668,0.043399269632948136,100.0
20.666666666666668,0.03740732694876351,10.0
16.666666666666668,0.041394576537095884,10.0
14.333333333333334,0.06896228692176393,100.0
17.333333333333332,0.04344355677772016,10.0
21.166666666666668,0.031060645787139327,10.0
18.166666666666668,0.04374305558358643,100.0
21.166666666666668,0.03136626446478587,10.0
12.666666666666666,0.1032688725900262,100.0
18.0,0.03370924379238545,10.0
21.5,0.028879157563535957,10.0
4.666666666666667,0.35128688129056834,250.0
12.0,0.0940738591840578,10.0
0.3333333333333333,1.0,250.0
17.833333333333332,0.03904314257868927,100.0
13.666666666666666,0.08483912543934728,100.0
16.333333333333332,0.05237760573959766,250.0
16.666666666666668,0.045621975912263864,100.0
18.0,0.03370924379238545,10.0
4.666666666666667,0.35128688129056834,250.0
10.0,0.17826284573486817,250.0
12.666666666666666,0.09536170222247653,250.0
20.666666666666668,0.03740732694876351,10.0
19.0,0.034597986161301775,10.0
14.833333333333334,0.07064333170765931,100.0
18.833333333333332,0.03410273615198829,10.0
17.166666666666668,0.04427492487508263,10.0
10.5,0.15840412014164543,100.0
8.833333333333334,0.16560535019089992,10.0
16.333333333333332,0.05030659384833444,10.0
14.833333333333334,0.06566195320663736,100.0
21.5,0.028879157563535957,10.0
4.333333333333333,0.3413511791765336,250.0
11.666666666666666,0.13822291913353402,250.0
5.0,0.5379589847026933,100.0
0.5,1.0,250.0
16.833333333333332,0.05251869434736373,10.0
8.333333333333334,0.19160335685437485,10.0
16.333333333333332,0.048047314941810956,10.0
11.833333333333334,0.10834181384822816,10.0
19.5,0.0370425686869571,10.0
18.166666666666668,0.0385081199155005,10.0
0.3333333333333333,1.0,250.0
16.5,0.05441809978880395,10.0
12.833333333333334,0.09689716138480145,100.0
11.166666666666666,0.1426445943546564,250.0
14.833333333333334,0.073216635779968,100.0
16.833333333333332,0.04521661893165056,10.0
16.0,0.049317371432828695,10.0
12.166666666666666,0.09803121501309074,100.0
16.833333333333332,0.043171778914143616,100.0
20.833333333333332,0.027299793770172907,10.0
13.166666666666666,0.10041878824034337,250.0
19.5,0.03789161489995241,10.0
19.5,0.03789161489995241,10.0
6.666666666666667,0.27033158185377854,250.0
0.16666666666666666,1.0,250.0
16.0,0.057747762242162166,100.0
3.3333333333333335,0.5744962062228595,100.0
17.166666666666668,0.04401281237069183,10.0
19.5,0.03319635551532204,10.0
19.166666666666668,0.03642223337477429,10.0
17.0,0.04261302341901714,100.0
12.666666666666666,0.09378363667044266,100.0
8.166666666666666,0.18535329416687685,250.0
10.0,0.1553859634914646,250.0
18.0,0.045200116834194635,10.0
15.166666666666666,0.06486213583307093,100.0
19.166666666666668,0.0342677989252469,10.0
5.166666666666667,0.39976200582534965,250.0
16.666666666666668,0.044667859737368865,100.0
19.166666666666668,0.0342169496610365,100.0
21.5,0.030827376714359183,10.0
4.333333333333333,0.5199962036290988,100.0
19.166666666666668,0.03224841720338805,10.0
18.833333333333332,0.03598252319831988,10.0
1.0,0.6284476239429768,250.0
17.5,0.0443847007691466,100.0
20.166666666666668,0.03284989768922529,10.0
19.666666666666668,0.036638353458744735,10.0
14.833333333333334,0.073216635779968,100.0
20.833333333333332,0.027299793770172907,10.0
1.1666666666666667,0.5372642294840807,100.0
16.5,0.05813351409345036,100.0
17.666666666666668,0.04220243766559649,100.0
12.0,0.1043950025568056,100.0
14.833333333333334,0.073216635779968,100.0
16.666666666666668,0.04697228623025309,250.0
21.833333333333332,0.028745517860006276,10.0
17.833333333333332,0.038085729884720206,10.0
12.166666666666666,0.09803121501309074,100.0
18.166666666666668,0.03629735271583727,10.0
19.166666666666668,0.03642223337477429,10.0
12.166666666666666,0.09803121501309074,100.0
10.833333333333334,0.1601057916257699,100.0
19.333333333333332,0.03219337667277217,10.0
4.333333333333333,0.5199962036290988,100.0
13.333333333333334,0.08160944541536895,100.0
3.3333333333333335,0.5744962062228595,100.0
3.0,0.532618562684944,100.0
12.166666666666666,0.09803121501309074,100.0
15.833333333333334,0.05232693648238905,10.0
10.833333333333334,0.13719511288413658,250.0
12.5,0.09794199678082474,100.0
19.333333333333332,0.03259860090752075,10.0
19.333333333333332,0.030087670756545847,10.0
12.833333333333334,0.07428726393623172,10.0
13.5,0.10111981300533639,250.0
13.666666666666666,0.08864199906986438,100.0
19.5,0.03789161489995241,10.0
6.5,0.2929427578539352,100.0
9.166666666666666,0.19023594108804776,250.0
21.166666666666668,0.03308251117104654,10.0
11.333333333333334,0.11987261876388448,250.0
18.333333333333332,0.04051477079305489,10.0
15.333333333333334,0.06228804694803443,100.0
4.5,0.36182470833206043,250.0
16.833333333333332,0.043171778914143616,100.0
22.833333333333332,0.02809939605876359,10.0
10.5,0.1380875829312496,100.0
15.833333333333334,0.05559230191151624,100.0
4.333333333333333,0.4249720056597369,250.0
18.833333333333332,0.03839171226801875,10.0
0.16666666666666666,1.0,250.0
19.166666666666668,0.032558350648848294,10.0
20.666666666666668,0.028100802883028155,10.0
15.166666666666666,0.06486213583307093,100.0
16.0,0.05088841731902666,10.0
14.833333333333334,0.07893300464406966,250.0
13.166666666666666,0.10041878824034337,250.0
22.166666666666668,0.028719109445868838,10.0
18.5,0.04090304886232952,10.0
16.5,0.05441809978880395,10.0
19.833333333333332,0.03035554918546231,10.0
11.166666666666666,0.1426445943546564,250.0
16.833333333333332,0.04513258068952959,100.0
1.3333333333333333,0.4395246913129061,250.0
19.166666666666668,0.0332960457815818,10.0
16.833333333333332,0.04513258068952959,100.0
16.0,0.05433170635639082,250.0
9.0,0.2227979151466983,250.0
19.166666666666668,0.0332960457815818,10.0
14.833333333333334,0.0603689135312594,10.0
6.166666666666667,0.3321616480568798,100.0
15.333333333333334,0.06657384515173449,250.0
20.333333333333332,0.035702982353942314,10.0
13.833333333333334,0.07266606906772793,250.0
7.333333333333333,0.2868305761117796,250.0
10.666666666666666,0.13316242895124325,250.0
10.5,0.14821788051795487,10.0
6.166666666666667,0.3321616480568798,100.0
18.166666666666668,0.03984710381265727,10.0
9.666666666666666,0.17269070692957617,250.0
19.0,0.033006006204880076,10.0
17.166666666666668,0.0481326917560384,100.0
2.3333333333333335,0.5709077186470629,250.0
20.333333333333332,0.03603880821367373,10.0
13.0,0.08825665623777475,250.0
18.5,0.03734331745882556,10.0
17.833333333333332,0.04170010395632588,10.0
9.0,0.18891265481743724,250.0
0.16666666666666666,1.0,250.0
9.166666666666666,0.21903269025187191,250.0
15.333333333333334,0.06657384515173449,250.0
0.8333333333333334,0.3251294530240431,250.0
8.833333333333334,0.23178306191694667,250.0
16.333333333333332,0.045199787833741505,250.0
21.666666666666668,0.028441130419421864,10.0
13.166666666666666,0.07300307846610284,10.0
15.333333333333334,0.052198670604010594,10.0
18.166666666666668,0.03984710381265727,10.0
17.833333333333332,0.04570695698494269,100.0
9.166666666666666,0.21903269025187191,250.0
14.666666666666666,0.06665052524046912,250.0
18.0,0.0358167928732171,10.0
20.333333333333332,0.03248028687529614,100.0
18.833333333333332,0.033481847698475606,10.0
20.0,0.03312548134010419,10.0
17.833333333333332,0.04170010395632588,10.0
18.666666666666668,0.034411042314080806,10.0
16.833333333333332,0.04719507632361076,100.0
19.333333333333332,0.03659788848391264,10.0
16.333333333333332,0.04764584451568496,100.0
18.333333333333332,0.044238789196248324,100.0
16.333333333333332,0.04764584451568496,100.0
7.0,0.2705580232356372,250.0
0.16666666666666666,1.0,250.0
7.166666666666667,0.3227630611004252,250.0
2.3333333333333335,0.517670191359328,250.0
0.16666666666666666,1.0,250.0
18.166666666666668,0.03619663770257204,10.0
15.0,0.06721279075875242,100.0
19.333333333333332,0.03596822886626809,10.0
3.1666666666666665,0.5253092730478804,250.0
12.5,0.10470042941544296,100.0
12.833333333333334,0.10201852762060284,250.0
15.666666666666666,0.05627236806523516,60.0
9.0,0.18891265481743724,250.0
2.6666666666666665,0.7106203886792986,250.0
10.5,0.14821788051795487,10.0
7.333333333333333,0.2868305761117796,250.0
17.166666666666668,0.047905518352958906,250.0
19.0,0.03266375270005289,10.0
3.1666666666666665,0.5253092730478804,250.0
16.333333333333332,0.04764584451568496,100.0
14.833333333333334,0.06612291205077112,100.0
1.1666666666666667,0.838235184465388,250.0
19.666666666666668,0.03589162651670925,10.0
14.666666666666666,0.06442108396062723,100.0
10.666666666666666,0.13316242895124325,250.0
19.0,0.033006006204880076,10.0
8.5,0.19733572729568663,250.0
13.666666666666666,0.0915197447958813,100.0
0.16666666666666666,1.0,250.0
10.666666666666666,0.13316242895124325,250.0
13.5,0.0883193267546467,250.0
15.0,0.06835694314617662,100.0
0.16666666666666666,1.0,250.0
20.166666666666668,0.03056941114773992,10.0
10.333333333333334,0.14423249838811802,100.0
14.666666666666666,0.06665052524046912,250.0
8.833333333333334,0.23178306191694667,250.0
20.333333333333332,0.03248028687529614,100.0
20.833333333333332,0.03150478833275612,10.0
9.0,0.18891265481743724,250.0
17.333333333333332,0.04615662944636136,10.0
0.8333333333333334,0.3251294530240431,250.0
1.8333333333333333,0.7354302574681858,250.0
2.6666666666666665,0.5648442587832688,250.0
17.166666666666668,0.0481326917560384,100.0
10.333333333333334,0.14423249838811802,100.0
16.666666666666668,0.049155099240549095,100.0
0.16666666666666666,1.0,250.0
18.166666666666668,0.0416909984345461,250.0
13.833333333333334,0.07266606906772793,250.0
17.166666666666668,0.047905518352958906,250.0
0.16666666666666666,1.0,250.0
18.166666666666668,0.03984710381265727,10.0
18.333333333333332,0.03593097486005309,10.0
15.0,0.06885627896022765,250.0
8.333333333333334,0.20633284841373042,100.0
19.0,0.03266375270005289,10.0
12.166666666666666,0.10101362068146863,100.0
17.333333333333332,0.04216211686296806,100.0
16.833333333333332,0.04892427908378439,10.0
8.333333333333334,0.23964899935589226,250.0
17.0,0.044263180463318584,100.0
18.166666666666668,0.039667144115102436,250.0
17.5,0.04130954098073764,100.0
17.833333333333332,0.044533475809836236,10.0
19.5,0.030830609157639063,100.0
14.166666666666666,0.07873324437547849,250.0
19.666666666666668,0.03649956584617686,100.0
19.333333333333332,0.034809815031839386,10.0
1.5,0.5062996272065377,250.0
0.3333333333333333,1.0,100.0
16.666666666666668,0.0463782858975032,10.0
12.333333333333334,0.0896468671442279,100.0
0.3333333333333333,1.0,250.0
18.0,0.03958301858188518,10.0
0.3333333333333333,1.0,250.0
8.666666666666666,0.24881270028331673,250.0
14.333333333333334,0.06102955879344404,250.0
16.0,0.0564059648718673,100.0
17.333333333333332,0.0480544989698068,100.0
17.333333333333332,0.039741170455017676,100.0
19.0,0.03583617162044228,10.0
15.333333333333334,0.05542982154731411,10.0
0.3333333333333333,1.0,250.0
8.5,0.20009289742812933,100.0
12.5,0.08384031430941621,10.0
14.0,0.07375916962166716,10.0
20.0,0.03338594181144519,10.0
7.833333333333333,0.27593713711156054,250.0
0.8333333333333334,0.7941554657997414,250.0
19.333333333333332,0.034809815031839386,10.0
12.833333333333334,0.08947089012040242,10.0
16.5,0.058614144699204014,10.0
9.333333333333334,0.17748111459404933,100.0
9.166666666666666,0.19509845335458986,250.0
8.333333333333334,0.23875762149230367,100.0
19.666666666666668,0.036293687202537714,10.0
12.333333333333334,0.0896468671442279,100.0
3.0,0.5160156172563539,250.0
19.666666666666668,0.036293687202537714,10.0
18.166666666666668,0.039667144115102436,250.0
21.0,0.031152260247377876,100.0
19.5,0.03612907723318918,10.0
8.333333333333334,0.23964899935589226,250.0
16.666666666666668,0.0463782858975032,10.0
8.333333333333334,0.23875762149230367,100.0
0.3333333333333333,1.0,100.0
17.666666666666668,0.04289116716822791,100.0
20.5,0.029263128828407974,10.0
16.166666666666668,0.049411387240320355,100.0
17.666666666666668,0.04289116716822791,100.0
9.5,0.16500958253641512,250.0
16.666666666666668,0.047661049567066044,10.0
15.666666666666666,0.05844698198690518,10.0
13.0,0.09875579779175907,10.0
9.333333333333334,0.18228690320263616,250.0
8.5,0.20009289742812933,100.0
3.6666666666666665,0.3996152174698744,250.0
17.833333333333332,0.044533475809836236,10.0
0.6666666666666666,1.0,250.0
8.833333333333334,0.22301716404522048,100.0
16.166666666666668,0.05198693148826944,10.0
20.333333333333332,0.03465909657506242,10.0
7.5,0.24355282465147993,250.0
16.666666666666668,0.0463782858975032,10.0
2.6666666666666665,0.47599897236724237,100.0
14.5,0.07380104744216816,10.0
16.5,0.058614144699204014,10.0
9.5,0.16500958253641512,250.0
18.5,0.03746548175115901,10.0
20.0,0.03338594181144519,10.0
12.5,0.08384031430941621,10.0
19.0,0.03780117768366614,10.0
12.5,0.10308543828318477,250.0
17.0,0.0474018548229519,250.0
17.833333333333332,0.047081134259758704,10.0
21.0,0.028694368382406556,10.0
12.5,0.10308543828318477,250.0
14.166666666666666,0.07536455256476136,100.0
17.0,0.046549176823688886,10.0
4.833333333333333,0.3390267707686099,250.0
19.5,0.03522253587451001,100.0
20.0,0.03338594181144519,10.0
16.5,0.053381234798449494,100.0
23.0,0.02849387024649698,10.0
19.166666666666668,0.032938467296598196,10.0
3.6666666666666665,0.3996152174698744,250.0
5.5,0.34268905122347687,250.0
20.333333333333332,0.03321338948052974,100.0
20.166666666666668,0.03492120748122982,10.0
16.833333333333332,0.049362522160240965,100.0
16.833333333333332,0.050077393300895265,10.0
16.0,0.05250969281168897,100.0
9.0,0.21923786537621356,250.0
12.833333333333334,0.08947089012040242,10.0
17.333333333333332,0.04382451755288572,10.0
8.833333333333334,0.22301716404522048,100.0
9.333333333333334,0.17748111459404933,100.0
14.666666666666666,0.07021751339599545,100.0
19.333333333333332,0.03575788819808967,10.0
19.5,0.03319426705956309,10.0
17.166666666666668,0.04826860759200025,60.0
14.5,0.06099176618250454,100.0
3.1666666666666665,0.493397403173974,250.0
18.166666666666668,0.038375040773315605,10.0
8.666666666666666,0.2086933852473763,100.0
18.5,0.03699011894931837,10.0
17.5,0.039746760860486015,10.0
15.0,0.06494153365354444,100.0
1.1666666666666667,0.8122334704668303,100.0
20.5,0.03188993059778795,10.0
19.5,0.03376399839535373,10.0
18.833333333333332,0.03966559058258943,100.0
16.166666666666668,0.05176618077058557,100.0
16.833333333333332,0.03978379481901578,10.0
19.333333333333332,0.03575788819808967,10.0
19.333333333333332,0.04021534281215534,10.0
17.833333333333332,0.042680709383000164,100.0
19.166666666666668,0.03484420732754602,10.0
18.333333333333332,0.03840174665232166,100.0
16.0,0.04437192635310372,100.0
15.166666666666666,0.050227247472802355,10.0
7.166666666666667,0.2854755933678783,250.0
15.333333333333334,0.07292106394624663,100.0
15.166666666666666,0.06173871224748037,250.0
15.833333333333334,0.05553135055516411,100.0
8.666666666666666,0.2086933852473763,100.0
21.0,0.02810958468941634,10.0
12.333333333333334,0.1120430508217346,100.0
15.166666666666666,0.050227247472802355,10.0
21.833333333333332,0.029443565749362435,10.0
5.5,0.29734241185788857,250.0
16.166666666666668,0.05353573745231546,250.0
14.0,0.07670744573552915,100.0
20.833333333333332,0.03190596375875444,10.0
14.0,0.07670744573552915,100.0
8.666666666666666,0.2086933852473763,100.0
17.333333333333332,0.04369851263610144,10.0
17.666666666666668,0.041826049633676435,10.0
0.3333333333333333,1.0,250.0
17.333333333333332,0.049249508288421916,100.0
18.5,0.035011263345186054,10.0
17.666666666666668,0.04387079954607988,100.0
19.5,0.03376399839535373,10.0
18.333333333333332,0.03650536002925003,100.0
19.0,0.03586538116484602,10.0
19.333333333333332,0.04021534281215534,10.0
12.333333333333334,0.1120430508217346,100.0
6.0,0.34807628945738495,250.0
7.666666666666667,0.2838496203699614,250.0
17.666666666666668,0.04497130139589263,100.0
8.666666666666666,0.2086933852473763,100.0
15.5,0.05688272595961085,250.0
15.166666666666666,0.06441104149939811,10.0
16.666666666666668,0.049209348702011255,100.0
16.0,0.05998966138667874,10.0
10.0,0.16356622067685714,250.0
20.0,0.035486694195132854,100.0
1.1666666666666667,0.8122334704668303,100.0
14.0,0.07678618680027156,10.0
12.5,0.10961796549715282,250.0
15.5,0.06124535932022642,100.0
17.666666666666668,0.04387079954607988,100.0
19.0,0.03586538116484602,10.0
17.0,0.04818574707702353,100.0
15.333333333333334,0.05047889601190222,10.0
18.833333333333332,0.03529765627733303,10.0
2.0,0.5943015553536078,100.0
18.833333333333332,0.03966559058258943,100.0
17.333333333333332,0.04369851263610144,10.0
15.5,0.05542905712200862,100.0
19.5,0.03376399839535373,10.0
12.333333333333334,0.09914472242654114,250.0
1.8333333333333333,0.6124949757120376,250.0
17.333333333333332,0.05009280581513105,100.0
15.0,0.06494153365354444,100.0
17.333333333333332,0.05009280581513105,100.0
18.833333333333332,0.03529765627733303,10.0
18.166666666666668,0.04487472643613502,10.0
20.166666666666668,0.034264769303387226,10.0
4.0,0.3722452962603649,250.0
17.0,0.04829717294852107,10.0
19.833333333333332,0.03454821945270469,10.0
19.5,0.03376399839535373,10.0
17.333333333333332,0.04134130520471811,100.0
14.666666666666666,0.07021751339599545,100.0
17.0,0.04518357855087387,250.0
10.166666666666666,0.17761237384724213,10.0
5.5,0.29734241185788857,250.0
2.0,0.5943015553536078,100.0
14.666666666666666,0.07021751339599545,100.0
17.666666666666668,0.04094366248266981,10.0
19.166666666666668,0.03810869740339403,10.0
1.8333333333333333,0.5707540155003341,250.0
14.0,0.07670744573552915,100.0
17.833333333333332,0.042680709383000164,100.0
12.333333333333334,0.09914472242654114,250.0
13.166666666666666,0.10071504144400092,100.0
12.833333333333334,0.09410582989854134,250.0
21.833333333333332,0.027779882522130234,10.0
0.8333333333333334,0.5760399228086747,250.0
15.833333333333334,0.059133910340997624,100.0
1.3333333333333333,0.5656250279800985,10.0
12.333333333333334,0.10246258766764321,100.0
18.166666666666668,0.042155528182884,10.0
21.166666666666668,0.02998869256708146,10.0
20.333333333333332,0.031977523730515184,10.0
12.833333333333334,0.09410582989854134,250.0
0.8333333333333334,0.5760399228086747,250.0
16.166666666666668,0.04695078141678287,10.0
17.333333333333332,0.038981806708797584,10.0
14.5,0.07119662197675175,250.0
2.6666666666666665,0.7052630216325505,250.0
12.666666666666666,0.09705269641575051,10.0
20.0,0.03572983740686027,10.0
12.333333333333334,0.10429846629587186,100.0
15.666666666666666,0.059181825498490825,250.0
20.166666666666668,0.029457291801801757,10.0
12.333333333333334,0.10246258766764321,100.0
11.166666666666666,0.13814949560383216,100.0
4.333333333333333,0.3728731332773064,250.0
2.6666666666666665,0.6511506830657608,100.0
17.166666666666668,0.04162473010733935,10.0
16.833333333333332,0.05079377887452231,100.0
13.666666666666666,0.09378420877485479,250.0
15.0,0.06313948038533157,10.0
21.0,0.03301805694102172,10.0
17.0,0.045959796819849484,10.0
16.166666666666668,0.053277356211369975,100.0
1.3333333333333333,0.5656250279800985,10.0
14.166666666666666,0.0717963212974837,250.0
0.8333333333333334,0.5760399228086747,250.0
13.666666666666666,0.08257016755663488,100.0
16.166666666666668,0.053277356211369975,100.0
3.6666666666666665,0.43646314090134586,100.0
18.333333333333332,0.041393634201389674,10.0
19.5,0.03452416923044221,10.0
1.1666666666666667,0.4191622444281786,250.0
1.3333333333333333,0.5656250279800985,10.0
12.0,0.09076256812719577,100.0
18.666666666666668,0.033010235544655334,10.0
19.333333333333332,0.036966060757321,100.0
17.333333333333332,0.038981806708797584,10.0
15.333333333333334,0.05666875064151063,10.0
0.16666666666666666,1.0,250.0
9.833333333333334,0.18528855739083788,250.0
18.0,0.041710222489634186,250.0
20.166666666666668,0.03287400319945809,10.0
14.5,0.07119662197675175,250.0
17.5,0.04853409053028525,100.0
8.5,0.1745346042000374,250.0
15.0,0.06313948038533157,10.0
3.6666666666666665,0.43646314090134586,100.0
21.166666666666668,0.02998869256708146,10.0
2.8333333333333335,0.5545914988105111,10.0
20.0,0.03572983740686027,10.0
16.166666666666668,0.050699015500723685,100.0
13.5,0.08461776127222305,10.0
2.6666666666666665,0.6511506830657608,100.0
6.833333333333333,0.30151151514215796,100.0
1.6666666666666667,0.3012970261159611,250.0
10.833333333333334,0.13856063364097612,250.0
18.666666666666668,0.03366920330343845,10.0
15.666666666666666,0.053613605297409786,100.0
12.833333333333334,0.09410582989854134,250.0
4.333333333333333,0.3728731332773064,250.0
11.5,0.1434685699085334,100.0
16.833333333333332,0.05079377887452231,100.0
10.833333333333334,0.13856063364097612,250.0
18.833333333333332,0.038281454303918716,100.0
5.5,0.3633137677653886,250.0
18.0,0.04044313050533814,10.0
17.833333333333332,0.03493673452013549,10.0
16.666666666666668,0.047165376305761945,60.0
15.666666666666666,0.05702223726154347,100.0
21.833333333333332,0.027779882522130234,10.0
18.833333333333332,0.03618362499747828,10.0
20.333333333333332,0.03389339930229756,10.0
15.833333333333334,0.059133910340997624,100.0
10.833333333333334,0.13856063364097612,250.0
16.166666666666668,0.04695078141678287,10.0
15.666666666666666,0.059181825498490825,250.0
1.6666666666666667,0.5376516181455946,250.0
20.5,0.030859281657317376,10.0
14.333333333333334,0.07363813247592857,250.0
2.6666666666666665,0.6511506830657608,100.0
0.5,1.0,250.0
18.5,0.04557535077443271,10.0
11.833333333333334,0.10424327987020457,100.0
12.333333333333334,0.10246258766764321,100.0
17.833333333333332,0.03493673452013549,10.0
1.1666666666666667,0.4191622444281786,250.0
15.666666666666666,0.05702223726154347,100.0
23.166666666666668,0.02984694158917987,10.0
17.166666666666668,0.04263863758701437,250.0
4.333333333333333,0.4666547071728401,250.0
0.5,1.0,250.0
0.8333333333333334,0.5760399228086747,250.0
19.5,0.03769797832604519,10.0
5.0,0.3574636356672241,250.0
17.5,0.040855758333190224,100.0
15.5,0.054334174171549406,100.0
3.3333333333333335,0.5245700198275344,250.0
17.333333333333332,0.042496770997291725,10.0
17.833333333333332,0.039958787725872844,100.0
0.16666666666666666,1.0,250.0
6.833333333333333,0.330861371025336,250.0
16.166666666666668,0.062071355373847434,250.0
3.0,0.44107850761916845,250.0
13.833333333333334,0.073230809180362,250.0
0.3333333333333333,1.0,250.0
14.666666666666666,0.06344837602071843,10.0
11.666666666666666,0.1355812163495322,250.0
9.333333333333334,0.18188650372127044,250.0
15.833333333333334,0.05994857517351959,10.0
19.5,0.03566154034028933,10.0
21.5,0.028958339747844185,10.0
19.0,0.03354277165310104,10.0
5.666666666666667,0.3931459456221748,250.0
21.5,0.03165122218420438,10.0
19.333333333333332,0.03677912909456766,10.0
20.5,0.030997472471607633,10.0
16.833333333333332,0.05247213748211201,100.0
18.0,0.04021845509857745,10.0
6.333333333333333,0.252981709309237,250.0
16.333333333333332,0.052042690324354636,100.0
20.666666666666668,0.03407658833803815,10.0
0.16666666666666666,1.0,250.0
19.0,0.03354277165310104,10.0
20.666666666666668,0.02775561993611832,10.0
6.833333333333333,0.330861371025336,250.0
0.16666666666666666,1.0,250.0
11.166666666666666,0.1447339439331995,250.0
21.0,0.030203119907269614,10.0
18.0,0.04021845509857745,10.0
20.5,0.030997472471607633,10.0
15.166666666666666,0.06579972246050783,250.0
11.833333333333334,0.09907066861772366,250.0
20.666666666666668,0.02775561993611832,10.0
13.833333333333334,0.08439010620726815,100.0
13.833333333333334,0.0806071317599015,100.0
16.833333333333332,0.04517869147759983,100.0
5.666666666666667,0.3931459456221748,250.0
1.5,0.6961577703164133,250.0
17.5,0.044393407660638706,100.0
0.16666666666666666,1.0,250.0
17.5,0.044393407660638706,100.0
17.833333333333332,0.04108212838173727,100.0
19.333333333333332,0.03677912909456766,10.0
16.333333333333332,0.04851266704180373,100.0
13.166666666666666,0.09056926616797298,10.0
20.666666666666668,0.032665313378579856,10.0
20.166666666666668,0.028432582422687213,10.0
15.666666666666666,0.05731760175170568,100.0
18.833333333333332,0.03535050213052243,100.0
17.5,0.040855758333190224,100.0
14.0,0.06647066946505796,100.0
14.666666666666666,0.06440296930549368,10.0
17.333333333333332,0.04364902743835696,250.0
17.333333333333332,0.05210331766199394,10.0
15.833333333333334,0.05640514873830251,100.0
15.833333333333334,0.05994857517351959,10.0
5.666666666666667,0.3931459456221748,250.0
17.833333333333332,0.04108212838173727,100.0
12.666666666666666,0.08570096214708532,100.0
0.16666666666666666,1.0,250.0
17.833333333333332,0.04392989137813239,100.0
2.5,0.612139754254397,100.0
19.333333333333332,0.03677912909456766,10.0
11.0,0.12411469174898003,100.0
14.666666666666666,0.06344837602071843,10.0
12.666666666666666,0.0915400249879455,100.0
6.333333333333333,0.252981709309237,250.0
3.0,0.44107850761916845,250.0
10.833333333333334,0.12735518551710193,100.0
20.666666666666668,0.028731755164435567,10.0
17.666666666666668,0.0456145130391653,100.0
12.666666666666666,0.10195222944272117,250.0
17.5,0.052280510831922644,10.0
17.833333333333332,0.04392989137813239,100.0
0.5,1.0,100.0
15.833333333333334,0.05480065712231046,10.0
18.333333333333332,0.04330857379147363,100.0
15.833333333333334,0.055640638622151996,100.0
19.166666666666668,0.03654570944369401,10.0
17.333333333333332,0.05210331766199394,10.0
14.666666666666666,0.06997279435407477,10.0
17.5,0.052280510831922644,10.0
13.833333333333334,0.073230809180362,250.0
14.666666666666666,0.06997279435407477,10.0
16.333333333333332,0.052042690324354636,100.0
15.833333333333334,0.05994857517351959,10.0
4.0,0.44677610874305845,250.0
21.5,0.03165122218420438,10.0
21.0,0.030203119907269614,10.0
18.166666666666668,0.039082004296295034,10.0
12.666666666666666,0.0915400249879455,100.0
11.333333333333334,0.12123466618033205,250.0
14.5,0.05999457501021016,100.0
17.166666666666668,0.04244447038114342,10.0
12.166666666666666,0.11919222234455962,100.0
13.166666666666666,0.08793292019611984,100.0
17.166666666666668,0.0502771207136036,100.0
8.0,0.22784454166824805,250.0
1.5,0.8930348287560445,250.0
16.833333333333332,0.05042565606712886,100.0
18.166666666666668,0.039163167138316204,100.0
18.333333333333332,0.03797376683672374,100.0
19.0,0.03626940512743298,10.0
20.5,0.029679724305256377,100.0
19.5,0.03807158557228799,10.0
2.3333333333333335,0.5585101196243962,100.0
16.0,0.05288040339631641,100.0
13.5,0.09345281814222797,250.0
15.333333333333334,0.05573400812760837,100.0
20.166666666666668,0.031963572383708505,10.0
16.833333333333332,0.04760676032832162,100.0
14.333333333333334,0.06901319072639324,100.0
5.833333333333333,0.32340766418498457,100.0
4.833333333333333,0.43150420275336104,250.0
17.833333333333332,0.04269142807153645,10.0
13.666666666666666,0.06875115535446964,100.0
11.5,0.12171292330337734,10.0
13.333333333333334,0.09227792219697425,10.0
14.0,0.07471682892430301,10.0
21.0,0.028885921296512816,10.0
16.166666666666668,0.053381675687241864,250.0
20.5,0.029679724305256377,100.0
6.666666666666667,0.2932179755532102,250.0
16.833333333333332,0.04760676032832162,100.0
18.166666666666668,0.04177035467291484,10.0
13.0,0.0945353626951648,100.0
20.666666666666668,0.030716443155562802,10.0
11.0,0.14653431317414,100.0
16.5,0.04903369834547907,10.0
16.0,0.05726125679533082,10.0
17.333333333333332,0.046881659393237296,100.0
20.0,0.02990492304524627,100.0
20.166666666666668,0.0328986570664688,10.0
9.833333333333334,0.16786426053311854,250.0
20.166666666666668,0.03339843649390302,10.0
4.5,0.36716666328925807,250.0
8.333333333333334,0.236493550363637,100.0
14.166666666666666,0.07285529364842384,250.0
4.0,0.31696257874568506,250.0
0.16666666666666666,1.0,100.0
11.0,0.14653431317414,100.0
18.333333333333332,0.03797376683672374,100.0
5.833333333333333,0.29954501682462387,250.0
19.0,0.03600462575195777,10.0
19.5,0.03807158557228799,10.0
0.8333333333333334,0.7145710881331604,250.0
11.333333333333334,0.12661350603636753,100.0
19.333333333333332,0.032338854439892865,10.0
7.333333333333333,0.2847725261228741,250.0
11.0,0.12169438915354705,250.0
20.5,0.029679724305256377,100.0
8.333333333333334,0.24263030744098124,250.0
17.833333333333332,0.043583012579940766,10.0
17.5,0.044306166414487515,10.0
13.333333333333334,0.09227792219697425,10.0
17.5,0.044306166414487515,10.0
7.333333333333333,0.2847725261228741,250.0
21.833333333333332,0.030480832564860515,10.0
19.166666666666668,0.03973566110988093,10.0
21.0,0.028885921296512816,10.0
0.16666666666666666,1.0,250.0
19.666666666666668,0.04078747974173792,10.0
17.833333333333332,0.04269142807153645,10.0
16.0,0.055185851726950105,100.0
21.833333333333332,0.030480832564860515,10.0
13.333333333333334,0.09227792219697425,10.0
6.833333333333333,0.27526727696839054,100.0
17.5,0.038834059352723695,10.0
22.333333333333332,0.027655255073025332,10.0
20.5,0.029258538448166952,10.0
5.833333333333333,0.29954501682462387,250.0
14.0,0.06766271645940938,100.0
17.833333333333332,0.0429346501963146,100.0
3.8333333333333335,0.36458611788035655,100.0
20.5,0.029258538448166952,10.0
6.833333333333333,0.27526727696839054,100.0
0.3333333333333333,1.0,250.0
18.0,0.03604512200803671,10.0
16.5,0.053563832821552235,100.0
0.6666666666666666,1.0,250.0
21.0,0.028885921296512816,10.0
14.5,0.05999457501021016,100.0
15.333333333333334,0.05893080141028449,250.0
11.166666666666666,0.10938379048428802,100.0
4.833333333333333,0.43150420275336104,250.0
10.666666666666666,0.11778491142472579,250.0
20.166666666666668,0.03237829943397086,10.0
15.0,0.05748702018242015,100.0
18.5,0.040840258054403035,100.0
8.0,0.22784454166824805,250.0
6.833333333333333,0.27526727696839054,100.0
17.166666666666668,0.04457726596670554,10.0
19.666666666666668,0.03289867420194336,10.0
6.666666666666667,0.3108408912179155,250.0
17.5,0.046904426470671036,10.0
20.166666666666668,0.0302489992303816,10.0
1.5,1.256750967538385,250.0
18.166666666666668,0.04046834560030756,250.0
4.166666666666667,0.4518808217112437,250.0
20.5,0.036363314660793664,10.0
12.666666666666666,0.07612492984434929,100.0
7.0,0.2439841641766432,250.0
5.833333333333333,0.2896213029369197,250.0
17.5,0.042733545202991836,100.0
21.833333333333332,0.030023643650629945,10.0
9.166666666666666,0.19151088496382057,10.0
12.166666666666666,0.10572860217586537,100.0
11.833333333333334,0.1190763520370072,250.0
6.666666666666667,0.3108408912179155,250.0
10.5,0.16969184225535094,100.0
16.833333333333332,0.05217928778000794,100.0
22.333333333333332,0.02740525264246776,10.0
16.833333333333332,0.04525938002116081,10.0
12.166666666666666,0.1073184236439638,250.0
12.0,0.10553981049537234,250.0
12.166666666666666,0.1073184236439638,250.0
15.666666666666666,0.06093252384966773,250.0
19.0,0.03568136145157371,10.0
18.666666666666668,0.03402717553865797,10.0
18.5,0.04072473695842375,10.0
12.833333333333334,0.08809837963415428,100.0
3.0,0.6811709542171196,100.0
9.333333333333334,0.1746629259942319,250.0
11.333333333333334,0.12917463776450103,100.0
15.666666666666666,0.06093252384966773,250.0
7.166666666666667,0.24360406288925848,100.0
19.0,0.03803058363542743,10.0
17.833333333333332,0.047472266945357465,10.0
17.833333333333332,0.047472266945357465,10.0
19.0,0.03568136145157371,10.0
8.333333333333334,0.20308992173602292,100.0
15.833333333333334,0.05884104364823717,100.0
17.166666666666668,0.04396795620543538,100.0
12.166666666666666,0.10572860217586537,100.0
16.166666666666668,0.05134755873202977,100.0
19.833333333333332,0.034189741826886146,100.0
15.0,0.05935054467289355,10.0
19.666666666666668,0.034601530955382875,10.0
21.666666666666668,0.02782995142695943,10.0
8.0,0.20580967994427987,10.0
14.166666666666666,0.07384649507522623,100.0
21.333333333333332,0.028129104070706103,10.0
8.0,0.20580967994427987,10.0
13.333333333333334,0.09998730553628941,100.0
16.5,0.052858060656797164,100.0
12.666666666666666,0.09134973139286831,100.0
8.666666666666666,0.18223542202707174,250.0
18.166666666666668,0.04045538201193879,100.0
2.8333333333333335,0.43344155423468783,250.0
10.5,0.16969184225535094,100.0
19.666666666666668,0.03257747255893231,10.0
3.5,0.5022398985781048,250.0
17.0,0.04414060808024377,10.0
18.833333333333332,0.0358336885043328,10.0
20.166666666666668,0.030422282666059317,10.0
14.666666666666666,0.0716145537455339,250.0
9.333333333333334,0.1746629259942319,250.0
6.666666666666667,0.3108408912179155,250.0
18.166666666666668,0.03616763746694292,60.0
5.166666666666667,0.3696468043791112,100.0
17.833333333333332,0.03494004843137631,10.0
17.166666666666668,0.05008105286807347,100.0
15.666666666666666,0.06093252384966773,250.0
20.5,0.036363314660793664,10.0
19.0,0.03735288603666171,10.0
18.166666666666668,0.04045538201193879,100.0
5.333333333333333,0.33971949573000415,250.0
14.166666666666666,0.07384649507522623,100.0
19.5,0.03182591368417986,100.0
15.0,0.05359287596519594,100.0
12.666666666666666,0.10695507220186576,250.0
3.5,0.5022398985781048,250.0
14.666666666666666,0.07644798127338077,10.0
0.16666666666666666,1.0,250.0
15.833333333333334,0.05884104364823717,100.0
15.0,0.056987298849015655,10.0
17.666666666666668,0.04224699644291037,250.0
8.666666666666666,0.18223542202707174,250.0
14.666666666666666,0.07644798127338077,10.0
18.333333333333332,0.038907245298345314,10.0
19.5,0.03182591368417986,100.0
14.833333333333334,0.06027890083105806,100.0
20.166666666666668,0.031854929086998725,10.0
3.5,0.5022398985781048,250.0
13.333333333333334,0.09998730553628941,100.0
15.833333333333334,0.05884104364823717,100.0
19.333333333333332,0.028460944986477926,100.0
16.333333333333332,0.05184779360995098,100.0
21.0,0.030211874549922017,10.0
20.0,0.033353327146102785,100.0
15.166666666666666,0.0698845655437868,250.0
18.5,0.03825158798240995,100.0
0.3333333333333333,1.0,250.0
17.666666666666668,0.042473502946643295,10.0
15.166666666666666,0.0646309549122569,10.0
17.5,0.04319578856892985,100.0
0.6666666666666666,1.0,250.0
15.166666666666666,0.06996887811250083,100.0
19.333333333333332,0.03222965524957412,10.0
14.0,0.08304399657247105,100.0
6.5,0.2952769851990045,250.0
16.5,0.04911791043063597,10.0
17.0,0.0405788978739888,60.0
13.5,0.09394181843072343,100.0
8.166666666666666,0.25844783907415836,250.0
0.16666666666666666,1.0,100.0
14.833333333333334,0.07112606245761847,100.0
12.333333333333334,0.11280816840971732,250.0
15.166666666666666,0.06716448093957018,100.0
16.833333333333332,0.050577397645662964,10.0
16.333333333333332,0.043617327810179414,100.0
16.666666666666668,0.052089896141614335,250.0
12.0,0.10564002731448163,250.0
13.833333333333334,0.07449176005230848,250.0
18.166666666666668,0.04127975773052644,100.0
1.8333333333333333,0.7275437059606209,250.0
17.666666666666668,0.0383080250346425,10.0
15.333333333333334,0.06377698971450449,250.0
13.833333333333334,0.07449176005230848,250.0
8.0,0.22921425536213805,250.0
11.333333333333334,0.12182391041022449,100.0
17.5,0.04319578856892985,100.0
16.666666666666668,0.052089896141614335,250.0
14.5,0.06809719961256713,100.0
20.0,0.03549725403904821,10.0
18.5,0.037105744909715285,10.0
17.666666666666668,0.04427396424145536,10.0
14.666666666666666,0.06971473163237558,100.0
0.3333333333333333,1.0,250.0
12.166666666666666,0.1251682206262501,100.0
15.166666666666666,0.06996887811250083,100.0
15.166666666666666,0.06716448093957018,100.0
1.0,0.4020333707756221,250.0
12.166666666666666,0.1251682206262501,100.0
13.5,0.08136580701092629,10.0
16.333333333333332,0.05090126941447556,100.0
16.833333333333332,0.050004892608807534,100.0
12.0,0.10564002731448163,250.0
19.166666666666668,0.03209244368905806,10.0
15.333333333333334,0.059438205916336855,100.0
13.5,0.09394181843072343,100.0
0.5,1.0,250.0
19.0,0.039045362842638966,10.0
8.5,0.19190562364965255,100.0
14.833333333333334,0.07112606245761847,100.0
15.166666666666666,0.061503354813027614,10.0
5.5,0.4805788601044948,250.0
0.16666666666666666,1.0,100.0
6.5,0.3167699728141296,250.0
20.333333333333332,0.029282411247898415,10.0
20.666666666666668,0.03216869565909829,10.0
15.0,0.06363438589977949,100.0
15.0,0.06814281064064136,100.0
13.833333333333334,0.07904025869595759,250.0
17.833333333333332,0.05159705850595029,100.0
1.0,0.7441240891170732,250.0
2.8333333333333335,0.5688314691142262,250.0
10.166666666666666,0.18472694879252533,250.0
8.833333333333334,0.1860934480521723,250.0
12.333333333333334,0.10662005238951157,250.0
13.0,0.09375378826464152,10.0
17.833333333333332,0.044459667520579976,10.0
2.8333333333333335,0.5688314691142262,250.0
5.666666666666667,0.36652209934479313,250.0
13.0,0.09375378826464152,10.0
13.0,0.10559518131713769,100.0
12.333333333333334,0.11280816840971732,250.0
14.5,0.06809719961256713,100.0
12.0,0.10564002731448163,250.0
18.166666666666668,0.03632708753393837,10.0
16.833333333333332,0.050577397645662964,10.0
17.166666666666668,0.04705978999568437,10.0
17.666666666666668,0.03939882706802399,100.0
19.333333333333332,0.035094595095476425,10.0
9.0,0.1801437287884871,250.0
10.166666666666666,0.18472694879252533,250.0
15.0,0.06363438589977949,100.0
10.5,0.15131353447171533,250.0
18.0,0.04332222793927408,100.0
12.5,0.08908884133183527,100.0
13.833333333333334,0.07449176005230848,250.0
15.333333333333334,0.059438205916336855,100.0
16.833333333333332,0.050004892608807534,100.0
20.333333333333332,0.029282411247898415,10.0
12.0,0.11084552524403664,250.0
18.166666666666668,0.04127975773052644,100.0
17.833333333333332,0.05159705850595029,100.0
19.166666666666668,0.03209244368905806,10.0
18.0,0.04332222793927408,100.0
1.1666666666666667,0.5314766176330739,250.0
16.833333333333332,0.047558093595204895,10.0
3.6666666666666665,0.4144934122399011,100.0
18.166666666666668,0.04693166970721557,100.0
4.333333333333333,0.3830006760386841,250.0
0.6666666666666666,1.0,100.0
17.0,0.043774660239950754,100.0
15.666666666666666,0.05356451374579618,60.0
6.833333333333333,0.23058325925283815,250.0
0.5,1.0,10.0
16.833333333333332,0.04677040662985414,100.0
0.16666666666666666,1.0,250.0
13.0,0.09426250493924997,10.0
11.166666666666666,0.1435502274143863,100.0
8.0,0.22879849852254872,250.0
19.5,0.0350548692368431,10.0
12.666666666666666,0.11124299861914935,250.0
19.666666666666668,0.03184871012100063,10.0
17.333333333333332,0.04592830032796516,100.0
8.833333333333334,0.19102347255119126,100.0
18.166666666666668,0.033203346406067216,10.0
17.0,0.04682992161898718,100.0
8.166666666666666,0.25555236426652944,250.0
15.833333333333334,0.059383153165962786,10.0
17.0,0.04892097352683482,10.0
17.666666666666668,0.03856988295465435,100.0
16.833333333333332,0.04809911296429721,10.0
16.833333333333332,0.04809911296429721,10.0
19.0,0.033218558967964225,10.0
5.666666666666667,0.3610396663577872,250.0
12.833333333333334,0.09180060576690705,250.0
18.166666666666668,0.04693166970721557,100.0
19.666666666666668,0.034046832616732234,10.0
19.5,0.0350548692368431,10.0
13.5,0.08851683255289938,100.0
16.833333333333332,0.05417601402047458,100.0
18.166666666666668,0.04693166970721557,100.0
17.0,0.04434725196866114,100.0
10.5,0.15881342496781117,250.0
0.5,1.0,250.0
9.0,0.21240712461762107,100.0
17.333333333333332,0.04022773820866308,10.0
18.333333333333332,0.03945436933343021,100.0
16.833333333333332,0.05417601402047458,100.0
7.5,0.2532951501260368,250.0
20.166666666666668,0.032405643240819966,10.0
18.333333333333332,0.039895368773279,100.0
18.833333333333332,0.034951078497558595,10.0
20.0,0.03447905183859178,10.0
15.5,0.06410991869470854,100.0
1.5,0.4396327625365564,250.0
15.166666666666666,0.054524787563974664,10.0
18.166666666666668,0.033203346406067216,10.0
16.833333333333332,0.04677040662985414,100.0
10.666666666666666,0.16251618592212083,100.0
13.5,0.08851683255289938,100.0
15.166666666666666,0.07221858543269825,250.0
17.666666666666668,0.03856988295465435,100.0
15.166666666666666,0.061214690163360286,100.0
21.333333333333332,0.03175545129733959,10.0
14.0,0.06572068254156997,250.0
20.0,0.03447905183859178,10.0
13.666666666666666,0.07714001488363002,100.0
16.5,0.05084833746291221,100.0
17.0,0.043774660239950754,100.0
0.16666666666666666,1.0,250.0
11.666666666666666,0.10820374407797521,10.0
13.333333333333334,0.09521753386421984,100.0
18.333333333333332,0.0348824301205657,10.0
21.0,0.030601755473301087,10.0
16.333333333333332,0.05321929621594221,10.0
20.166666666666668,0.032405643240819966,10.0
15.666666666666666,0.05356451374579618,60.0
18.5,0.040526648665493464,10.0
9.333333333333334,0.18912270867555486,100.0
18.333333333333332,0.038213960875820616,100.0
15.833333333333334,0.06159486631947872,10.0
16.833333333333332,0.047119977734969565,250.0
17.666666666666668,0.040255656191002,10.0
9.0,0.21240712461762107,100.0
18.166666666666668,0.04073051116329984,100.0
19.333333333333332,0.035877202325563316,10.0
13.5,0.08438689470326789,250.0
17.0,0.04754289935514299,250.0
7.5,0.2532951501260368,250.0
19.333333333333332,0.035877202325563316,10.0
11.666666666666666,0.10820374407797521,10.0
18.833333333333332,0.03874582263748515,10.0
9.0,0.21240712461762107,100.0
0.6666666666666666,1.0,250.0
10.833333333333334,0.1503551060703858,250.0
18.333333333333332,0.03987624358539269,10.0
8.166666666666666,0.25555236426652944,250.0
18.666666666666668,0.03746840070215336,10.0
18.333333333333332,0.03438000067905405,100.0
21.0,0.030601755473301087,10.0
12.166666666666666,0.09614476378726981,250.0
18.333333333333332,0.03438000067905405,100.0
17.333333333333332,0.04022773820866308,10.0
18.5,0.040188955582473526,10.0
1.6666666666666667,0.5730461477166362,250.0
20.166666666666668,0.030720713415660777,10.0
11.333333333333334,0.12178921631239231,100.0
17.5,0.04001024943747036,10.0
17.166666666666668,0.04464230750995588,100.0
19.666666666666668,0.03257530664135126,100.0
7.666666666666667,0.23217883658855806,250.0
12.666666666666666,0.09732258791391647,250.0
17.166666666666668,0.04725347378792237,100.0
8.166666666666666,0.23717154930748946,100.0
10.5,0.14127196418368623,250.0
3.0,0.403691682557687,250.0
16.166666666666668,0.05446982026270633,250.0
5.333333333333333,0.4157666866487281,250.0
2.6666666666666665,0.473259898844031,100.0
11.5,0.1394175380645565,100.0
14.666666666666666,0.07540732061209537,100.0
18.833333333333332,0.0365353553622569,10.0
14.0,0.0784102448731375,100.0
13.666666666666666,0.08848769682838986,250.0
16.166666666666668,0.05446982026270633,250.0
17.833333333333332,0.041485196239817716,100.0
17.666666666666668,0.04277041281428751,10.0
15.0,0.061140004012851315,250.0
20.166666666666668,0.03353279824919979,10.0
18.0,0.04028724073429194,100.0
17.0,0.04392828265083169,10.0
19.166666666666668,0.033766544032892754,100.0
12.5,0.10784376296151539,250.0
14.5,0.0822736105595811,250.0
19.166666666666668,0.033766544032892754,100.0
17.166666666666668,0.04464230750995588,100.0
21.5,0.02933407290899104,10.0
8.166666666666666,0.23717154930748946,100.0
19.333333333333332,0.03783592392712239,10.0
22.166666666666668,0.026891424531129905,10.0
16.166666666666668,0.05446982026270633,250.0
21.333333333333332,0.03204792320600351,10.0
19.5,0.032604447728976894,10.0
2.6666666666666665,0.48717063507320746,100.0
9.5,0.1684720686306658,100.0
14.166666666666666,0.07951911962389767,100.0
1.6666666666666667,0.5730461477166362,250.0
20.166666666666668,0.030720713415660777,10.0
4.833333333333333,0.356352809220965,250.0
14.833333333333334,0.07328555183685553,250.0
2.6666666666666665,0.48717063507320746,100.0
20.666666666666668,0.03008756666446172,10.0
8.333333333333334,0.23910504720071607,100.0
17.166666666666668,0.04464230750995588,100.0
16.5,0.04608776504114731,10.0
17.5,0.04988292546075596,100.0
19.166666666666668,0.033766544032892754,100.0
14.166666666666666,0.07777457636605342,250.0
12.166666666666666,0.10555264821563501,100.0
14.333333333333334,0.07837441142671837,100.0
16.166666666666668,0.05446982026270633,250.0
18.333333333333332,0.0421838367575887,100.0
8.166666666666666,0.23717154930748946,100.0
14.166666666666666,0.07951911962389767,100.0
1.5,0.4355999933862424,250.0
21.333333333333332,0.03201826817485582,10.0
18.833333333333332,0.0365353553622569,10.0
17.166666666666668,0.04464230750995588,100.0
12.0,0.09989559690248295,100.0
7.666666666666667,0.23217883658855806,250.0
10.333333333333334,0.14689097319397038,100.0
16.333333333333332,0.04835251517375792,100.0
21.5,0.02933407290899104,10.0
16.5,0.05204936433384939,10.0
19.0,0.03947384965237131,10.0
16.666666666666668,0.04926833559352984,10.0
16.166666666666668,0.057326578626245274,10.0
16.333333333333332,0.04835251517375792,100.0
16.166666666666668,0.057202636493589046,250.0
17.333333333333332,0.047230925238607245,250.0
11.333333333333334,0.12178921631239231,100.0
16.0,0.050005748628180816,100.0
1.0,0.7894360688053328,250.0
15.0,0.06730903358201935,10.0
10.666666666666666,0.1407772502429699,250.0
12.166666666666666,0.10555264821563501,100.0
1.0,0.7894360688053328,250.0
8.333333333333334,0.23910504720071607,100.0
20.5,0.0325850963860213,10.0
18.833333333333332,0.03923204501965256,10.0
16.166666666666668,0.057202636493589046,250.0
15.333333333333334,0.06964260287619418,100.0
14.0,0.06319365835907874,100.0
20.833333333333332,0.0323026284819296,10.0
11.166666666666666,0.12436378849078746,100.0
15.666666666666666,0.05384913023341986,10.0
10.5,0.14127196418368623,250.0
20.166666666666668,0.03105062307690407,10.0
15.666666666666666,0.054949376284133045,100.0
21.0,0.02986653641754854,10.0
16.333333333333332,0.04619235376430434,10.0
10.666666666666666,0.14063553442680243,100.0
16.333333333333332,0.04835251517375792,100.0
14.666666666666666,0.06674340015365285,250.0
16.0,0.061297677275209704,250.0
16.0,0.055535218353062445,100.0
9.666666666666666,0.15568276343030552,250.0
6.0,0.33923948655039926,250.0
15.5,0.05588449421343106,10.0
0.5,1.0,100.0
10.5,0.12538369419569328,250.0
6.0,0.33923948655039926,250.0
15.166666666666666,0.04814247798847276,100.0
14.833333333333334,0.0686647831585337,250.0
13.5,0.09518815530953363,250.0
14.5,0.06467536920675565,250.0
18.833333333333332,0.040682995817194076,10.0
15.5,0.05689521868400116,250.0
0.6666666666666666,1.0,250.0
18.0,0.0334004236455365,10.0
19.666666666666668,0.031863513216931094,10.0
0.6666666666666666,1.0,250.0
0.16666666666666666,1.0,250.0
18.833333333333332,0.03330957140972577,10.0
20.666666666666668,0.025325779555419755,100.0
16.166666666666668,0.05575145478361236,10.0
19.166666666666668,0.03287682852765343,10.0
9.333333333333334,0.1802419076207483,100.0
15.5,0.05694703074359811,10.0
20.666666666666668,0.030838812938247407,10.0
14.166666666666666,0.07014254777955947,10.0
18.333333333333332,0.04069312356890559,100.0
7.166666666666667,0.258748860974476,250.0
7.0,0.23602682155784582,250.0
16.0,0.061297677275209704,250.0
19.166666666666668,0.03287682852765343,10.0
1.6666666666666667,1.2609523687284523,250.0
19.333333333333332,0.03869503539595886,10.0
18.833333333333332,0.040682995817194076,10.0
19.666666666666668,0.031863513216931094,10.0
18.166666666666668,0.03580475079006082,10.0
1.5,0.6605419211995369,250.0
14.833333333333334,0.0686647831585337,250.0
18.166666666666668,0.035773693012609936,10.0
6.0,0.33923948655039926,250.0
19.333333333333332,0.0339775349280379,10.0
16.0,0.0499870121702741,100.0
16.5,0.05224326642768515,100.0
16.0,0.055535218353062445,100.0
1.8333333333333333,0.8004124631032749,100.0
21.833333333333332,0.027379395717379892,10.0
16.0,0.058213161382658495,250.0
16.166666666666668,0.048073437169001684,10.0
18.5,0.03506766603767426,100.0
16.0,0.061297677275209704,250.0
19.666666666666668,0.031863513216931094,10.0
17.833333333333332,0.04029164286218481,10.0
17.166666666666668,0.044568409648007096,100.0
18.333333333333332,0.03975564369876003,10.0
11.666666666666666,0.10068290709917971,250.0
16.833333333333332,0.0422988897072588,10.0
16.833333333333332,0.0422988897072588,10.0
13.5,0.08550743169320003,250.0
17.0,0.04662338493503766,100.0
16.833333333333332,0.0422988897072588,10.0
17.666666666666668,0.04105814518491728,10.0
6.166666666666667,0.2865667377824775,250.0
18.833333333333332,0.03641195515150386,10.0
14.0,0.05870680141667703,250.0
8.166666666666666,0.16229024221888577,250.0
21.833333333333332,0.027379395717379892,10.0
16.166666666666668,0.048073437169001684,10.0
18.5,0.03506766603767426,100.0
20.5,0.03320847783816843,10.0
20.666666666666668,0.025325779555419755,100.0
17.166666666666668,0.042366299057118494,100.0
0.6666666666666666,1.0,250.0
11.333333333333334,0.12658425554503738,250.0
20.333333333333332,0.03330974285618595,10.0
16.0,0.058213161382658495,250.0
15.333333333333334,0.056021024008114345,100.0
14.166666666666666,0.07014254777955947,10.0
18.333333333333332,0.033997186403964964,10.0
6.166666666666667,0.2865667377824775,250.0
9.666666666666666,0.15568276343030552,250.0
11.333333333333334,0.12658425554503738,250.0
0.5,1.0,100.0
17.833333333333332,0.04029164286218481,10.0
15.833333333333334,0.0633697654168767,100.0
17.333333333333332,0.042313004264088024,10.0
11.666666666666666,0.11526881745315823,250.0
9.5,0.20800999325477035,250.0
18.5,0.03910227995967006,10.0
16.166666666666668,0.05575145478361236,10.0
0.16666666666666666,1.0,250.0
15.333333333333334,0.05724720040233031,100.0
0.16666666666666666,1.0,250.0
16.166666666666668,0.05303872379659236,10.0
15.166666666666666,0.06070620590530767,100.0
16.0,0.055535218353062445,100.0
17.833333333333332,0.04029761770947609,10.0
8.5,0.2477090623676088,250.0
18.166666666666668,0.03818555572532545,10.0
20.0,0.03406567467566377,10.0
18.833333333333332,0.03633475878325346,10.0
10.333333333333334,0.15302700991996912,100.0
7.833333333333333,0.21554993753868265,250.0
9.833333333333334,0.17768067495114412,250.0
17.0,0.04677744437522451,100.0
9.0,0.18034574426773337,250.0
14.833333333333334,0.06435133548124705,100.0
16.666666666666668,0.05621022906758384,100.0
16.0,0.05171676709558059,10.0
9.0,0.18034574426773337,250.0
18.833333333333332,0.03948030715659136,10.0
11.333333333333334,0.12299680825765912,100.0
17.833333333333332,0.043647874117733604,10.0
20.166666666666668,0.03071277186498917,10.0
16.833333333333332,0.04706650695078936,100.0
19.0,0.03609703974771247,10.0
2.3333333333333335,0.5715883512517859,250.0
14.333333333333334,0.0705171336643508,100.0
11.0,0.12529755341205645,100.0
15.0,0.06205219260415986,100.0
19.0,0.037672449202305044,10.0
18.333333333333332,0.03755502398367351,100.0
18.5,0.03828170758117628,10.0
20.166666666666668,0.03586429819285823,10.0
18.0,0.04417652198164753,100.0
18.166666666666668,0.04036113720578733,10.0
17.333333333333332,0.04071192230101211,100.0
13.333333333333334,0.08055626236025076,100.0
13.333333333333334,0.09512097444537658,100.0
16.666666666666668,0.04462370769373368,100.0
19.0,0.037672449202305044,10.0
18.833333333333332,0.03860414412682777,10.0
6.833333333333333,0.3080082564656416,100.0
15.833333333333334,0.05509561136236975,250.0
15.666666666666666,0.05090992282643947,100.0
21.666666666666668,0.032246553635489804,10.0
18.0,0.04158032202012583,10.0
13.333333333333334,0.09512097444537658,100.0
16.0,0.056294696659307836,100.0
10.833333333333334,0.1366200593190249,250.0
19.833333333333332,0.03740764585350847,10.0
20.166666666666668,0.03586429819285823,10.0
9.666666666666666,0.16597385613915908,100.0
14.0,0.07620041308427025,100.0
18.0,0.03834033909172799,10.0
18.333333333333332,0.03755502398367351,100.0
1.8333333333333333,0.598815151704092,250.0
13.0,0.0763476710434771,250.0
1.8333333333333333,0.598815151704092,250.0
10.166666666666666,0.14132495169410034,100.0
17.333333333333332,0.04323975345661533,10.0
18.5,0.041829641472927816,10.0
8.833333333333334,0.1892676073206268,100.0
12.5,0.10771236502753598,250.0
12.833333333333334,0.09537559529043613,100.0
12.833333333333334,0.09537559529043613,100.0
13.333333333333334,0.08055626236025076,100.0
16.833333333333332,0.04754962460362148,100.0
20.166666666666668,0.03071277186498917,10.0
15.833333333333334,0.052025335358339524,100.0
9.0,0.18034574426773337,250.0
20.333333333333332,0.03214757896271279,10.0
18.833333333333332,0.03860414412682777,10.0
19.166666666666668,0.035112344882201364,100.0
17.833333333333332,0.043523811596911724,100.0
11.333333333333334,0.12299680825765912,100.0
16.666666666666668,0.05621022906758384,100.0
9.666666666666666,0.17501964927046548,100.0
18.5,0.03828170758117628,10.0
19.333333333333332,0.033605302908604855,10.0
20.333333333333332,0.03214757896271279,10.0
18.333333333333332,0.04483025521060199,10.0
18.0,0.04290107115702485,100.0
19.0,0.03399119256912748,10.0
13.666666666666666,0.08678607854511955,250.0
13.333333333333334,0.08055626236025076,100.0
7.833333333333333,0.21554993753868265,250.0
16.666666666666668,0.04462370769373368,100.0
0.8333333333333334,1.0147293480206367,250.0
0.8333333333333334,1.0147293480206367,250.0
19.0,0.03399119256912748,10.0
0.16666666666666666,1.0,100.0
15.833333333333334,0.05509561136236975,250.0
20.666666666666668,0.029904997449621645,10.0
8.166666666666666,0.2286021297501574,250.0
16.166666666666668,0.053264567790239636,10.0
11.833333333333334,0.10773659890005954,250.0
0.16666666666666666,1.0,100.0
20.166666666666668,0.03071277186498917,10.0
18.5,0.041829641472927816,10.0
17.666666666666668,0.04155257909464746,10.0
12.5,0.10771236502753598,250.0
19.0,0.03399119256912748,10.0
17.333333333333332,0.04323975345661533,10.0
20.333333333333332,0.03214757896271279,10.0
17.166666666666668,0.04468849622863789,10.0
16.166666666666668,0.053264567790239636,10.0
17.5,0.04397849747063735,10.0
10.333333333333334,0.1498472061712669,100.0
14.666666666666666,0.06625793976890061,100.0
9.0,0.17939317595391333,250.0
9.333333333333334,0.2174748623323424,250.0
18.5,0.03565504759423534,10.0
19.833333333333332,0.032143573663094206,10.0
19.166666666666668,0.03824057971891445,250.0
16.833333333333332,0.04452785948222764,100.0
15.666666666666666,0.05373132405990056,250.0
19.833333333333332,0.0350700353916677,10.0
13.333333333333334,0.0904418200850723,250.0
15.0,0.05911034179180804,250.0
14.333333333333334,0.06868315567820964,10.0
12.666666666666666,0.10771623643760364,250.0
20.5,0.031010742805486508,10.0
14.0,0.06838435916314146,10.0
13.166666666666666,0.0907963934534003,10.0
14.833333333333334,0.06098859812862538,10.0
19.833333333333332,0.032731743247635274,10.0
16.0,0.05753612325870078,100.0
11.666666666666666,0.11802259430080161,100.0
14.0,0.06838435916314146,10.0
18.166666666666668,0.04739833649413843,250.0
14.833333333333334,0.05968218475541361,100.0
0.3333333333333333,1.0,100.0
18.333333333333332,0.03964345569735877,100.0
11.666666666666666,0.11802259430080161,100.0
6.333333333333333,0.2715119246262072,10.0
11.833333333333334,0.10154988097062137,10.0
16.0,0.05753612325870078,100.0
21.833333333333332,0.02916150198851322,10.0
17.666666666666668,0.042767594157068115,100.0
16.833333333333332,0.04452785948222764,100.0
12.666666666666666,0.10771623643760364,250.0
19.666666666666668,0.030984334134870544,10.0
9.666666666666666,0.15920325087634207,250.0
16.0,0.05275206277105587,250.0
19.833333333333332,0.032731743247635274,10.0
13.333333333333334,0.0904418200850723,250.0
15.333333333333334,0.05576072356027072,100.0
20.666666666666668,0.03014140969820843,10.0
19.666666666666668,0.030984334134870544,10.0
21.0,0.02988699103465394,10.0
3.8333333333333335,0.5819283319111938,250.0
0.3333333333333333,1.0,100.0
16.0,0.05753612325870078,100.0
18.333333333333332,0.03922237797687025,10.0
20.666666666666668,0.03014140969820843,10.0
18.333333333333332,0.03964345569735877,100.0
20.5,0.034794863060727085,10.0
1.3333333333333333,0.6573772687717343,250.0
21.5,0.026721513466755376,10.0
19.0,0.03875664848982865,100.0
12.5,0.10027112752823239,100.0
20.5,0.0337111153931854,10.0
19.166666666666668,0.035471715687088186,100.0
13.166666666666666,0.09137816623656606,250.0
0.5,1.0,250.0
20.166666666666668,0.034337188711592435,100.0
13.833333333333334,0.08245756910337887,250.0
17.0,0.043477050973636695,100.0
18.166666666666668,0.04395110989609478,10.0
15.333333333333334,0.06841036598028931,250.0
19.166666666666668,0.03824057971891445,250.0
20.5,0.03123085825071027,10.0
14.0,0.08473217969333185,250.0
21.833333333333332,0.02916150198851322,10.0
0.5,1.0,250.0
13.5,0.0981990224108147,100.0
22.0,0.031223711716620237,10.0
18.0,0.03952829555883735,100.0
21.0,0.02988699103465394,10.0
14.833333333333334,0.06098859812862538,10.0
19.833333333333332,0.0350700353916677,10.0
21.833333333333332,0.02916150198851322,10.0
15.333333333333334,0.06841036598028931,250.0
19.833333333333332,0.03437511438751622,10.0
15.333333333333334,0.06428204803778252,100.0
12.0,0.10192527879719722,10.0
20.666666666666668,0.030476502169900388,10.0
19.166666666666668,0.035471715687088186,100.0
9.333333333333334,0.1508310715237808,250.0
20.0,0.034368385496437885,100.0
10.666666666666666,0.13222756655466328,100.0
16.0,0.05522484035508872,100.0
17.5,0.04553397408528905,10.0
20.0,0.034368385496437885,100.0
19.0,0.0341670716947574,60.0
13.0,0.0950160737376859,100.0
14.333333333333334,0.06868315567820964,10.0
0.8333333333333334,1.0879669015884248,250.0
19.833333333333332,0.032731743247635274,10.0
15.333333333333334,0.06428204803778252,100.0
21.833333333333332,0.03096224730169566,10.0
15.333333333333334,0.06428204803778252,100.0
20.0,0.02993316408324368,10.0
19.5,0.03705935793047348,100.0
18.166666666666668,0.03575463861270687,10.0
18.0,0.04031768062687253,10.0
9.333333333333334,0.2174748623323424,250.0
19.0,0.03861871266683801,100.0
19.166666666666668,0.036778479638123564,10.0
4.666666666666667,0.3371896052927896,250.0
19.333333333333332,0.03724897147618799,10.0
19.166666666666668,0.03722929754686669,10.0
13.833333333333334,0.07241554091493208,100.0
19.833333333333332,0.03728211797058741,10.0
0.16666666666666666,1.0,250.0
0.5,1.0,250.0
18.5,0.03783140621191769,100.0
15.666666666666666,0.06122957556991715,10.0
19.166666666666668,0.03258870604936119,10.0
20.333333333333332,0.03133831405540283,10.0
1.0,0.8372483317084883,10.0
15.333333333333334,0.05071738956009767,10.0
14.833333333333334,0.06074232750017901,100.0
18.666666666666668,0.03635476873223668,10.0
18.833333333333332,0.034692177795974166,10.0
12.166666666666666,0.12364760858872753,100.0
15.166666666666666,0.06276265215599734,100.0
11.833333333333334,0.11790317404098571,100.0
17.666666666666668,0.03960494127670135,10.0
17.5,0.04495854991837403,10.0
6.5,0.3445944453047277,250.0
17.833333333333332,0.04014835118812664,100.0
14.0,0.07174546477156137,250.0
1.0,0.9606735958105135,250.0
15.0,0.054169757725645196,10.0
0.16666666666666666,1.0,250.0
0.3333333333333333,1.0,250.0
1.3333333333333333,0.7347748270880137,250.0
12.0,0.09433353309703557,250.0
5.5,0.26262393646550797,100.0
20.5,0.030098517627743432,10.0
10.333333333333334,0.1489005432077853,100.0
2.0,0.46853583253947234,250.0
18.666666666666668,0.03635476873223668,10.0
3.8333333333333335,0.3407229839084072,250.0
17.833333333333332,0.03775271311543413,10.0
11.5,0.12829379101757846,250.0
18.333333333333332,0.03949026354522716,10.0
2.5,0.8009164974576205,100.0
14.833333333333334,0.06361845360900786,100.0
17.833333333333332,0.03775404396162017,10.0
3.5,0.4263266782721465,250.0
9.333333333333334,0.19587464738200522,250.0
6.833333333333333,0.2508318100073543,250.0
3.6666666666666665,0.49539119146829314,250.0
9.333333333333334,0.22688073730079147,100.0
17.666666666666668,0.04264918929935061,10.0
8.833333333333334,0.22239420094143975,250.0
10.333333333333334,0.1489005432077853,100.0
0.3333333333333333,1.0,250.0
16.833333333333332,0.045885060362607484,10.0
16.833333333333332,0.045885060362607484,10.0
18.333333333333332,0.03949026354522716,10.0
15.666666666666666,0.051029342965364065,100.0
8.833333333333334,0.19140361485654847,100.0
18.5,0.0378391812301575,10.0
9.0,0.1773018684171056,100.0
15.166666666666666,0.06276265215599734,100.0
1.3333333333333333,0.7347748270880137,250.0
4.666666666666667,0.3371896052927896,250.0
14.5,0.06545347991712706,100.0
19.5,0.03377729648011815,10.0
15.666666666666666,0.06122957556991715,10.0
19.166666666666668,0.03258870604936119,10.0
8.5,0.25770549471648957,250.0
20.333333333333332,0.03133831405540283,10.0
20.5,0.03127629939324271,100.0
16.666666666666668,0.04261678900521317,10.0
18.666666666666668,0.03635476873223668,10.0
16.166666666666668,0.04998305722881605,100.0
17.833333333333332,0.04014835118812664,100.0
8.5,0.25770549471648957,250.0
12.666666666666666,0.08548942961092497,250.0
20.5,0.03127629939324271,100.0
17.166666666666668,0.0383923328824415,100.0
19.0,0.036338176059470075,10.0
2.0,0.46853583253947234,250.0
18.5,0.03983102115492526,100.0
15.5,0.06354710309318291,10.0
4.833333333333333,0.36235492555572935,250.0
20.333333333333332,0.032059779581303564,100.0
16.666666666666668,0.04261678900521317,10.0
16.666666666666668,0.04261678900521317,10.0
20.5,0.03256599372211376,10.0
9.333333333333334,0.19587464738200522,250.0
0.5,1.0,250.0
12.5,0.10073815984493556,100.0
8.833333333333334,0.22239420094143975,250.0
16.833333333333332,0.04111883749536441,100.0
0.5,1.0,100.0
8.833333333333334,0.22239420094143975,250.0
20.0,0.031877779981467604,100.0
18.0,0.03498446213088532,10.0
13.5,0.07705557758446424,100.0
20.0,0.031877779981467604,100.0
17.5,0.04495854991837403,10.0
21.333333333333332,0.02997077043554396,10.0
17.666666666666668,0.03916166928454128,10.0
5.833333333333333,0.3457688125994882,250.0
14.166666666666666,0.06791571370743464,250.0
18.166666666666668,0.03769207770086468,10.0
19.333333333333332,0.03224257839162143,10.0
0.5,1.0,250.0
17.333333333333332,0.04873217331030111,100.0
16.833333333333332,0.049468206836826685,250.0
20.666666666666668,0.03370897844874365,10.0
18.0,0.04096306976058365,10.0
6.833333333333333,0.3079683106590145,100.0
18.0,0.04423091814502155,10.0
17.5,0.045654474664505146,100.0
20.333333333333332,0.0325389936525616,10.0
20.333333333333332,0.02983495893684837,10.0
15.833333333333334,0.05191208307602416,100.0
18.0,0.036241488572442436,100.0
17.833333333333332,0.04411946503876671,10.0
19.0,0.02904160516643612,10.0
20.0,0.03169049171360259,10.0
19.666666666666668,0.03636095018810468,100.0
0.16666666666666666,1.0,250.0
16.666666666666668,0.04590799338298752,10.0
19.166666666666668,0.03588088753998295,10.0
2.6666666666666665,0.5022071404519561,100.0
10.333333333333334,0.16423906238867164,100.0
18.166666666666668,0.03425928048301342,10.0
17.333333333333332,0.046847198332486274,10.0
6.5,0.2922898308270276,250.0
10.833333333333334,0.12818430074957243,100.0
17.5,0.046938192351317465,10.0
16.333333333333332,0.04555001038538534,100.0
9.166666666666666,0.18718276136541953,250.0
17.0,0.038529182112802804,100.0
20.0,0.03169049171360259,10.0
20.0,0.03073346949371534,10.0
18.833333333333332,0.033658086108817445,10.0
0.16666666666666666,1.0,250.0
18.666666666666668,0.034753927963981156,10.0
16.666666666666668,0.04756137156287847,10.0
12.666666666666666,0.08882551202848413,100.0
15.333333333333334,0.04955405550795901,100.0
15.833333333333334,0.05191208307602416,100.0
13.0,0.09065750789797417,100.0
3.3333333333333335,0.4716898783807453,100.0
18.0,0.04096306976058365,10.0
10.5,0.15619450539869237,100.0
16.833333333333332,0.045752475321717646,100.0
14.333333333333334,0.08058108339155312,250.0
6.333333333333333,0.29749372836767674,250.0
20.0,0.03169049171360259,10.0
15.5,0.05646536130661572,10.0
6.333333333333333,0.29749372836767674,250.0
15.333333333333334,0.04955405550795901,100.0
7.333333333333333,0.2525763163247907,250.0
14.5,0.07503351132267215,250.0
17.666666666666668,0.03916166928454128,10.0
13.666666666666666,0.07937152275325368,10.0
18.666666666666668,0.034753927963981156,10.0
20.833333333333332,0.03126269418195174,10.0
1.6666666666666667,0.5588642058394051,250.0
12.666666666666666,0.08882551202848413,100.0
18.833333333333332,0.032825533178310176,10.0
20.333333333333332,0.02983495893684837,10.0
9.5,0.2006992372426569,100.0
18.833333333333332,0.032825533178310176,10.0
17.833333333333332,0.04294148201995779,10.0
17.5,0.04614129526081244,10.0
3.3333333333333335,0.5984660025871565,250.0
16.333333333333332,0.04926492016793189,10.0
21.0,0.0291068586430678,10.0
2.5,0.6368736385500557,250.0
20.333333333333332,0.03386986405567118,10.0
19.666666666666668,0.03583130709814262,10.0
15.0,0.061251003698994264,100.0
13.0,0.09065750789797417,100.0
0.16666666666666666,1.0,250.0
12.833333333333334,0.10624512610323372,250.0
18.666666666666668,0.034753927963981156,10.0
20.5,0.031790145537093896,10.0
21.333333333333332,0.02900343064761583,10.0
17.5,0.040638370623240765,10.0
20.333333333333332,0.03386986405567118,10.0
14.833333333333334,0.06454165320058143,100.0
21.0,0.0291068586430678,10.0
19.166666666666668,0.03616012781749296,10.0
0.3333333333333333,1.0,250.0
19.5,0.03284270303541279,10.0
0.16666666666666666,1.0,250.0
18.0,0.04423091814502155,10.0
9.333333333333334,0.15452240407400333,100.0
9.166666666666666,0.18718276136541953,250.0
21.333333333333332,0.02900343064761583,10.0
13.833333333333334,0.07047847891534753,100.0
20.333333333333332,0.0325389936525616,10.0
5.0,0.3665375951094879,100.0
13.0,0.09065750789797417,100.0
0.3333333333333333,1.0,250.0
15.0,0.061251003698994264,100.0
19.666666666666668,0.03583130709814262,10.0
7.333333333333333,0.26444316509708,250.0
19.333333333333332,0.03737325450913194,10.0
9.333333333333334,0.15921635100335677,250.0
14.5,0.06760818202741631,250.0
16.166666666666668,0.046420598132172246,100.0
15.166666666666666,0.055240488257399946,250.0
15.833333333333334,0.05366444719038332,100.0
9.166666666666666,0.2359373849293505,250.0
18.666666666666668,0.04193177860264358,10.0
3.5,0.41205218670780464,100.0
19.666666666666668,0.031225438878172043,10.0
0.16666666666666666,1.0,250.0
17.333333333333332,0.05200573378218179,100.0
16.166666666666668,0.05254264961950134,250.0
13.666666666666666,0.08118697566977023,100.0
7.833333333333333,0.22102822536439667,250.0
18.666666666666668,0.04193177860264358,10.0
0.8333333333333334,0.42793766827666324,250.0
20.0,0.02987524300448286,10.0
18.5,0.03887321495656078,10.0
15.166666666666666,0.06243744781967859,100.0
16.666666666666668,0.04470413641111756,10.0
10.666666666666666,0.14772033211908914,250.0
1.6666666666666667,0.5498864329827805,100.0
18.166666666666668,0.039664359922370974,100.0
1.0,0.8923306464807782,250.0
16.666666666666668,0.04470413641111756,10.0
19.166666666666668,0.03312855947764317,10.0
19.166666666666668,0.0393407257921499,10.0
14.166666666666666,0.080435576666523,100.0
15.833333333333334,0.05373885521971539,100.0
11.666666666666666,0.1373985413884023,100.0
20.0,0.035212449873021266,10.0
11.333333333333334,0.14347764298712268,250.0
19.166666666666668,0.03312855947764317,10.0
16.166666666666668,0.05254264961950134,250.0
11.0,0.130397581120454,100.0
14.666666666666666,0.07418212223160948,250.0
1.6666666666666667,0.5498864329827805,100.0
15.833333333333334,0.058781491035739646,100.0
17.833333333333332,0.040443190513320584,10.0
12.833333333333334,0.08568007565382992,100.0
21.166666666666668,0.030987463531199685,10.0
15.166666666666666,0.055240488257399946,250.0
13.0,0.1023041970406958,10.0
21.166666666666668,0.030987463531199685,10.0
16.0,0.05022522085929655,10.0
14.833333333333334,0.07411371569162774,10.0
16.0,0.05022522085929655,10.0
7.166666666666667,0.28254814750860013,100.0
6.5,0.33387374732946307,250.0
0.16666666666666666,1.0,250.0
17.0,0.04085490550709041,10.0
14.666666666666666,0.07418212223160948,250.0
15.833333333333334,0.0560529579737956,10.0
16.166666666666668,0.052853368683236035,100.0
3.6666666666666665,0.4762801256894429,250.0
0.16666666666666666,1.0,250.0
19.0,0.03225784399566607,10.0
6.833333333333333,0.2555055136929121,100.0
18.833333333333332,0.03928911199474231,100.0
13.166666666666666,0.08600687102603757,100.0
11.333333333333334,0.12723783085628707,250.0
16.333333333333332,0.04662770436947608,10.0
5.666666666666667,0.3332571350891463,100.0
18.666666666666668,0.04193177860264358,10.0
18.833333333333332,0.035971331787802215,10.0
20.5,0.029958346568916258,10.0
19.5,0.03556675597820212,10.0
10.666666666666666,0.14772033211908914,250.0
21.666666666666668,0.029607311908330092,10.0
0.16666666666666666,1.0,250.0
19.833333333333332,0.034357172333995156,10.0
7.5,0.24186295722500967,250.0
11.0,0.130397581120454,100.0
21.666666666666668,0.029607311908330092,10.0
19.166666666666668,0.03593575225366492,10.0
16.0,0.05187411082094138,100.0
20.333333333333332,0.03049466642986507,10.0
12.5,0.11270742854294227,250.0
0.16666666666666666,1.0,250.0
18.166666666666668,0.04162429119036007,100.0
16.0,0.05831868298780451,100.0
14.0,0.07161031959802971,100.0
14.0,0.07161031959802971,100.0
22.166666666666668,0.030261884825103516,100.0
20.5,0.032135983958136875,10.0
14.5,0.06760818202741631,250.0
15.333333333333334,0.058896438165387685,250.0
22.0,0.029831535877770016,10.0
14.5,0.07346650101200708,250.0
14.333333333333334,0.07588061996307027,100.0
1.1666666666666667,0.6596019977489168,250.0
17.833333333333332,0.03871441033673688,100.0
15.5,0.05894625250158413,100.0
13.833333333333334,0.07078868869856196,10.0
11.333333333333334,0.14347764298712268,250.0
18.333333333333332,0.034788037072144534,10.0
20.666666666666668,0.030981201150003964,10.0
7.833333333333333,0.2199425483403951,250.0
17.666666666666668,0.04577758745159707,100.0
5.0,0.4668367830105887,100.0
4.333333333333333,0.27575688820247174,250.0
17.0,0.05144463455024964,100.0
15.333333333333334,0.057789464375986366,10.0
18.333333333333332,0.04038229148222207,10.0
14.833333333333334,0.06630771481516866,100.0
11.0,0.1500276800017565,250.0
17.166666666666668,0.04282277300896654,60.0
17.666666666666668,0.04550013134899488,10.0
18.166666666666668,0.04090434149844304,10.0
18.0,0.045517584005079915,10.0
18.333333333333332,0.04460819916109283,100.0
12.5,0.09694869469150533,250.0
9.166666666666666,0.18626773433873037,100.0
13.5,0.0868618469842249,250.0
18.666666666666668,0.037007045194433964,100.0
18.666666666666668,0.037007045194433964,100.0
17.5,0.042275928049144935,10.0
17.166666666666668,0.04581264843640843,100.0
15.5,0.05537795296539407,100.0
17.0,0.04509823983276652,100.0
11.0,0.1500276800017565,250.0
14.833333333333334,0.06103852448957816,100.0
17.0,0.048056689628081704,100.0
17.666666666666668,0.039726176394727974,100.0
6.166666666666667,0.33466198506912137,250.0
5.833333333333333,0.26075002821482307,100.0
19.0,0.034214159971899714,10.0
17.5,0.041451022195848036,10.0
15.0,0.06956272291038706,250.0
15.5,0.05537795296539407,100.0
0.5,1.0,250.0
17.833333333333332,0.04625891664797696,100.0
19.333333333333332,0.034576186601366424,100.0
17.666666666666668,0.04550013134899488,10.0
11.666666666666666,0.12132746422601524,100.0
17.666666666666668,0.04023142556943338,10.0
16.166666666666668,0.04889398071339667,100.0
13.5,0.08862919735330056,250.0
15.333333333333334,0.056051268286050546,250.0
19.5,0.031026892229977465,10.0
15.5,0.05537795296539407,100.0
6.166666666666667,0.33466198506912137,250.0
17.666666666666668,0.04023142556943338,10.0
17.666666666666668,0.039726176394727974,100.0
17.5,0.041451022195848036,10.0
16.833333333333332,0.044325572139332074,10.0
17.166666666666668,0.04282277300896654,60.0
5.833333333333333,0.26075002821482307,100.0
2.6666666666666665,0.6467754766695427,250.0
11.666666666666666,0.12132746422601524,100.0
13.833333333333334,0.07550891396941459,100.0
11.666666666666666,0.12132746422601524,100.0
17.166666666666668,0.04232845701958455,100.0
6.0,0.30670270093409663,250.0
16.166666666666668,0.05045945421527462,10.0
19.333333333333332,0.034576186601366424,100.0
14.833333333333334,0.06741562321650867,100.0
15.166666666666666,0.06257987245950597,250.0
13.0,0.09122955712125559,250.0
16.833333333333332,0.044136878606552445,250.0
8.0,0.21374958005358757,250.0
17.666666666666668,0.04433461571133348,100.0
17.833333333333332,0.0440864836479292,100.0
12.0,0.13683648785891678,250.0
0.8333333333333334,0.4825018248036049,250.0
18.833333333333332,0.03456390899760864,100.0
5.166666666666667,0.41387010601556623,100.0
5.0,0.4668367830105887,100.0
15.5,0.05772737981727971,100.0
13.666666666666666,0.07551720294947609,10.0
18.333333333333332,0.04038229148222207,10.0
6.333333333333333,0.2863013348657762,100.0
9.5,0.22377527930319033,100.0
13.333333333333334,0.0795330683285627,100.0
17.666666666666668,0.04433461571133348,100.0
5.166666666666667,0.3294651899654286,250.0
0.16666666666666666,1.0,250.0
13.5,0.0892639855638311,100.0
0.16666666666666666,1.0,100.0
13.666666666666666,0.08910218476018611,250.0
17.0,0.04509823983276652,100.0
15.5,0.05772737981727971,100.0
15.333333333333334,0.056051268286050546,250.0
13.5,0.08048345185833966,250.0
14.0,0.07763207525593614,10.0
14.5,0.06997332230925882,100.0
21.166666666666668,0.033455458104676955,10.0
17.666666666666668,0.04433461571133348,100.0
21.166666666666668,0.033455458104676955,10.0
15.333333333333334,0.056051268286050546,250.0
16.833333333333332,0.044325572139332074,10.0
15.166666666666666,0.0557445543739256,10.0
21.166666666666668,0.033455458104676955,10.0
17.333333333333332,0.04259193096035731,10.0
12.5,0.09694869469150533,250.0
15.166666666666666,0.06257987245950597,250.0
14.5,0.06997332230925882,100.0
12.333333333333334,0.10899207012764471,100.0
18.5,0.03866830807007528,100.0
18.166666666666668,0.035438710470056395,100.0
17.166666666666668,0.04810867294163648,250.0
18.666666666666668,0.03692117086228978,100.0
20.333333333333332,0.03419976680770437,10.0
11.833333333333334,0.10598120725382335,250.0
16.833333333333332,0.05133845275110854,100.0
14.5,0.0534756143350808,250.0
18.166666666666668,0.037011651834708344,10.0
9.666666666666666,0.15471623053578817,100.0
19.833333333333332,0.030771038624398592,10.0
15.5,0.05420367241755538,10.0
14.833333333333334,0.06587075749188746,250.0
0.6666666666666666,1.0,250.0
19.666666666666668,0.03350470070002776,10.0
12.166666666666666,0.10798957931900448,100.0
16.166666666666668,0.05158069362784247,10.0
20.833333333333332,0.031094763966785087,100.0
20.333333333333332,0.030348734643295943,10.0
19.333333333333332,0.0338586502123829,10.0
15.666666666666666,0.04655436435147051,100.0
15.333333333333334,0.06512790574069978,250.0
18.166666666666668,0.03639481823256097,10.0
11.666666666666666,0.11398128974712891,250.0
0.5,1.0,250.0
16.5,0.04758836238068487,100.0
1.1666666666666667,0.5721699650614499,250.0
19.833333333333332,0.03307841898662995,10.0
11.833333333333334,0.11934849813317874,10.0
18.5,0.038176397897277885,100.0
11.833333333333334,0.10598120725382335,250.0
21.833333333333332,0.02790418615866625,10.0
19.833333333333332,0.030771038624398592,10.0
18.833333333333332,0.036133575706827015,10.0
14.333333333333334,0.06942068351416802,100.0
2.0,0.683609859210279,250.0
19.333333333333332,0.0338586502123829,10.0
9.0,0.21993808287848707,250.0
1.1666666666666667,0.5721699650614499,250.0
18.5,0.03866830807007528,100.0
7.166666666666667,0.29567766259002876,250.0
17.5,0.043398855058497006,100.0
15.0,0.0550651721854218,100.0
18.5,0.03840347980442811,10.0
19.666666666666668,0.03399277222790247,10.0
17.166666666666668,0.04321480899277836,100.0
19.333333333333332,0.03537040897196206,10.0
19.833333333333332,0.03307841898662995,10.0
18.5,0.03679044748930028,10.0
4.333333333333333,0.3222229855748223,100.0
17.666666666666668,0.03691016652656629,10.0
18.0,0.04104631947485793,10.0
15.333333333333334,0.06512790574069978,250.0
17.166666666666668,0.04810867294163648,250.0
18.666666666666668,0.03692117086228978,100.0
1.8333333333333333,0.5155828422451837,100.0
16.833333333333332,0.05133845275110854,100.0
18.0,0.0464485356506517,10.0
15.833333333333334,0.05210083876174395,100.0
17.166666666666668,0.04856601372394983,10.0
18.833333333333332,0.03453150288007437,100.0
17.166666666666668,0.045005248897743294,10.0
20.333333333333332,0.030348734643295943,10.0
21.0,0.02823351355403102,10.0
19.833333333333332,0.03307841898662995,10.0
1.3333333333333333,0.7200448672305394,250.0
16.833333333333332,0.04717691904048037,100.0
19.166666666666668,0.029672930150198555,100.0
1.5,0.7888326132747745,250.0
3.3333333333333335,0.4216697393309551,250.0
15.5,0.05908775557062288,250.0
20.333333333333332,0.030348734643295943,10.0
10.5,0.15734740470825195,100.0
0.3333333333333333,1.0,250.0
18.5,0.03679044748930028,10.0
15.833333333333334,0.05210083876174395,100.0
18.833333333333332,0.03453150288007437,100.0
14.5,0.0534756143350808,250.0
3.6666666666666665,0.482351774369912,250.0
16.166666666666668,0.04695389758515586,100.0
17.0,0.051855284773880565,10.0
18.666666666666668,0.03937745050283622,10.0
1.6666666666666667,0.8422440404404528,250.0
10.5,0.1515532816120023,250.0
15.833333333333334,0.05210083876174395,100.0
20.333333333333332,0.030348734643295943,10.0
20.166666666666668,0.03330703159213379,10.0
18.166666666666668,0.03745054123543678,100.0
15.333333333333334,0.0636095841244339,100.0
18.0,0.03662012870957684,10.0
16.0,0.048690967636258554,100.0
21.0,0.028920087284775922,10.0
18.166666666666668,0.040380693585319684,10.0
17.666666666666668,0.04140710431593657,10.0
18.166666666666668,0.03681926322092337,100.0
21.333333333333332,0.031227075048535034,10.0
20.0,0.033223639842397346,10.0
14.333333333333334,0.07006781159161583,100.0
19.833333333333332,0.030771038624398592,10.0
18.0,0.04104631947485793,10.0
3.1666666666666665,0.4902964814772503,100.0
17.333333333333332,0.04733710924136152,10.0
16.666666666666668,0.052925633197907065,250.0
0.8333333333333334,1.2484251478956372,250.0
0.6666666666666666,1.0,100.0
18.666666666666668,0.03707471116178282,10.0
15.166666666666666,0.05624139504144133,10.0
20.0,0.0327697688655081,100.0
9.166666666666666,0.1918229163600805,250.0
18.333333333333332,0.03566886125850652,10.0
17.833333333333332,0.04053539073088513,10.0
23.0,0.02632394291258121,10.0
15.333333333333334,0.060480267339377426,250.0
17.0,0.04539376006040195,10.0
18.666666666666668,0.038229835475227125,10.0
18.166666666666668,0.039417509803751534,10.0
9.166666666666666,0.1918229163600805,250.0
15.5,0.062181231367792716,100.0
10.666666666666666,0.1415674416077231,250.0
6.666666666666667,0.3131634548868301,250.0
18.833333333333332,0.0366456060608773,10.0
18.833333333333332,0.036965667857463615,10.0
16.666666666666668,0.052925633197907065,250.0
19.166666666666668,0.03520191948473945,10.0
7.333333333333333,0.2746340738120405,10.0
20.0,0.03227290937013295,10.0
17.666666666666668,0.041002337404556916,10.0
19.333333333333332,0.036293940100400136,10.0
7.333333333333333,0.25871597447814965,100.0
19.166666666666668,0.03323824014618265,10.0
19.666666666666668,0.035421639778552186,10.0
12.333333333333334,0.10329767771583699,100.0
6.666666666666667,0.3131634548868301,250.0
17.166666666666668,0.04179148416461228,100.0
19.333333333333332,0.038697939181020595,10.0
4.333333333333333,0.5461579895218402,250.0
11.666666666666666,0.1224604905572794,100.0
19.166666666666668,0.03520191948473945,10.0
16.5,0.047064710850982204,100.0
0.6666666666666666,1.0,100.0
15.166666666666666,0.06653843423366197,100.0
18.5,0.036719187724827,10.0
17.0,0.04539376006040195,10.0
1.0,0.6205450572631575,250.0
19.166666666666668,0.03520191948473945,10.0
6.5,0.35428552575572986,250.0
18.833333333333332,0.036965667857463615,10.0
16.333333333333332,0.047226778295823654,100.0
11.666666666666666,0.1265847633811617,100.0
16.166666666666668,0.054117186615069604,10.0
17.0,0.04539376006040195,10.0
3.1666666666666665,0.4902964814772503,100.0
19.333333333333332,0.038697939181020595,10.0
13.0,0.10451600230292188,100.0
10.833333333333334,0.14129286465451724,250.0
16.0,0.053931473065110466,100.0
12.833333333333334,0.08410560249318927,250.0
10.833333333333334,0.14129286465451724,250.0
14.166666666666666,0.0765391623462998,100.0
8.166666666666666,0.25159285783295826,100.0
17.166666666666668,0.046073073692296296,10.0
18.666666666666668,0.038229835475227125,10.0
12.166666666666666,0.11967920168761079,100.0
15.5,0.06413781323435097,100.0
13.666666666666666,0.07686155156176977,100.0
11.666666666666666,0.1265847633811617,100.0
11.333333333333334,0.11283911186726757,250.0
7.666666666666667,0.25159018263426663,250.0
16.833333333333332,0.048245920875943864,250.0
17.666666666666668,0.04193533047763761,100.0
15.666666666666666,0.06714790502962327,100.0
12.333333333333334,0.10329767771583699,100.0
20.0,0.037685456967568726,10.0
14.0,0.07146942798303957,100.0
18.166666666666668,0.03804335916200461,10.0
15.833333333333334,0.052191382025519414,100.0
17.0,0.045228821800719424,10.0
19.333333333333332,0.038697939181020595,10.0
15.666666666666666,0.059789737821714775,250.0
6.5,0.35428552575572986,250.0
0.8333333333333334,1.2484251478956372,250.0
19.333333333333332,0.036293940100400136,10.0
1.0,0.5524919282311619,250.0
1.0,0.6205450572631575,250.0
11.666666666666666,0.1224604905572794,100.0
18.166666666666668,0.04021798464959436,10.0
15.833333333333334,0.054740955624703436,100.0
17.5,0.044955612327974674,10.0
18.833333333333332,0.0344951821696053,100.0
19.0,0.03727710275403526,10.0
18.0,0.042133456275542734,100.0
15.666666666666666,0.06162943589096543,100.0
8.166666666666666,0.25159285783295826,100.0
11.333333333333334,0.11283911186726757,250.0
10.833333333333334,0.14129286465451724,250.0
12.333333333333334,0.10329767771583699,100.0
1.5,0.6439560608535233,100.0
18.666666666666668,0.03995577526097435,10.0
1.1666666666666667,0.7145192514072183,250.0
7.833333333333333,0.24481753154757002,100.0
20.333333333333332,0.03555254443925601,10.0
18.166666666666668,0.03942093805769484,10.0
17.5,0.03995420342580702,100.0
8.666666666666666,0.16507586119971132,250.0
2.3333333333333335,0.5949452071006704,250.0
19.166666666666668,0.029279576313676385,100.0
9.5,0.19229875057067494,250.0
5.833333333333333,0.30482919588506957,100.0
12.333333333333334,0.11270272791478267,250.0
2.1666666666666665,0.6476084098826801,250.0
20.333333333333332,0.03555254443925601,10.0
16.666666666666668,0.046167254164065905,100.0
19.5,0.03319030239246903,100.0
9.833333333333334,0.1623733363802158,250.0
14.833333333333334,0.06766028654630514,100.0
16.833333333333332,0.04779380906658811,100.0
11.666666666666666,0.11690649554396489,250.0
19.833333333333332,0.03072764268651395,100.0
17.666666666666668,0.041050488673883744,10.0
16.5,0.0435047011120612,10.0
15.5,0.054385785061206074,100.0
9.5,0.19229875057067494,250.0
18.0,0.03852432502949124,10.0
14.833333333333334,0.059014729262396745,10.0
16.0,0.052344121511064275,250.0
19.833333333333332,0.03427009532658709,10.0
16.333333333333332,0.0526893552719231,10.0
14.5,0.07475663517180237,250.0
20.333333333333332,0.0281823099501354,10.0
20.166666666666668,0.031274012066298235,10.0
19.5,0.0326842512144867,10.0
17.333333333333332,0.04393625664051317,100.0
2.3333333333333335,0.5949452071006704,250.0
17.666666666666668,0.042493168822845984,10.0
1.5,0.41059502921875973,100.0
15.333333333333334,0.053591808961174894,10.0
16.166666666666668,0.051130449332719576,10.0
16.5,0.048334257058688525,100.0
20.833333333333332,0.03293205795486004,10.0
9.5,0.168854461452824,100.0
18.0,0.04210152177926293,10.0
15.333333333333334,0.05432545701730383,100.0
12.166666666666666,0.10970681256099961,100.0
17.5,0.03995420342580702,100.0
16.0,0.052344121511064275,250.0
9.166666666666666,0.18812695488002631,10.0
19.5,0.03418405799635096,100.0
17.333333333333332,0.04594900487378754,100.0
0.3333333333333333,1.0,100.0
0.16666666666666666,1.0,250.0
19.166666666666668,0.029279576313676385,100.0
5.166666666666667,0.4677896567178079,100.0
10.333333333333334,0.15839098361387657,10.0
16.0,0.0552282857352412,100.0
13.833333333333334,0.06822424174115985,100.0
16.333333333333332,0.0550253008515388,10.0
17.333333333333332,0.04393625664051317,100.0
2.3333333333333335,0.5949452071006704,250.0
15.5,0.054385785061206074,100.0
20.166666666666668,0.03073423543985252,100.0
13.333333333333334,0.08852682611317036,250.0
14.333333333333334,0.07951773476652828,250.0
16.0,0.048933112114420314,250.0
16.333333333333332,0.0526893552719231,10.0
14.833333333333334,0.06766028654630514,100.0
2.3333333333333335,0.5949452071006704,250.0
1.3333333333333333,0.8423255988283256,250.0
17.166666666666668,0.04601089434167784,100.0
2.1666666666666665,0.6476084098826801,250.0
5.166666666666667,0.4677896567178079,100.0
17.666666666666668,0.041050488673883744,10.0
17.5,0.03685529074855468,100.0
20.5,0.03162635025063054,10.0
16.666666666666668,0.05139833741990994,10.0
15.666666666666666,0.054137755331125664,100.0
12.166666666666666,0.09596490192560443,250.0
0.6666666666666666,1.0,250.0
13.333333333333334,0.0857635041571169,100.0
16.0,0.0552282857352412,100.0
5.166666666666667,0.4677896567178079,100.0
11.666666666666666,0.1062797960253249,100.0
16.833333333333332,0.049470992983315774,60.0
16.166666666666668,0.051130449332719576,10.0
16.0,0.0552282857352412,100.0
17.5,0.03995420342580702,100.0
17.5,0.03995420342580702,100.0
20.833333333333332,0.029322696759607518,10.0
2.0,0.4741158031139468,250.0
17.666666666666668,0.041050488673883744,10.0
12.0,0.10899809896167259,10.0
2.5,0.6681608954121047,100.0
5.833333333333333,0.30482919588506957,100.0
22.0,0.02778374289565229,10.0
19.166666666666668,0.029279576313676385,100.0
11.666666666666666,0.11690649554396489,250.0
16.833333333333332,0.04549592660247392,10.0
20.333333333333332,0.0281823099501354,10.0
15.333333333333334,0.056372144517233165,100.0
15.5,0.054385785061206074,100.0
11.333333333333334,0.1190525660403551,250.0
18.833333333333332,0.04206964250646932,10.0
12.333333333333334,0.10022041295737834,100.0
12.666666666666666,0.09969281805296666,100.0
20.0,0.03260935358901386,100.0
17.666666666666668,0.04121879965640636,10.0
15.333333333333334,0.06694946146879852,100.0
19.166666666666668,0.03340403869555182,10.0
10.333333333333334,0.15320372148573025,250.0
20.0,0.03260935358901386,100.0
17.5,0.047745736945264836,10.0
18.5,0.03793499981570313,100.0
10.333333333333334,0.1537906557974716,100.0
19.166666666666668,0.03340403869555182,10.0
16.833333333333332,0.04079815276940963,10.0
13.0,0.10038779744659655,250.0
16.0,0.05314884307548119,100.0
11.0,0.15460282108478518,250.0
0.16666666666666666,1.0,250.0
13.166666666666666,0.10058211547988757,100.0
17.166666666666668,0.049098054386964615,100.0
12.333333333333334,0.08819586664398786,100.0
18.0,0.039006079797562807,10.0
16.5,0.05466740539727297,100.0
18.833333333333332,0.03906720395483048,10.0
19.0,0.03839055672652361,100.0
19.666666666666668,0.03365025316714144,10.0
16.166666666666668,0.04979693979832005,100.0
17.166666666666668,0.049970941604203754,100.0
8.166666666666666,0.2459420066077761,250.0
12.833333333333334,0.09353327097002406,100.0
15.333333333333334,0.0687216259174306,100.0
16.5,0.05160579901642834,10.0
17.333333333333332,0.04435275128088949,60.0
18.5,0.03788842269416853,10.0
5.166666666666667,0.37509725496152085,250.0
14.333333333333334,0.08330389870936923,100.0
14.5,0.06950508848055195,250.0
10.333333333333334,0.1537906557974716,100.0
15.166666666666666,0.05569699779057118,100.0
21.0,0.028329654113722735,10.0
11.0,0.15460282108478518,250.0
0.16666666666666666,1.0,250.0
12.833333333333334,0.0981273171200517,100.0
10.666666666666666,0.15690492555828547,250.0
17.666666666666668,0.04087512434076764,100.0
0.6666666666666666,1.0,250.0
20.166666666666668,0.030226265722447538,10.0
15.333333333333334,0.0613670891025629,250.0
14.166666666666666,0.07592077793439699,100.0
18.5,0.034428117692282226,10.0
17.666666666666668,0.04087512434076764,100.0
0.6666666666666666,1.0,250.0
17.833333333333332,0.0407286420177977,10.0
15.166666666666666,0.05569699779057118,100.0
11.333333333333334,0.1190525660403551,250.0
21.0,0.032803740704910093,10.0
16.833333333333332,0.04651374863891244,250.0
0.16666666666666666,1.0,250.0
10.333333333333334,0.1655577920963207,250.0
14.166666666666666,0.0761382491818193,250.0
20.166666666666668,0.03400182708309162,10.0
17.5,0.04396982957069057,10.0
21.0,0.032803740704910093,10.0
15.166666666666666,0.06260171666544834,100.0
5.0,0.4007147354512374,250.0
17.333333333333332,0.04435275128088949,60.0
21.666666666666668,0.028591822933816454,10.0
17.0,0.05113344132291608,10.0
10.833333333333334,0.13009436344094566,10.0
16.0,0.04445344265756531,100.0
15.166666666666666,0.06069661766664379,100.0
16.166666666666668,0.04979693979832005,100.0
18.5,0.03793499981570313,100.0
19.166666666666668,0.03860107652720306,100.0
10.0,0.15975287287010567,250.0
19.666666666666668,0.03474955297035246,10.0
15.166666666666666,0.0656838358271646,10.0
16.5,0.05466740539727297,100.0
12.666666666666666,0.08653036340168743,100.0
20.666666666666668,0.032827219165132294,10.0
15.166666666666666,0.06537641852313308,100.0
16.833333333333332,0.0535841695219083,10.0
13.333333333333334,0.08670616003767642,100.0
17.666666666666668,0.04121879965640636,10.0
13.0,0.10038779744659655,250.0
2.1666666666666665,0.6472247831705126,250.0
15.666666666666666,0.04948770805776108,10.0
16.833333333333332,0.04079815276940963,10.0
18.333333333333332,0.03971768214235366,10.0
10.5,0.146694312513138,250.0
17.333333333333332,0.04435275128088949,60.0
12.666666666666666,0.09969281805296666,100.0
3.0,0.4564869119175227,250.0
10.333333333333334,0.1537906557974716,100.0
14.5,0.06950508848055195,250.0
4.833333333333333,0.41519172366655177,100.0
0.16666666666666666,1.0,250.0
12.833333333333334,0.09353327097002406,100.0
9.5,0.18707048247779018,100.0
14.0,0.0786300305165666,10.0
19.833333333333332,0.0348202136714175,10.0
13.0,0.10279088447829894,250.0
18.5,0.035625299365067864,10.0
13.5,0.08513542120564378,250.0
19.833333333333332,0.03504809053760228,10.0
0.16666666666666666,1.0,250.0
19.833333333333332,0.03562702591950379,10.0
12.333333333333334,0.09955412264794054,100.0
11.0,0.15136244055149553,250.0
15.333333333333334,0.0682793262855193,100.0
11.666666666666666,0.11717928388640017,100.0
18.333333333333332,0.03571089533897818,100.0
15.0,0.062131248473919466,10.0
21.666666666666668,0.027083260057860117,10.0
17.333333333333332,0.04675304688302462,10.0
17.333333333333332,0.04257744512782455,100.0
18.333333333333332,0.03605984056936762,250.0
19.833333333333332,0.0348202136714175,10.0
15.0,0.06514352068794063,10.0
1.3333333333333333,0.3807390959240411,250.0
17.166666666666668,0.04757557275060967,100.0
18.0,0.03877112488600431,10.0
14.5,0.07326614966808406,100.0
15.0,0.059898823871159065,10.0
0.3333333333333333,1.0,250.0
20.833333333333332,0.032799258230281965,10.0
7.5,0.2729744493700114,250.0
7.666666666666667,0.2754456443478674,250.0
17.666666666666668,0.045182665276571304,100.0
13.0,0.10112456904848105,250.0
17.0,0.049180786113673595,100.0
8.833333333333334,0.2353813404379634,250.0
20.833333333333332,0.032799258230281965,10.0
18.333333333333332,0.03541107731179523,100.0
18.0,0.03877112488600431,10.0
0.16666666666666666,1.0,250.0
18.166666666666668,0.042846637946899295,10.0
1.3333333333333333,0.3807390959240411,250.0
18.0,0.04399361825878322,10.0
12.333333333333334,0.09955412264794054,100.0
16.833333333333332,0.04417435795227518,100.0
17.0,0.04496459710414921,10.0
6.5,0.3421149193837898,250.0
17.166666666666668,0.04481446332724007,100.0
14.5,0.06879927004177303,250.0
10.0,0.17563753742648763,250.0
19.666666666666668,0.040429390716797124,100.0
20.333333333333332,0.030537035003060438,10.0
12.333333333333334,0.08837707138974868,10.0
16.333333333333332,0.053601667272794154,10.0
18.666666666666668,0.03478071170472508,10.0
17.333333333333332,0.04675304688302462,10.0
11.0,0.15136244055149553,250.0
19.833333333333332,0.03204581138592713,10.0
12.166666666666666,0.10806592823216758,250.0
19.833333333333332,0.03204581138592713,10.0
20.5,0.029585622090552946,10.0
18.333333333333332,0.03541107731179523,100.0
15.333333333333334,0.06481378269025695,10.0
16.666666666666668,0.048443795428574056,10.0
15.0,0.06514352068794063,10.0
16.333333333333332,0.05228313701900455,250.0
18.0,0.03657540424928263,10.0
20.333333333333332,0.03376594423393891,10.0
18.333333333333332,0.042896761234889426,100.0
1.3333333333333333,0.5549861509175832,250.0
4.833333333333333,0.38911219318199963,100.0
17.0,0.04496459710414921,10.0
18.333333333333332,0.03571089533897818,100.0
19.833333333333332,0.03562702591950379,10.0
12.333333333333334,0.08837707138974868,10.0
18.333333333333332,0.03985495163237459,10.0
17.166666666666668,0.04757557275060967,100.0
21.666666666666668,0.027083260057860117,10.0
4.833333333333333,0.38911219318199963,100.0
13.166666666666666,0.08078366177638982,100.0
16.166666666666668,0.045298800184252266,100.0
16.0,0.05146280227490611,100.0
16.833333333333332,0.04417435795227518,100.0
17.666666666666668,0.045182665276571304,100.0
19.333333333333332,0.03876001268034773,10.0
11.666666666666666,0.11717928388640017,100.0
18.0,0.04399361825878322,10.0
13.0,0.10279088447829894,250.0
14.833333333333334,0.06618295532133746,100.0
15.0,0.061715792567682705,100.0
12.333333333333334,0.09955412264794054,100.0
12.166666666666666,0.09113223022146606,10.0
7.5,0.2729744493700114,250.0
20.166666666666668,0.030740069218794155,10.0
0.16666666666666666,1.0,250.0
3.3333333333333335,0.5395683912678085,250.0
8.666666666666666,0.21740302146354196,250.0
3.5,0.49436777989197056,250.0
21.0,0.03600828583490528,10.0
1.6666666666666667,0.8954702496068021,250.0
17.166666666666668,0.04481446332724007,100.0
16.0,0.055185518073021446,100.0
16.166666666666668,0.045298800184252266,100.0
16.0,0.04994558075685362,100.0
5.833333333333333,0.2921261735974963,250.0
19.5,0.03206814433089269,10.0
17.166666666666668,0.05089819525677831,10.0
16.333333333333332,0.04822500949946019,100.0
17.0,0.04371956173452869,100.0
18.166666666666668,0.0399137776699609,10.0
17.0,0.04143177634360306,100.0
5.833333333333333,0.35908364130449916,100.0
11.0,0.14107395138652676,250.0
19.666666666666668,0.03221828372138651,10.0
17.333333333333332,0.04781732822791422,100.0
12.833333333333334,0.10056079273706563,100.0
16.833333333333332,0.038529276694970686,10.0
15.833333333333334,0.04719171572165536,10.0
17.0,0.04881776581163944,100.0
9.166666666666666,0.18799694697918223,250.0
11.666666666666666,0.097621983989589,100.0
17.0,0.050869989422779475,250.0
10.333333333333334,0.13674267450831798,250.0
18.166666666666668,0.04085884783496054,10.0
20.166666666666668,0.028600344915783057,10.0
17.833333333333332,0.04450202299460796,10.0
14.333333333333334,0.07363117425000996,100.0
18.5,0.03439431027558621,100.0
17.0,0.042251294116285545,10.0
17.333333333333332,0.0454055316434439,250.0
16.5,0.043146640894332865,100.0
17.0,0.045820063660746514,10.0
8.5,0.19309495832394594,250.0
18.5,0.03439431027558621,100.0
6.833333333333333,0.2761232240336453,250.0
20.666666666666668,0.031138667528979216,10.0
15.833333333333334,0.04719171572165536,10.0
20.333333333333332,0.032858884878211356,100.0
17.166666666666668,0.05089819525677831,10.0
20.333333333333332,0.032858884878211356,100.0
18.333333333333332,0.035343839086677965,10.0
15.833333333333334,0.04719171572165536,10.0
19.0,0.0356089060763202,100.0
15.333333333333334,0.05707366528174326,10.0
13.333333333333334,0.08819553700528125,250.0
10.833333333333334,0.14187189189803895,250.0
16.166666666666668,0.05225556241306875,100.0
20.333333333333332,0.03427757206753314,10.0
2.5,0.6222257477251799,250.0
16.333333333333332,0.04822500949946019,100.0
19.0,0.029088587522852646,10.0
22.666666666666668,0.028745028423066293,10.0
9.166666666666666,0.18799694697918223,250.0
20.666666666666668,0.03296218626919772,10.0
10.333333333333334,0.13674267450831798,250.0
18.0,0.035373623260346064,100.0
9.166666666666666,0.18799694697918223,250.0
18.0,0.035373623260346064,100.0
10.833333333333334,0.14187189189803895,250.0
16.666666666666668,0.04443674021952066,100.0
22.666666666666668,0.028745028423066293,10.0
18.5,0.03978594350893119,100.0
17.0,0.045820063660746514,10.0
19.833333333333332,0.0325743244207886,10.0
2.5,0.4641035767420152,250.0
10.833333333333334,0.14187189189803895,250.0
18.666666666666668,0.035831710895723484,100.0
18.166666666666668,0.03907500049322633,100.0
13.833333333333334,0.07037000495636879,100.0
19.0,0.03411146273250885,10.0
4.0,0.4052681998288737,250.0
16.166666666666668,0.05225556241306875,100.0
16.333333333333332,0.05060771817201123,10.0
11.0,0.14107395138652676,250.0
8.333333333333334,0.24597409709199583,250.0
16.833333333333332,0.048821723587916775,100.0
7.666666666666667,0.28536475927539484,100.0
16.5,0.06347961359595163,60.0
13.5,0.08231465366254724,100.0
20.166666666666668,0.034111038862935525,10.0
17.0,0.045820063660746514,10.0
17.5,0.0418429462251393,100.0
17.666666666666668,0.04302171893263441,100.0
11.333333333333334,0.14240518773793087,100.0
6.166666666666667,0.3704355917968099,250.0
17.0,0.04371956173452869,100.0
19.666666666666668,0.035983221737424034,10.0
17.0,0.04143177634360306,100.0
3.1666666666666665,0.6132472201654162,250.0
6.833333333333333,0.2761232240336453,250.0
19.0,0.03318160906824542,10.0
16.5,0.043146640894332865,100.0
20.833333333333332,0.03381254607268185,10.0
18.666666666666668,0.032579569694382145,100.0
4.333333333333333,0.4398591241729807,100.0
14.5,0.0657271459163354,10.0
11.333333333333334,0.14240518773793087,100.0
8.333333333333334,0.24597409709199583,250.0
16.333333333333332,0.05060771817201123,10.0
5.666666666666667,0.3062275027247603,250.0
22.666666666666668,0.028745028423066293,10.0
17.5,0.0418429462251393,100.0
13.166666666666666,0.07684638647992822,100.0
18.666666666666668,0.038967876526527855,100.0
17.666666666666668,0.04384959746125196,10.0
19.333333333333332,0.03233289399423786,100.0
19.833333333333332,0.03350767491213812,10.0
5.833333333333333,0.3920555248736596,250.0
20.0,0.02576575429315257,10.0
11.333333333333334,0.12789651917332365,250.0
18.0,0.043877810096308936,100.0
15.333333333333334,0.07037155549147295,10.0
18.666666666666668,0.036304546362001144,10.0
16.833333333333332,0.046505964197869405,250.0
18.833333333333332,0.03759924002550781,10.0
19.333333333333332,0.034109826729468856,10.0
16.666666666666668,0.04389871652949486,100.0
18.0,0.047632093985391616,10.0
14.5,0.06045000665536658,100.0
8.166666666666666,0.261281084000029,100.0
15.666666666666666,0.061160966290946465,100.0
18.166666666666668,0.03857589382214094,100.0
18.666666666666668,0.038967876526527855,100.0
17.666666666666668,0.0416960189340414,10.0
19.5,0.03707570162147103,10.0
17.166666666666668,0.046316822419511905,10.0
16.833333333333332,0.046505964197869405,250.0
18.5,0.03818607484137607,60.0
22.0,0.02716271320230037,10.0
9.5,0.16815696323974483,250.0
18.666666666666668,0.038967876526527855,100.0
6.333333333333333,0.2434868915696095,250.0
2.8333333333333335,0.4569924598856321,100.0
14.0,0.07276443465766862,250.0
4.5,0.623770243761702,100.0
21.5,0.030072720096384096,10.0
21.333333333333332,0.03188499662533793,10.0
20.5,0.030563223846503753,10.0
19.333333333333332,0.03367510672134463,100.0
18.0,0.03805166100459129,10.0
19.5,0.0372205945733967,10.0
15.666666666666666,0.053372792831814675,100.0
5.833333333333333,0.3920555248736596,250.0
17.0,0.04468613805915278,100.0
18.5,0.03818607484137607,60.0
18.833333333333332,0.03759924002550781,10.0
18.166666666666668,0.036033867184725656,100.0
16.0,0.0486307370620252,10.0
20.0,0.031025598214222173,10.0
8.666666666666666,0.2050009079864579,100.0
0.6666666666666666,1.0,250.0
20.0,0.02576575429315257,10.0
18.666666666666668,0.04063213721996219,10.0
13.166666666666666,0.0923513302290885,250.0
10.833333333333334,0.1362645961183052,100.0
18.0,0.047632093985391616,10.0
14.833333333333334,0.07100238216742823,100.0
0.5,1.0,250.0
20.5,0.030563223846503753,10.0
10.5,0.143045572558171,250.0
15.0,0.06907460071198922,250.0
22.0,0.02716271320230037,10.0
14.833333333333334,0.06784651902703293,100.0
20.166666666666668,0.03309186600942318,10.0
11.0,0.13841670637180223,250.0
16.333333333333332,0.04816452775661076,250.0
19.333333333333332,0.0358843271554517,100.0
3.0,0.8450522250777778,10.0
12.333333333333334,0.11311649977457644,250.0
2.0,0.5068646948603319,10.0
16.666666666666668,0.042201826203776716,100.0
15.166666666666666,0.05766332805216451,10.0
19.333333333333332,0.03367510672134463,100.0
21.5,0.0289901261705875,10.0
15.166666666666666,0.06212678200224169,100.0
14.0,0.07276443465766862,250.0
3.6666666666666665,0.40063318922963614,250.0
12.0,0.10630700620334278,250.0
20.0,0.02576575429315257,10.0
17.166666666666668,0.046316822419511905,10.0
20.5,0.030563223846503753,10.0
18.666666666666668,0.038967876526527855,100.0
15.166666666666666,0.06212678200224169,100.0
15.0,0.06907460071198922,250.0
18.666666666666668,0.03682740417648253,100.0
18.0,0.047632093985391616,10.0
13.666666666666666,0.07225924320915349,100.0
19.333333333333332,0.03233289399423786,100.0
11.5,0.10936342102967427,100.0
7.333333333333333,0.24455446502634107,100.0
11.0,0.13841670637180223,250.0
11.0,0.12453912889883789,250.0
13.666666666666666,0.07145042924613011,250.0
16.333333333333332,0.053818185459438166,250.0
2.8333333333333335,0.4569924598856321,100.0
16.0,0.057482704315128266,100.0
15.666666666666666,0.061160966290946465,100.0
17.5,0.04339740321429754,10.0
14.833333333333334,0.06784651902703293,100.0
0.16666666666666666,1.0,250.0
11.166666666666666,0.14157061579222155,250.0
19.0,0.03999169034121071,10.0
16.0,0.0486307370620252,10.0
16.666666666666668,0.04725573806319677,100.0
16.5,0.051635878428096665,100.0
0.5,1.0,250.0
17.0,0.040393560858586586,10.0
18.166666666666668,0.037648736057402536,10.0
20.166666666666668,0.02991123911440298,10.0
19.0,0.0391885937119446,100.0
12.0,0.10141005168660634,250.0
16.5,0.04664473340613637,250.0
16.666666666666668,0.05343033532951606,10.0
16.833333333333332,0.04972609738640332,100.0
14.333333333333334,0.07114421805179477,100.0
16.333333333333332,0.04982278995580526,100.0
18.0,0.038106883683040584,60.0
15.5,0.055593244663691734,100.0
15.0,0.059831042356079805,100.0
20.0,0.03369276490568639,10.0
17.5,0.04504094887564133,10.0
5.666666666666667,0.32478103120723456,10.0
20.0,0.03183413093008851,10.0
5.666666666666667,0.2891681233037378,250.0
12.833333333333334,0.08477470226090485,100.0
12.333333333333334,0.1096961240438098,250.0
14.333333333333334,0.07114421805179477,100.0
18.0,0.03761635324334469,10.0
12.166666666666666,0.10346541448568669,250.0
16.166666666666668,0.049309317201630225,100.0
18.833333333333332,0.0396523405875657,100.0
13.5,0.07334174377797868,10.0
16.5,0.051635878428096665,100.0
20.0,0.03369276490568639,10.0
20.0,0.0296887658742,100.0
15.5,0.05822033289569523,250.0
0.8333333333333334,0.6202828295458571,250.0
4.0,0.36072249781739246,250.0
17.166666666666668,0.04176629859685201,100.0
19.0,0.037339796975551225,10.0
16.833333333333332,0.04972609738640332,100.0
18.0,0.03761635324334469,10.0
18.0,0.03677012501245725,100.0
14.0,0.08072088692235271,250.0
1.8333333333333333,0.6047579006582399,100.0
10.0,0.16802489734614134,100.0
7.333333333333333,0.2640533618447412,100.0
15.833333333333334,0.05513689691313447,10.0
15.666666666666666,0.059893431024145335,100.0
19.5,0.034328968399610325,10.0
10.666666666666666,0.13617776178140104,250.0
16.666666666666668,0.04872798255238037,100.0
0.16666666666666666,1.0,250.0
15.5,0.05920463483138985,100.0
18.5,0.037324265017049246,10.0
17.5,0.0404280380562147,100.0
15.0,0.07364408584336792,100.0
11.666666666666666,0.12042387956099986,100.0
15.0,0.07364408584336792,100.0
15.833333333333334,0.05012807999496919,10.0
15.166666666666666,0.06597285654734004,250.0
11.5,0.10994902135165253,250.0
17.833333333333332,0.04143282610814621,10.0
19.0,0.037339796975551225,10.0
20.0,0.0296887658742,100.0
18.833333333333332,0.03475264004426986,10.0
5.833333333333333,0.36242455616587094,250.0
9.333333333333334,0.18842128597256527,250.0
16.666666666666668,0.04872798255238037,100.0
16.5,0.04833895391324506,10.0
15.833333333333334,0.04590277352243917,10.0
17.0,0.040393560858586586,10.0
19.5,0.035465941210720484,10.0
12.333333333333334,0.11302490184022851,100.0
16.666666666666668,0.04725573806319677,100.0
12.166666666666666,0.122594983202955,250.0
15.666666666666666,0.059893431024145335,100.0
16.833333333333332,0.04972609738640332,100.0
19.0,0.03366295318535476,100.0
15.5,0.05822033289569523,250.0
12.166666666666666,0.10346541448568669,250.0
3.1666666666666665,0.4810212281385289,250.0
16.833333333333332,0.0440411279000752,100.0
17.166666666666668,0.04176629859685201,100.0
10.0,0.16802489734614134,100.0
17.666666666666668,0.03964039882450859,100.0
18.166666666666668,0.037648736057402536,10.0
3.1666666666666665,0.4810212281385289,250.0
15.0,0.07058081514927628,250.0
0.8333333333333334,0.6202828295458571,250.0
16.0,0.05002198725681581,100.0
10.5,0.1572729630305326,250.0
17.666666666666668,0.042147427280411515,10.0
0.3333333333333333,1.0,250.0
1.1666666666666667,0.4852579397961689,250.0
16.833333333333332,0.044830906830489486,100.0
18.5,0.03828069088957265,100.0
10.5,0.1572729630305326,250.0
12.166666666666666,0.122594983202955,250.0
16.833333333333332,0.04713498865122593,100.0
15.5,0.05920463483138985,100.0
12.166666666666666,0.122594983202955,250.0
16.833333333333332,0.04972609738640332,100.0
18.0,0.038769266699143344,10.0
15.666666666666666,0.06414712600897227,10.0
16.166666666666668,0.06127857834251209,100.0
20.166666666666668,0.0320452332788548,10.0
14.333333333333334,0.08114450942539259,250.0
18.833333333333332,0.03843442913811305,10.0
9.333333333333334,0.1809983339013787,250.0
6.5,0.26361746018860416,250.0
18.0,0.04249225008148626,10.0
9.0,0.20660764556959277,100.0
18.833333333333332,0.03784159155885753,10.0
16.833333333333332,0.050225035268302666,100.0
12.333333333333334,0.1163793315972055,250.0
19.333333333333332,0.04192865776745193,10.0
18.666666666666668,0.03496481288297161,10.0
17.333333333333332,0.04402832268868582,100.0
19.0,0.035741598751134515,10.0
6.5,0.26361746018860416,250.0
9.333333333333334,0.23637945960036802,250.0
17.666666666666668,0.03654563577491425,100.0
9.0,0.20660764556959277,100.0
3.1666666666666665,0.4612080160879304,250.0
17.333333333333332,0.04797173092678916,10.0
17.833333333333332,0.04306399349298904,250.0
16.5,0.04530024603140419,10.0
5.666666666666667,0.33875243651883674,250.0
9.0,0.20660764556959277,100.0
16.666666666666668,0.04574057830070507,10.0
16.333333333333332,0.049467266571576865,100.0
17.666666666666668,0.03867587698425009,10.0
16.666666666666668,0.04736778563759976,10.0
19.166666666666668,0.037381682284318984,10.0
16.833333333333332,0.04141887712323976,100.0
0.16666666666666666,1.0,250.0
14.666666666666666,0.055048316896829985,10.0
16.333333333333332,0.049467266571576865,100.0
11.833333333333334,0.13582068054863078,250.0
4.833333333333333,0.43556357463732986,250.0
17.166666666666668,0.044312174312908424,100.0
0.5,1.0,250.0
17.5,0.044622848839979905,10.0
17.833333333333332,0.04306399349298904,250.0
14.666666666666666,0.055048316896829985,10.0
15.333333333333334,0.060713044769798594,10.0
19.166666666666668,0.037381682284318984,10.0
20.666666666666668,0.03144283767016788,10.0
19.166666666666668,0.037381682284318984,10.0
18.333333333333332,0.04156696512359161,100.0
9.166666666666666,0.1776624042048937,250.0
12.5,0.08767165451388031,250.0
16.166666666666668,0.056979360303270485,100.0
16.0,0.04654466537651101,10.0
16.333333333333332,0.049467266571576865,100.0
0.16666666666666666,1.0,100.0
19.833333333333332,0.0356366005937454,100.0
18.0,0.038769266699143344,10.0
13.5,0.08031010226540805,100.0
8.666666666666666,0.2027868001300959,100.0
16.166666666666668,0.05113595333571541,100.0
9.333333333333334,0.1809983339013787,250.0
6.5,0.26361746018860416,250.0
20.666666666666668,0.03144283767016788,10.0
14.666666666666666,0.055048316896829985,10.0
8.666666666666666,0.2027868001300959,100.0
10.0,0.16043346368878336,250.0
16.833333333333332,0.046688992245253295,100.0
13.166666666666666,0.07291546470189697,10.0
15.166666666666666,0.061978473865578226,10.0
12.333333333333334,0.11432797942815175,100.0
14.0,0.06558114613556836,100.0
14.0,0.0797443315268276,100.0
12.666666666666666,0.09934925115092956,10.0
15.0,0.06771523517627764,100.0
0.6666666666666666,1.0,250.0
2.1666666666666665,0.5780051726829004,250.0
16.166666666666668,0.056979360303270485,100.0
16.5,0.052317470004918556,10.0
14.666666666666666,0.07221803542257056,100.0
18.333333333333332,0.041142465668228254,100.0
19.833333333333332,0.030977408121686256,10.0
18.0,0.038769266699143344,10.0
19.833333333333332,0.04105534281476641,10.0
18.166666666666668,0.035172271325299945,100.0
12.333333333333334,0.11432797942815175,100.0
0.16666666666666666,1.0,250.0
0.16666666666666666,1.0,100.0
16.833333333333332,0.05244439459882092,10.0
15.833333333333334,0.05503439390782414,100.0
18.833333333333332,0.0358176400145498,10.0
20.166666666666668,0.02971613025729057,100.0
16.5,0.04636989100071057,10.0
15.0,0.06771523517627764,100.0
16.166666666666668,0.049823938093338536,250.0
8.166666666666666,0.20978909534555973,100.0
16.666666666666668,0.04849047845099071,100.0
18.833333333333332,0.0358176400145498,10.0
16.333333333333332,0.049467266571576865,100.0
10.666666666666666,0.1583222209178653,250.0
16.833333333333332,0.046688992245253295,100.0
0.3333333333333333,1.0,250.0
4.333333333333333,0.32210320965215217,250.0
18.333333333333332,0.0374125221568899,60.0
0.5,1.0,100.0
13.5,0.07908258653538415,100.0
15.0,0.06785042374639635,100.0
16.166666666666668,0.054513007737085936,100.0
13.833333333333334,0.078445493867025,250.0
16.666666666666668,0.04846650512908182,100.0
15.333333333333334,0.05576778074048763,100.0
1.8333333333333333,0.3052336800886587,250.0
14.5,0.060597660950092225,250.0
19.333333333333332,0.03192036034723752,10.0
16.5,0.04732558955861621,100.0
20.666666666666668,0.03334105726209976,10.0
18.0,0.03991185735053414,10.0
18.333333333333332,0.03539306788337292,10.0
3.0,0.5088421963485408,250.0
2.5,0.6141202789872244,250.0
12.333333333333334,0.11302574886368917,100.0
15.333333333333334,0.06099281655494287,10.0
4.333333333333333,0.32210320965215217,250.0
13.833333333333334,0.078445493867025,250.0
8.833333333333334,0.17371882807415628,100.0
17.666666666666668,0.04143273972892664,10.0
3.1666666666666665,0.44135019704083855,250.0
16.333333333333332,0.05187000333237377,100.0
14.166666666666666,0.060192695411515694,10.0
15.5,0.05647553964319572,100.0
7.333333333333333,0.24085427152107136,250.0
9.166666666666666,0.16319173109617807,250.0
14.0,0.07302233896571363,250.0
18.666666666666668,0.030233634271510254,10.0
21.166666666666668,0.030711877361664756,10.0
1.8333333333333333,0.3052336800886587,250.0
20.666666666666668,0.028301674771555773,10.0
16.833333333333332,0.04592598497209399,100.0
18.0,0.03953423632460718,100.0
16.333333333333332,0.05094948853187103,100.0
19.166666666666668,0.03696206597522374,100.0
1.0,0.7367582085135214,250.0
16.333333333333332,0.045680315129148094,100.0
12.166666666666666,0.10091815448527292,10.0
19.333333333333332,0.03553253914796474,100.0
12.333333333333334,0.0963611104714355,250.0
15.333333333333334,0.06099281655494287,10.0
16.5,0.04990331455226221,10.0
5.333333333333333,0.32509560459534687,250.0
16.333333333333332,0.050472107902392684,10.0
10.666666666666666,0.112381041148347,10.0
16.166666666666668,0.059085213627696184,250.0
1.0,0.7367582085135214,250.0
16.166666666666668,0.059085213627696184,250.0
22.166666666666668,0.02749583971314698,10.0
20.666666666666668,0.028301674771555773,10.0
16.166666666666668,0.059085213627696184,250.0
13.833333333333334,0.08691450669380704,250.0
12.833333333333334,0.10644110971956211,250.0
19.333333333333332,0.0332378938547432,10.0
19.666666666666668,0.03801508500163763,10.0
14.166666666666666,0.060192695411515694,10.0
20.333333333333332,0.03127807783380729,10.0
0.5,1.0,100.0
16.333333333333332,0.050472107902392684,10.0
17.666666666666668,0.04114963051411646,10.0
13.5,0.07908258653538415,100.0
13.166666666666666,0.07882732197133288,250.0
12.166666666666666,0.10091815448527292,10.0
18.166666666666668,0.03797770524713365,10.0
8.833333333333334,0.17371882807415628,100.0
16.666666666666668,0.04687560090718362,10.0
1.0,0.7367582085135214,250.0
16.0,0.05524858156636367,10.0
14.666666666666666,0.056630033576271985,100.0
14.666666666666666,0.056630033576271985,100.0
18.833333333333332,0.02877584442315627,10.0
16.166666666666668,0.05021002357640282,100.0
1.8333333333333333,0.3052336800886587,250.0
18.833333333333332,0.02877584442315627,10.0
0.8333333333333334,0.5313889384763313,250.0
6.5,0.2762137298457225,250.0
16.166666666666668,0.05021002357640282,100.0
18.833333333333332,0.02877584442315627,10.0
9.166666666666666,0.16319173109617807,250.0
18.5,0.03806243811252795,10.0
12.166666666666666,0.10091815448527292,10.0
15.0,0.06785042374639635,100.0
19.666666666666668,0.03801508500163763,10.0
3.0,0.5088421963485408,250.0
16.5,0.043425067176759195,100.0
18.666666666666668,0.04084373489715548,10.0
16.0,0.05524858156636367,10.0
19.166666666666668,0.03425693647838139,10.0
19.166666666666668,0.03696206597522374,100.0
19.666666666666668,0.03523007378666308,10.0
19.166666666666668,0.03696206597522374,100.0
18.0,0.043352574855936375,10.0
18.0,0.04189148214248741,10.0
19.5,0.036247500702909115,10.0
19.333333333333332,0.02954164024061933,10.0
17.0,0.04812814388019783,100.0
14.833333333333334,0.0608947465275079,100.0
3.3333333333333335,0.4621903026277951,250.0
13.0,0.08055923300587058,100.0
18.166666666666668,0.03783426940575846,10.0
20.166666666666668,0.03131394170021644,10.0
15.5,0.06503930019478421,100.0
19.0,0.03565512561573823,10.0
3.6666666666666665,0.5833481536530042,250.0
15.0,0.06053590379594016,100.0
4.666666666666667,0.39464540734680603,100.0
9.166666666666666,0.13674749041713097,250.0
1.5,0.44001425990185794,100.0
13.833333333333334,0.07981061444768138,10.0
14.0,0.07510370564102166,100.0
19.666666666666668,0.03647328567364718,10.0
14.666666666666666,0.05793564135791475,100.0
14.0,0.07510370564102166,100.0
16.0,0.05760754650667225,100.0
16.333333333333332,0.050115462558961835,100.0
18.333333333333332,0.03622835447604718,10.0
17.5,0.04333889384482315,10.0
18.166666666666668,0.031256867838808586,100.0
14.5,0.07845138541618453,100.0
21.666666666666668,0.027123558844029148,10.0
17.5,0.04062918292053016,100.0
20.666666666666668,0.03317326770347457,10.0
15.5,0.048189033422994694,250.0
15.5,0.06305848911814566,100.0
13.0,0.08055923300587058,100.0
21.166666666666668,0.03035308536919218,10.0
17.166666666666668,0.047487053824303904,250.0
12.833333333333334,0.0994467779284194,10.0
15.0,0.06655419988517924,250.0
15.666666666666666,0.06247214299461122,100.0
20.166666666666668,0.03335891905712747,100.0
15.5,0.06503930019478421,100.0
20.666666666666668,0.030213655303841562,100.0
14.666666666666666,0.07066810682279591,100.0
2.0,0.7241135711698042,250.0
20.666666666666668,0.030213655303841562,100.0
18.833333333333332,0.03500520129185783,10.0
19.166666666666668,0.03405928274716279,10.0
17.666666666666668,0.040083438608940536,100.0
19.166666666666668,0.037022324030192046,10.0
2.0,0.7241135711698042,250.0
17.833333333333332,0.036994614787829526,10.0
20.666666666666668,0.030173085271591304,100.0
14.833333333333334,0.058954068422157134,100.0
14.833333333333334,0.06072637514915879,60.0
15.833333333333334,0.051872645036317874,100.0
22.0,0.027153494464407114,100.0
14.0,0.074107962944088,100.0
20.166666666666668,0.031561519228674846,10.0
19.666666666666668,0.03647328567364718,10.0
0.8333333333333334,0.631340899980838,250.0
18.166666666666668,0.040159087411157195,100.0
20.666666666666668,0.03317326770347457,10.0
15.333333333333334,0.06111045335157632,100.0
20.333333333333332,0.033846152739194446,100.0
0.16666666666666666,1.0,250.0
17.833333333333332,0.036994614787829526,10.0
16.666666666666668,0.04472224124493191,100.0
18.833333333333332,0.03756613541041112,10.0
7.833333333333333,0.2652597259562091,250.0
16.333333333333332,0.05168727532706247,10.0
14.0,0.08088622207983727,100.0
22.0,0.028809427354474542,10.0
2.0,0.47248914503416833,250.0
1.3333333333333333,0.8358531045482234,100.0
22.333333333333332,0.025743536311228693,10.0
2.0,0.47248914503416833,250.0
14.5,0.07845138541618453,100.0
15.5,0.06503930019478421,100.0
14.5,0.07845138541618453,100.0
0.5,1.0,250.0
14.0,0.07510370564102166,100.0
7.333333333333333,0.28072862696489614,250.0
17.333333333333332,0.043515582579426934,10.0
2.1666666666666665,0.4456248991584878,250.0
20.666666666666668,0.0309379552511388,10.0
17.5,0.04333889384482315,10.0
0.5,1.0,250.0
20.833333333333332,0.02933444890975609,10.0
10.166666666666666,0.1739795530063339,100.0
2.1666666666666665,0.4456248991584878,250.0
11.666666666666666,0.10550102351944857,100.0
14.5,0.07845138541618453,100.0
19.833333333333332,0.029163836392496624,10.0
16.166666666666668,0.04815514858719396,250.0
0.5,1.0,250.0
19.666666666666668,0.03135525205015595,10.0
14.5,0.06787915815053133,250.0
6.5,0.25839879475463745,100.0
19.166666666666668,0.03405928274716279,10.0
19.333333333333332,0.035088574950595246,10.0
15.666666666666666,0.06247214299461122,100.0
20.333333333333332,0.03445226190965304,10.0
12.833333333333334,0.0994467779284194,10.0
0.16666666666666666,1.0,250.0
23.5,0.02537305241635313,10.0
21.166666666666668,0.03026217969698617,10.0
21.666666666666668,0.02895619719265582,10.0
13.833333333333334,0.08490459513893793,10.0
14.5,0.06034911956051347,100.0
16.833333333333332,0.04728263085111837,100.0
10.666666666666666,0.1328233156539901,250.0
18.166666666666668,0.03814918865597704,10.0
14.166666666666666,0.08059391608504955,250.0
5.5,0.3477394742331319,250.0
15.0,0.07108060714476115,100.0
17.333333333333332,0.03996414377324958,10.0
15.666666666666666,0.06030337811358169,100.0
21.666666666666668,0.02895619719265582,10.0
16.333333333333332,0.052157606622562164,100.0
1.3333333333333333,0.5846212381750374,250.0
14.0,0.07610354120058274,100.0
15.166666666666666,0.06170068723897933,100.0
19.0,0.031159329249543923,100.0
11.166666666666666,0.13086081554735018,250.0
19.833333333333332,0.0336764132409677,100.0
17.0,0.04823275198412511,100.0
5.666666666666667,0.40765097972759223,250.0
5.5,0.29872040732090965,250.0
7.666666666666667,0.2904489892928645,100.0
20.166666666666668,0.030929108428205475,10.0
21.166666666666668,0.03026217969698617,10.0
13.333333333333334,0.08903186741276255,250.0
2.6666666666666665,0.43188705206078054,250.0
20.166666666666668,0.030929108428205475,10.0
19.0,0.03714052282796823,100.0
19.5,0.03444391561972047,10.0
12.833333333333334,0.09149929965116174,250.0
8.833333333333334,0.2097165272349967,250.0
19.0,0.03217007378204422,10.0
21.666666666666668,0.02895619719265582,10.0
7.166666666666667,0.28874925371122034,100.0
15.833333333333334,0.05390235063042462,100.0
10.666666666666666,0.14430660294502345,250.0
3.8333333333333335,0.43774868085144236,250.0
17.666666666666668,0.04159890584339276,10.0
18.333333333333332,0.0402302194560179,10.0
19.833333333333332,0.03478490896718153,10.0
11.5,0.13718717247803877,100.0
15.666666666666666,0.06030337811358169,100.0
15.5,0.05951683974854291,100.0
18.5,0.04032592694133134,60.0
16.333333333333332,0.052157606622562164,100.0
14.666666666666666,0.0673392175628119,100.0
17.5,0.042247065027956374,10.0
17.333333333333332,0.03996414377324958,10.0
17.333333333333332,0.038493310098860194,10.0
11.166666666666666,0.14113821246257566,100.0
1.0,0.3495679592098568,250.0
19.333333333333332,0.03584620625700896,10.0
12.333333333333334,0.11553506571773041,250.0
7.666666666666667,0.2904489892928645,100.0
17.833333333333332,0.03926855761315472,10.0
8.833333333333334,0.2097165272349967,250.0
17.666666666666668,0.03871973294496232,100.0
18.0,0.04308889672516303,100.0
2.6666666666666665,0.43188705206078054,250.0
18.166666666666668,0.04235175337383229,100.0
15.333333333333334,0.05505879698952789,250.0
4.166666666666667,0.2986970231179108,250.0
16.166666666666668,0.05671543323691474,100.0
10.0,0.1751211008557555,250.0
10.666666666666666,0.13497504229930896,100.0
15.333333333333334,0.06998344439806418,100.0
21.166666666666668,0.03026217969698617,10.0
17.833333333333332,0.03723901534410454,250.0
17.5,0.04374463442381616,100.0
10.666666666666666,0.13497504229930896,100.0
11.833333333333334,0.09189259444203911,100.0
15.166666666666666,0.06170068723897933,100.0
18.5,0.04062781364402567,10.0
12.5,0.10425849521844183,10.0
12.5,0.10425849521844183,10.0
19.166666666666668,0.03868155523274147,100.0
17.666666666666668,0.03944346636470632,100.0
17.166666666666668,0.04963122317881467,10.0
12.333333333333334,0.11553506571773041,250.0
13.166666666666666,0.09665775032832745,100.0
16.166666666666668,0.05671543323691474,100.0
18.833333333333332,0.03502214525396389,10.0
18.666666666666668,0.03980622574376049,10.0
0.6666666666666666,1.0,250.0
17.0,0.04823275198412511,100.0
11.5,0.12159098856406271,250.0
15.833333333333334,0.05670666100827625,100.0
7.166666666666667,0.28874925371122034,100.0
9.833333333333334,0.1871556659633307,100.0
20.833333333333332,0.03471539478711137,10.0
18.0,0.04308889672516303,100.0
7.666666666666667,0.2904489892928645,100.0
3.8333333333333335,0.43774868085144236,250.0
11.166666666666666,0.14113821246257566,100.0
18.166666666666668,0.03519390973688526,10.0
17.0,0.04788203383088316,10.0
19.666666666666668,0.029910360656338467,100.0
18.666666666666668,0.040299262215084536,10.0
12.833333333333334,0.08417685204846821,10.0
15.5,0.05880861366984771,10.0
17.166666666666668,0.039606024196540864,10.0
14.5,0.06611147355066806,100.0
18.666666666666668,0.0444794550533033,10.0
12.833333333333334,0.09634068653014015,10.0
17.166666666666668,0.044273573652227574,250.0
17.5,0.0483483814723582,250.0
13.333333333333334,0.09506832484617696,250.0
16.5,0.048126626081042664,100.0
12.833333333333334,0.08417685204846821,10.0
5.166666666666667,0.3028242341629951,100.0
6.0,0.3099759347541709,250.0
19.0,0.035529224810774196,10.0
17.666666666666668,0.04463870045210462,10.0
10.833333333333334,0.15580657545058343,100.0
15.333333333333334,0.0622787281257947,100.0
17.666666666666668,0.04460974152929019,250.0
14.333333333333334,0.06507149908064247,250.0
17.166666666666668,0.043377798929757,10.0
20.0,0.03438408511535481,100.0
19.833333333333332,0.03519070886518888,100.0
18.166666666666668,0.042131542546363455,10.0
20.5,0.03220757849265891,10.0
12.833333333333334,0.09071017070730444,250.0
1.8333333333333333,0.5903635085467004,250.0
17.333333333333332,0.04338784436527547,100.0
2.1666666666666665,0.5809065243840095,250.0
0.16666666666666666,1.0,250.0
15.5,0.05880861366984771,10.0
10.833333333333334,0.14260330287470507,250.0
19.5,0.0358873915260247,100.0
11.166666666666666,0.13223266153419536,100.0
10.833333333333334,0.14260330287470507,250.0
21.166666666666668,0.029476967734051264,10.0
13.333333333333334,0.09542995307186983,250.0
9.833333333333334,0.17039977231274192,250.0
6.0,0.3099759347541709,250.0
15.166666666666666,0.06106650338410085,100.0
12.5,0.09902667591766007,100.0
18.166666666666668,0.039174221403736276,10.0
16.5,0.048126626081042664,100.0
5.166666666666667,0.3028242341629951,100.0
16.833333333333332,0.05006899170000128,100.0
1.5,0.6119055049135,100.0
12.833333333333334,0.09634068653014015,10.0
19.5,0.0358873915260247,100.0
15.166666666666666,0.0598177327028375,100.0
18.666666666666668,0.040299262215084536,10.0
0.8333333333333334,0.7241031862740023,250.0
18.5,0.03897109682034768,100.0
6.0,0.3099759347541709,250.0
18.666666666666668,0.0444794550533033,10.0
15.333333333333334,0.06139370733064548,100.0
6.0,0.3099759347541709,250.0
15.833333333333334,0.049262437659518675,100.0
9.833333333333334,0.17039977231274192,250.0
17.0,0.04266497714734386,10.0
20.0,0.03361757111071337,10.0
18.333333333333332,0.04025366420738843,10.0
10.833333333333334,0.1237156307900608,10.0
18.5,0.03623086153407202,10.0
2.1666666666666665,0.5809065243840095,250.0
14.333333333333334,0.07287384555138479,250.0
17.666666666666668,0.04460974152929019,250.0
17.166666666666668,0.043377798929757,10.0
17.666666666666668,0.04463870045210462,10.0
10.833333333333334,0.14260330287470507,250.0
11.166666666666666,0.13437188103606834,250.0
2.5,0.5040456857748399,250.0
20.0,0.033956113337651014,10.0
3.1666666666666665,0.3914858728085894,250.0
18.333333333333332,0.04025366420738843,10.0
18.666666666666668,0.04127049687111442,10.0
2.1666666666666665,0.5809065243840095,250.0
14.666666666666666,0.06920509988790625,10.0
2.8333333333333335,0.426186891368717,250.0
18.666666666666668,0.03605416592753167,100.0
16.5,0.048126626081042664,100.0
16.5,0.052412782144229494,100.0
18.666666666666668,0.0444794550533033,10.0
16.0,0.04818437124573202,100.0
17.5,0.044002558961446274,10.0
18.666666666666668,0.04127049687111442,10.0
13.5,0.07465040064944035,100.0
2.1666666666666665,0.582036392243889,250.0
2.8333333333333335,0.426186891368717,250.0
12.333333333333334,0.1035583190789508,10.0
16.833333333333332,0.04658371974993568,250.0
16.833333333333332,0.04868020253559751,250.0
10.833333333333334,0.15580657545058343,100.0
18.666666666666668,0.03605416592753167,100.0
16.833333333333332,0.04914792512120226,10.0
10.0,0.15794951361841325,100.0
17.5,0.044002558961446274,10.0
10.333333333333334,0.1549132079039101,100.0
16.666666666666668,0.047600281756055705,10.0
4.5,0.42682198878052535,100.0
13.166666666666666,0.0923323371290836,10.0
13.833333333333334,0.0791993790954798,10.0
6.833333333333333,0.2519962550552139,10.0
19.833333333333332,0.03895010413116125,10.0
13.666666666666666,0.07886426710274386,60.0
13.0,0.09425083366272197,100.0
18.833333333333332,0.03734713290482182,10.0
18.0,0.03913838611764335,10.0
17.833333333333332,0.042396087900003994,10.0
10.666666666666666,0.16746504182567473,100.0
18.0,0.041942786433938256,100.0
19.166666666666668,0.0406728840310751,10.0
19.666666666666668,0.0354776064451791,100.0
19.0,0.036124106811537444,10.0
13.666666666666666,0.09017719489204315,250.0
16.833333333333332,0.052597392501102756,10.0
16.833333333333332,0.052597392501102756,10.0
0.16666666666666666,1.0,250.0
0.16666666666666666,1.0,250.0
11.666666666666666,0.10662430000370215,250.0
14.166666666666666,0.07878074523587311,250.0
18.0,0.04586362183134217,100.0
16.833333333333332,0.05404926643434435,100.0
15.666666666666666,0.06103163649956418,100.0
18.0,0.04586362183134217,100.0
15.666666666666666,0.058490798946675714,100.0
16.833333333333332,0.04814244784734618,10.0
18.5,0.03485880747336333,10.0
9.666666666666666,0.1596827953441589,10.0
16.833333333333332,0.052597392501102756,10.0
16.666666666666668,0.047600281756055705,10.0
18.0,0.03913838611764335,10.0
9.666666666666666,0.18946217824570194,100.0
13.666666666666666,0.09017719489204315,250.0
17.833333333333332,0.03957413079102466,100.0
19.0,0.036124106811537444,10.0
19.833333333333332,0.031080451869936816,10.0
0.16666666666666666,1.0,250.0
14.166666666666666,0.06888136298009093,10.0
11.833333333333334,0.10856377169437426,100.0
20.833333333333332,0.035162825755328135,10.0
14.166666666666666,0.07878074523587311,250.0
16.666666666666668,0.039220638442549575,10.0
20.5,0.03306677638779298,10.0
9.5,0.19189751728798443,100.0
11.666666666666666,0.11156652567196777,250.0
1.5,0.42521038183261733,250.0
15.166666666666666,0.057783374016288476,250.0
21.333333333333332,0.029891140790991907,10.0
18.0,0.03913838611764335,10.0
15.333333333333334,0.05208541355485984,100.0
12.666666666666666,0.0976544125284341,100.0
21.333333333333332,0.029891140790991907,10.0
21.333333333333332,0.029891140790991907,10.0
15.833333333333334,0.051569700150313945,100.0
0.16666666666666666,1.0,250.0
16.333333333333332,0.04677421465897671,10.0
17.333333333333332,0.04476046379454686,10.0
8.333333333333334,0.220916033626394,250.0
19.166666666666668,0.034270709819628896,10.0
17.833333333333332,0.042396087900003994,10.0
6.833333333333333,0.3195390550446476,250.0
20.5,0.03306677638779298,10.0
3.0,0.6016348302616137,250.0
19.0,0.03592135876532022,10.0
7.833333333333333,0.22684951405059847,100.0
18.0,0.03913838611764335,10.0
11.333333333333334,0.11519810660984671,250.0
10.333333333333334,0.1580694421438838,250.0
18.833333333333332,0.03925826556910758,10.0
6.333333333333333,0.2977253478185636,100.0
18.0,0.04586362183134217,100.0
15.833333333333334,0.049933193538783935,100.0
21.833333333333332,0.03034441137490172,10.0
18.5,0.04252552072916513,10.0
10.666666666666666,0.16746504182567473,100.0
19.0,0.037265792285590044,10.0
0.16666666666666666,1.0,100.0
22.166666666666668,0.0292710688330641,10.0
20.833333333333332,0.03275929171784786,10.0
19.0,0.036124106811537444,10.0
21.333333333333332,0.029891140790991907,10.0
16.833333333333332,0.05404926643434435,100.0
19.166666666666668,0.03433750297831704,100.0
11.0,0.12663538553861728,250.0
20.833333333333332,0.03275929171784786,10.0
16.166666666666668,0.052833924384871396,250.0
15.666666666666666,0.062136277516937344,250.0
9.666666666666666,0.173502053702844,250.0
20.0,0.03386916930427782,10.0
19.833333333333332,0.03895010413116125,10.0
15.333333333333334,0.05208541355485984,100.0
16.5,0.0490777871502142,10.0
18.333333333333332,0.040958878217992725,10.0
15.833333333333334,0.049933193538783935,100.0
15.666666666666666,0.05595262458899777,10.0
8.333333333333334,0.220916033626394,250.0
10.166666666666666,0.14257931083620398,250.0
2.3333333333333335,0.5380689115619229,100.0
14.5,0.06484829534440761,100.0
17.333333333333332,0.03904024705341052,100.0
15.0,0.057186373724190054,250.0
12.333333333333334,0.09818455269464084,100.0
17.0,0.0434592365704861,10.0
16.666666666666668,0.04965238237187997,100.0
9.333333333333334,0.20820810095324252,250.0
14.333333333333334,0.06162655724108429,100.0
16.0,0.05324132476046483,100.0
16.0,0.04678128038757492,100.0
12.333333333333334,0.09818455269464084,100.0
15.5,0.05619095108881975,100.0
20.5,0.030344403585681138,10.0
20.666666666666668,0.028202789091470646,10.0
16.0,0.047741081520979486,10.0
20.5,0.030344403585681138,10.0
17.0,0.0434592365704861,10.0
16.0,0.05324132476046483,100.0
13.833333333333334,0.07966607993735288,250.0
16.333333333333332,0.056944000385209935,100.0
21.0,0.031196757209559587,10.0
15.5,0.05619095108881975,100.0
2.1666666666666665,0.762033467466472,250.0
16.0,0.04678128038757492,100.0
16.666666666666668,0.04965238237187997,100.0
0.3333333333333333,1.0,250.0
14.333333333333334,0.06162655724108429,100.0
16.666666666666668,0.04700229083805605,100.0
13.333333333333334,0.09690792579179117,250.0
16.5,0.046007124697314876,100.0
10.5,0.15429496620441943,100.0
17.666666666666668,0.04156596438685915,10.0
4.666666666666667,0.4752830918900331,250.0
17.666666666666668,0.04534358708230219,100.0
11.5,0.13745392975807347,100.0
0.3333333333333333,1.0,250.0
20.166666666666668,0.03056564667137818,10.0
19.0,0.0316607614985703,10.0
17.166666666666668,0.05109751390615886,100.0
0.16666666666666666,1.0,250.0
14.333333333333334,0.06162655724108429,100.0
16.0,0.04678128038757492,100.0
15.0,0.06872962070476982,100.0
14.0,0.07967338234721091,250.0
0.3333333333333333,1.0,250.0
19.666666666666668,0.03226113528436022,10.0
18.833333333333332,0.034207332256791165,10.0
21.5,0.029176257182952296,10.0
14.0,0.07967338234721091,250.0
18.5,0.03512293811011447,10.0
4.666666666666667,0.42504811588148783,250.0
13.333333333333334,0.09690792579179117,250.0
0.3333333333333333,1.0,250.0
16.833333333333332,0.0500724479882916,100.0
20.5,0.030344403585681138,10.0
6.5,0.33480731377877027,250.0
14.666666666666666,0.06425512132774193,10.0
20.5,0.03349724935261911,10.0
19.833333333333332,0.03254743057568469,10.0
14.833333333333334,0.07284819218490084,250.0
18.666666666666668,0.033019219728474936,10.0
20.5,0.030344403585681138,10.0
3.0,0.4451325072216419,250.0
16.833333333333332,0.0500724479882916,100.0
15.333333333333334,0.056612323516361446,10.0
10.333333333333334,0.14852305612971176,100.0
14.666666666666666,0.06425512132774193,10.0
18.666666666666668,0.038517076096085456,100.0
17.666666666666668,0.04156596438685915,10.0
9.166666666666666,0.17632707261229852,250.0
19.833333333333332,0.032406812925440974,10.0
21.5,0.027598360490196355,10.0
20.666666666666668,0.028202789091470646,10.0
1.5,0.5692389606204669,250.0
17.0,0.0434592365704861,10.0
15.166666666666666,0.061658915500855505,10.0
14.833333333333334,0.06308244966899759,250.0
18.833333333333332,0.03546765681807405,10.0
16.666666666666668,0.036441206582668334,60.0
19.0,0.03875236225716098,100.0
5.5,0.33571158738513485,100.0
16.166666666666668,0.04567704779423737,10.0
18.5,0.03969813441764032,100.0
20.0,0.03224464677379977,100.0
11.0,0.14917678944736681,250.0
2.1666666666666665,0.762033467466472,250.0
20.333333333333332,0.03283296860511684,10.0
1.6666666666666667,0.5335875773715701,250.0
9.166666666666666,0.17632707261229852,250.0
10.166666666666666,0.14257931083620398,250.0
19.666666666666668,0.03226113528436022,10.0
18.666666666666668,0.03870406828306377,10.0
3.3333333333333335,0.4895772054650295,250.0
20.0,0.03610501299660547,100.0
17.666666666666668,0.04534358708230219,100.0
14.833333333333334,0.06308244966899759,250.0
0.3333333333333333,1.0,250.0
18.666666666666668,0.038517076096085456,100.0
0.16666666666666666,1.0,250.0
12.166666666666666,0.09555280114832473,10.0
5.666666666666667,0.33298231799522926,10.0
16.666666666666668,0.045585374500117654,10.0
6.833333333333333,0.2395804924942485,250.0
4.833333333333333,0.5251210657393994,250.0
16.333333333333332,0.047016161946453694,10.0
18.833333333333332,0.0326762600432638,100.0
19.833333333333332,0.02920098470313007,10.0
1.8333333333333333,0.5931869081968782,250.0
3.5,0.32328278405376,250.0
14.666666666666666,0.0729312424056002,100.0
16.833333333333332,0.0490790705467935,250.0
2.8333333333333335,0.4270932464739553,250.0
17.5,0.03805337729067786,10.0
14.666666666666666,0.05525203453100329,10.0
5.166666666666667,0.3862613968026429,250.0
19.833333333333332,0.02920098470313007,10.0
3.5,0.32328278405376,250.0
21.0,0.029727641219855255,10.0
18.833333333333332,0.03233164357799803,10.0
17.0,0.041564760016662115,60.0
4.5,0.47484074081269506,250.0
13.333333333333334,0.08324454532678335,100.0
13.666666666666666,0.07513772837184168,250.0
14.333333333333334,0.07825317403321122,100.0
13.833333333333334,0.07004594701262165,10.0
18.0,0.03716261854891393,100.0
17.0,0.041564760016662115,60.0
18.166666666666668,0.04063168609969069,10.0
2.5,0.5398672820834333,250.0
16.666666666666668,0.045585374500117654,10.0
17.166666666666668,0.04807868184043967,100.0
15.0,0.06570209877288263,100.0
11.5,0.12817081607816655,250.0
16.833333333333332,0.05029161720365897,100.0
13.333333333333334,0.08324454532678335,100.0
16.666666666666668,0.047205209804419224,10.0
15.0,0.06570209877288263,100.0
19.833333333333332,0.03631757557035284,10.0
15.833333333333334,0.05169075691031929,100.0
9.5,0.21649582237610895,250.0
8.666666666666666,0.2051274892172455,250.0
17.0,0.041564760016662115,60.0
12.166666666666666,0.11984075834601056,100.0
0.16666666666666666,1.0,250.0
21.0,0.03136087170033599,10.0
3.5,0.32328278405376,250.0
19.166666666666668,0.03956117675564419,10.0
16.666666666666668,0.047205209804419224,10.0
2.8333333333333335,0.4270932464739553,250.0
12.166666666666666,0.09555280114832473,10.0
9.666666666666666,0.1524759828957105,250.0
19.666666666666668,0.030554492928689312,10.0
15.166666666666666,0.059957512969437,100.0
15.666666666666666,0.059895288709894044,100.0
15.166666666666666,0.06696664098367752,100.0
14.666666666666666,0.07967890500396209,250.0
20.166666666666668,0.03147285646168615,100.0
15.166666666666666,0.06696664098367752,100.0
6.833333333333333,0.2395804924942485,250.0
16.5,0.046876607545750716,250.0
9.333333333333334,0.17793566588563978,250.0
22.666666666666668,0.026384703950643035,10.0
5.666666666666667,0.33298231799522926,10.0
17.5,0.04127773575458901,100.0
1.8333333333333333,0.5931869081968782,250.0
6.666666666666667,0.34156738575476825,100.0
10.0,0.14853739163023305,250.0
19.0,0.036521644647174674,10.0
13.0,0.09535659766043048,100.0
20.0,0.036390078262544846,10.0
18.833333333333332,0.03233164357799803,10.0
15.666666666666666,0.05768572902458229,10.0
17.666666666666668,0.0444319148514908,100.0
10.0,0.14853739163023305,250.0
4.833333333333333,0.5251210657393994,250.0
18.5,0.04099211654163698,10.0
17.5,0.044925181541758494,10.0
20.5,0.030821027620282212,100.0
19.0,0.036521644647174674,10.0
14.0,0.06614665494339228,100.0
18.5,0.03748883468531595,10.0
17.0,0.041564760016662115,60.0
17.0,0.045977116631150054,10.0
20.666666666666668,0.030365722870068806,100.0
9.5,0.19636271679332049,100.0
6.833333333333333,0.2395804924942485,250.0
12.166666666666666,0.11984075834601056,100.0
4.833333333333333,0.23778850168143306,250.0
17.833333333333332,0.04000778557826902,10.0
14.666666666666666,0.0729312424056002,100.0
13.0,0.10017088448364035,100.0
18.166666666666668,0.0434561147464958,10.0
16.5,0.046876607545750716,250.0
13.666666666666666,0.08180404330033764,100.0
14.333333333333334,0.07825317403321122,100.0
16.833333333333332,0.04480295901748393,100.0
1.6666666666666667,0.32693020984028603,250.0
17.0,0.04690355797062501,100.0
19.333333333333332,0.03344058205227379,100.0
5.166666666666667,0.39375025465260854,100.0
16.5,0.043244326841611204,10.0
15.833333333333334,0.0521862190755881,60.0
18.666666666666668,0.041084050369406606,10.0
17.0,0.04690355797062501,100.0
7.0,0.3159814661434507,100.0
19.0,0.03626603236938965,10.0
18.833333333333332,0.03933339962924956,10.0
10.333333333333334,0.1850807307237665,250.0
4.166666666666667,0.4268849162791119,100.0
3.1666666666666665,0.4909450123896814,100.0
18.0,0.04016556751956547,10.0
6.0,0.3262140401416657,250.0
11.666666666666666,0.1412248323016789,100.0
16.166666666666668,0.04353270717637198,100.0
15.666666666666666,0.05288149523871389,10.0
9.166666666666666,0.20820326142297732,10.0
13.833333333333334,0.08260601986762915,100.0
18.666666666666668,0.038858085912485955,10.0
10.833333333333334,0.14636077606437,250.0
15.333333333333334,0.061494621064710216,250.0
13.833333333333334,0.08260601986762915,100.0
15.833333333333334,0.0521862190755881,60.0
16.666666666666668,0.04706755161749493,10.0
15.166666666666666,0.07166445097308133,250.0
11.166666666666666,0.12092659891219804,250.0
18.666666666666668,0.03314928379349857,100.0
18.166666666666668,0.03998600847975189,10.0
20.833333333333332,0.030583324135128123,10.0
13.333333333333334,0.08940178624534675,100.0
1.0,0.9480921693642302,250.0
16.333333333333332,0.05314631520713747,250.0
13.333333333333334,0.08604697279475979,250.0
18.166666666666668,0.03819874967530564,10.0
18.666666666666668,0.038069855724245594,10.0
17.666666666666668,0.04330820919402256,10.0
16.666666666666668,0.04904934547291385,100.0
17.333333333333332,0.040351957082504546,100.0
19.0,0.03642949880743804,10.0
18.833333333333332,0.03933339962924956,10.0
11.666666666666666,0.1412248323016789,100.0
19.333333333333332,0.03557835616617066,10.0
8.833333333333334,0.207052191159282,100.0
14.666666666666666,0.06543782766137816,100.0
8.166666666666666,0.2370607069617953,250.0
21.0,0.03167769663649355,10.0
15.0,0.06594814169511885,100.0
19.333333333333332,0.0359663408561968,10.0
18.333333333333332,0.04179746461499353,10.0
13.666666666666666,0.07967440257883468,10.0
16.833333333333332,0.03971207707357913,100.0
17.833333333333332,0.037769364630388214,10.0
14.666666666666666,0.06645802568006637,100.0
19.333333333333332,0.03181340617357587,100.0
20.0,0.029404029718713816,10.0
13.666666666666666,0.07967440257883468,10.0
15.833333333333334,0.0521862190755881,60.0
18.166666666666668,0.04374024025152018,100.0
16.833333333333332,0.0400970574592521,10.0
19.0,0.03626603236938965,10.0
10.833333333333334,0.13246682025176468,250.0
16.833333333333332,0.0505113044211924,100.0
8.833333333333334,0.207052191159282,100.0
7.0,0.3159814661434507,100.0
22.166666666666668,0.02600798310175126,10.0
16.833333333333332,0.03971207707357913,100.0
4.333333333333333,0.5073767982614111,250.0
12.5,0.10737218984097165,10.0
16.0,0.055865421466852985,250.0
15.833333333333334,0.05483116281770364,100.0
5.333333333333333,0.4605706069113504,100.0
15.166666666666666,0.06534933874537584,100.0
16.666666666666668,0.04904934547291385,100.0
17.0,0.04637733728734533,100.0
7.666666666666667,0.25593793644567286,250.0
16.666666666666668,0.052052615958199,10.0
19.833333333333332,0.038309676854493,10.0
17.0,0.048165905265048416,100.0
21.0,0.02874219851950691,10.0
0.16666666666666666,1.0,250.0
0.16666666666666666,1.0,250.0
17.0,0.048165905265048416,100.0
18.166666666666668,0.03998600847975189,10.0
18.0,0.04016556751956547,10.0
17.0,0.04668302348797791,100.0
11.166666666666666,0.12092659891219804,250.0
18.666666666666668,0.041084050369406606,10.0
18.166666666666668,0.03819874967530564,10.0
5.833333333333333,0.340246005078915,100.0
8.166666666666666,0.2370607069617953,250.0
6.166666666666667,0.25175862032672325,100.0
14.666666666666666,0.06645802568006637,100.0
16.0,0.04846157737335634,100.0
10.0,0.157499447072322,250.0
18.5,0.03976236212270001,10.0
12.333333333333334,0.09251126913707673,250.0
18.666666666666668,0.038069855724245594,10.0
17.0,0.045669938817566855,10.0
