firing_rate,ISI_CV,neuron_index
19.166666666666668,0.03673143829337393,10.0
19.833333333333332,0.030418267304518343,10.0
17.333333333333332,0.045713539353885176,250.0
17.833333333333332,0.03884322090832078,10.0
3.0,0.610371576880992,250.0
17.166666666666668,0.047358945181878186,10.0
17.166666666666668,0.043291739291903095,100.0
17.666666666666668,0.041194420458609084,10.0
10.0,0.19326292063420186,250.0
13.666666666666666,0.09049955080838426,250.0
16.166666666666668,0.04831144191980047,10.0
16.166666666666668,0.04879274101818669,100.0
2.6666666666666665,0.3275890916865639,250.0
20.5,0.03375800443532712,10.0
14.833333333333334,0.06318215889448611,10.0
11.0,0.1378458086465835,100.0
15.833333333333334,0.05334957783503303,10.0
12.166666666666666,0.10517827038246902,100.0
17.166666666666668,0.04777931777963396,10.0
16.333333333333332,0.053061913396930394,100.0
17.166666666666668,0.04800171059173521,10.0
18.333333333333332,0.04108793819375023,100.0
18.333333333333332,0.03749354481854428,10.0
21.166666666666668,0.030905873045307893,10.0
11.666666666666666,0.1292916619817186,250.0
0.8333333333333334,1.1301118497006801,10.0
14.0,0.0765195802545698,250.0
2.0,0.4256774176881103,100.0
12.333333333333334,0.10443873923409348,250.0
16.333333333333332,0.05757727965170994,100.0
22.333333333333332,0.0316191264855732,10.0
20.5,0.026959284609886624,10.0
7.833333333333333,0.2784451552933148,250.0
19.0,0.03692321961878503,100.0
19.333333333333332,0.03486497469501877,10.0
7.0,0.3184342552621406,100.0
20.0,0.03177906948656808,10.0
11.166666666666666,0.12886328943204337,250.0
9.5,0.19341990841242304,250.0
18.5,0.037067995491568154,100.0
0.6666666666666666,1.0,250.0
12.166666666666666,0.11245350363983682,250.0
15.333333333333334,0.06007796292012251,100.0
17.333333333333332,0.04367703743233718,100.0
16.333333333333332,0.04413295471620569,10.0
11.5,0.1209676547351619,100.0
6.833333333333333,0.27697367719128796,100.0
16.0,0.05671216742613665,250.0
17.5,0.04048314428916514,100.0
20.166666666666668,0.03030908889127095,10.0
8.333333333333334,0.20780557081793494,250.0
13.833333333333334,0.0760248938283495,100.0
17.833333333333332,0.04079521130690752,100.0
15.0,0.07385359286588128,100.0
0.5,1.0,250.0
10.166666666666666,0.13245469068300936,100.0
17.0,0.04047756113768768,100.0
2.6666666666666665,0.5202618715362072,250.0
19.666666666666668,0.030808614552009787,10.0
20.666666666666668,0.030697152797555857,10.0
10.333333333333334,0.14948534956526005,100.0
2.0,0.6619259223590158,250.0
19.0,0.03500543137309182,10.0
13.833333333333334,0.07741793126027142,100.0
16.833333333333332,0.0498591335973017,10.0
20.5,0.03171954970199635,10.0
14.333333333333334,0.07598344805595397,100.0
16.833333333333332,0.051638899357570406,10.0
18.166666666666668,0.036422393937011105,100.0
6.833333333333333,0.3288406454893571,250.0
16.666666666666668,0.04710747602220561,100.0
11.833333333333334,0.11518799668005358,100.0
20.333333333333332,0.030701316590246316,10.0
17.333333333333332,0.04685653689259876,100.0
16.666666666666668,0.047963919535952,10.0
18.833333333333332,0.03596230477701004,10.0
17.166666666666668,0.04613822986262568,10.0
8.333333333333334,0.20550540639881332,100.0
13.666666666666666,0.08475468200168493,250.0
2.0,0.4339097643329831,250.0
10.666666666666666,0.15830118413416325,250.0
17.333333333333332,0.03768209978404657,10.0
19.666666666666668,0.03280867753639085,100.0
16.833333333333332,0.0479689038719363,10.0
15.666666666666666,0.0537803308975544,10.0
16.0,0.05617164764665477,250.0
6.166666666666667,0.3132623552035971,100.0
13.833333333333334,0.07155410721729688,100.0
16.0,0.053015280500997936,100.0
11.666666666666666,0.11769779366537866,250.0
18.666666666666668,0.038545591045470236,60.0
16.0,0.05066937594256086,10.0
18.166666666666668,0.03836243908010936,100.0
14.166666666666666,0.06286012188492225,250.0
12.0,0.1101984349610772,10.0
17.333333333333332,0.03672983193069598,100.0
17.166666666666668,0.04550862137668771,10.0
21.166666666666668,0.03136637817167091,10.0
6.833333333333333,0.2468150248929116,250.0
14.666666666666666,0.06656503384466214,250.0
12.166666666666666,0.08997120727971734,100.0
12.333333333333334,0.09909962628183171,250.0
16.666666666666668,0.05120674339096564,10.0
1.5,0.5916366170875356,100.0
0.16666666666666666,1.0,250.0
18.166666666666668,0.04227551867010565,10.0
19.166666666666668,0.0397674529852293,100.0
12.666666666666666,0.10822653730034712,250.0
14.333333333333334,0.07389271807760672,250.0
2.8333333333333335,0.6857562483683952,250.0
0.3333333333333333,1.0,100.0
15.333333333333334,0.04924213518491184,60.0
14.833333333333334,0.06776771793463995,10.0
0.16666666666666666,1.0,250.0
15.166666666666666,0.06233282094608414,250.0
8.833333333333334,0.2106748330422154,250.0
15.666666666666666,0.05796700941370384,10.0
12.166666666666666,0.12138031988470095,100.0
0.5,1.0,250.0
11.5,0.112510558310454,250.0
20.333333333333332,0.03017289861332547,10.0
11.666666666666666,0.12180744108612625,250.0
19.666666666666668,0.03505967259574373,10.0
18.166666666666668,0.04003116033283115,10.0
18.0,0.038245788508769245,10.0
3.8333333333333335,0.4675758168262404,250.0
11.333333333333334,0.11830432914003662,100.0
13.166666666666666,0.100435805446486,250.0
19.333333333333332,0.032629347738998546,10.0
19.666666666666668,0.034852455918158935,10.0
9.0,0.19972911666063248,250.0
9.166666666666666,0.20241273743939683,100.0
17.166666666666668,0.041294869817353724,10.0
14.833333333333334,0.06671442115307218,250.0
16.166666666666668,0.05236857821963966,10.0
10.833333333333334,0.17814646633540063,100.0
12.166666666666666,0.10739409904424896,10.0
18.5,0.039351451470103986,100.0
17.5,0.04019828810767675,100.0
15.666666666666666,0.0582177852163582,100.0
16.5,0.04725865990514409,100.0
17.333333333333332,0.04667943103642246,10.0
16.833333333333332,0.046929614394080665,100.0
10.833333333333334,0.13936315923370898,100.0
21.833333333333332,0.02726218725974741,10.0
8.333333333333334,0.2043505854164518,10.0
17.0,0.0429410280235698,10.0
18.333333333333332,0.0387470201721505,10.0
11.166666666666666,0.1235304972305131,250.0
1.3333333333333333,0.6024460030241483,250.0
12.166666666666666,0.11123660881585205,250.0
18.0,0.03940117328558386,10.0
17.0,0.04712044304613559,100.0
14.166666666666666,0.07373249761590216,10.0
8.833333333333334,0.1906289860848759,100.0
12.0,0.10070912655738161,100.0
20.833333333333332,0.030311228706134268,10.0
19.5,0.03057736987177924,10.0
16.333333333333332,0.04843822703176827,100.0
16.833333333333332,0.05155895323985421,10.0
20.833333333333332,0.029848410595678547,10.0
18.0,0.040273068474414225,10.0
18.5,0.04036288146977568,10.0
16.5,0.04789235719574185,100.0
19.0,0.03455342528994459,10.0
15.166666666666666,0.06656700871776333,100.0
15.166666666666666,0.05796135801619531,100.0
1.8333333333333333,0.5406914552457873,250.0
18.333333333333332,0.03574445253986878,10.0
19.5,0.040862418230237146,10.0
0.8333333333333334,0.5324692082909257,250.0
6.333333333333333,0.31039416759931504,250.0
14.666666666666666,0.0799807776928832,100.0
20.5,0.03170949442031862,10.0
18.0,0.04083910074141709,10.0
17.166666666666668,0.046120393816631515,100.0
18.0,0.040207132388049495,100.0
14.833333333333334,0.07504347715884598,250.0
18.5,0.0350909403373573,10.0
18.333333333333332,0.03960747316463914,100.0
18.833333333333332,0.03704090076699909,100.0
15.0,0.06321822255763658,250.0
17.166666666666668,0.04341369755214536,10.0
0.16666666666666666,1.0,250.0
8.833333333333334,0.17442437679493913,250.0
3.3333333333333335,0.5407513590019477,250.0
14.5,0.07071920136649334,100.0
16.166666666666668,0.05063141205805469,10.0
11.666666666666666,0.11817593473758088,250.0
19.0,0.03921952192275564,10.0
9.0,0.19807557939595447,250.0
19.0,0.031707824236170225,10.0
10.833333333333334,0.13817905746815712,10.0
18.666666666666668,0.034615994826726275,10.0
15.166666666666666,0.05443655775551785,100.0
19.833333333333332,0.033144436172789817,10.0
16.666666666666668,0.047737971994407775,100.0
14.333333333333334,0.0732606970211837,100.0
18.0,0.03430278196617699,10.0
0.16666666666666666,1.0,100.0
9.333333333333334,0.17796184057751047,250.0
7.5,0.2605173987290697,250.0
20.833333333333332,0.027269230576394222,10.0
14.666666666666666,0.07900483002769706,100.0
16.666666666666668,0.04304926411264961,10.0
18.333333333333332,0.04348989249790999,100.0
17.666666666666668,0.04557278517617445,10.0
20.666666666666668,0.029876945084267532,10.0
17.333333333333332,0.04446492879178838,100.0
11.333333333333334,0.14679910106155256,250.0
16.833333333333332,0.04682227258417692,100.0
14.166666666666666,0.06869650550301686,10.0
17.666666666666668,0.04910653339087155,10.0
8.0,0.1847517475306404,250.0
14.5,0.07626995174552297,100.0
18.333333333333332,0.03503837828915289,10.0
17.0,0.04147578598573587,100.0
14.833333333333334,0.06235149552779339,100.0
12.666666666666666,0.08196180555365756,250.0
14.5,0.08366845864436134,100.0
18.5,0.03501319434366181,100.0
17.5,0.045804350223871707,100.0
11.0,0.1270138105168501,100.0
14.666666666666666,0.0648216215615152,100.0
17.5,0.04308372731706857,100.0
10.166666666666666,0.175813683258703,250.0
18.666666666666668,0.0349263929776111,10.0
15.333333333333334,0.05237874560547202,100.0
0.6666666666666666,1.0,100.0
17.666666666666668,0.042480760230174094,100.0
20.166666666666668,0.028569630937606207,100.0
0.16666666666666666,1.0,250.0
15.333333333333334,0.0640788788121615,250.0
16.0,0.051671240267111236,100.0
17.0,0.0502476286917631,100.0
8.833333333333334,0.18963438093214777,100.0
18.0,0.038651975849135344,10.0
10.5,0.1495967010501192,250.0
14.666666666666666,0.06934233623155443,100.0
9.833333333333334,0.12649547791246768,250.0
18.666666666666668,0.04147856903041986,250.0
20.333333333333332,0.030136047570226886,10.0
13.166666666666666,0.10106214159660981,250.0
0.16666666666666666,1.0,100.0
14.333333333333334,0.07328327191104546,10.0
14.333333333333334,0.06470189018585605,250.0
19.5,0.0320774186992781,100.0
17.166666666666668,0.04964432129826665,100.0
20.333333333333332,0.029555241472332194,10.0
8.666666666666666,0.1788536854324721,250.0
19.333333333333332,0.02860983277063983,10.0
1.0,0.6957067338064246,100.0
1.1666666666666667,0.7281259773178359,250.0
17.833333333333332,0.03520273472595576,10.0
13.0,0.08434077465813775,100.0
11.166666666666666,0.1229110220445028,250.0
13.833333333333334,0.07867071788715203,100.0
14.666666666666666,0.06378434502008135,100.0
14.333333333333334,0.07606022701126579,250.0
21.166666666666668,0.03216806332168316,10.0
16.833333333333332,0.048970630689062926,10.0
14.833333333333334,0.05384592143794831,10.0
19.833333333333332,0.032498722683908424,10.0
12.333333333333334,0.1086947223566421,250.0
14.5,0.08263899925732955,100.0
11.0,0.13911155693309749,250.0
20.5,0.02823491651367707,100.0
16.0,0.0475008399941091,10.0
18.5,0.03420516974694597,10.0
4.333333333333333,0.3448246969611617,250.0
19.166666666666668,0.03456273236226696,10.0
15.0,0.06313746246555126,100.0
13.0,0.08434788011525313,10.0
13.0,0.10431342668231573,100.0
7.833333333333333,0.2305993134048137,10.0
13.833333333333334,0.0713711149014852,250.0
19.333333333333332,0.031348803579472916,100.0
20.0,0.029076089346032806,10.0
0.16666666666666666,1.0,250.0
17.0,0.04803677608523379,100.0
0.3333333333333333,1.0,250.0
18.0,0.045640489399613536,100.0
15.666666666666666,0.05264134594329294,100.0
17.5,0.04646491319446272,10.0
11.666666666666666,0.12447943917051996,250.0
19.0,0.03598430632712572,10.0
17.333333333333332,0.045090457184276955,100.0
0.3333333333333333,1.0,250.0
16.333333333333332,0.052671908768789806,100.0
19.666666666666668,0.033930605685635974,10.0
17.166666666666668,0.042971103210305464,100.0
9.333333333333334,0.1724802314949692,250.0
21.166666666666668,0.02777567601169321,10.0
15.833333333333334,0.060227079667921804,100.0
13.833333333333334,0.08748476061254129,100.0
18.5,0.03489375836054286,10.0
15.833333333333334,0.059563160508751635,250.0
20.5,0.030891867320442887,10.0
19.0,0.037475807648453575,10.0
18.833333333333332,0.03511690027904799,10.0
17.5,0.047036223965126536,10.0
11.5,0.14827504996951735,250.0
14.833333333333334,0.062015003756775634,250.0
18.333333333333332,0.041174350537470775,10.0
18.333333333333332,0.03559949896073515,100.0
17.333333333333332,0.047509219981682706,100.0
9.333333333333334,0.21187661716002515,250.0
17.0,0.0488138159952246,100.0
13.333333333333334,0.08562312762150368,100.0
20.166666666666668,0.032955714715572154,10.0
1.6666666666666667,0.6277304744166253,250.0
13.666666666666666,0.08944140804534222,250.0
18.0,0.03947454889590367,10.0
17.333333333333332,0.04383436498363675,100.0
20.333333333333332,0.030228122001149094,10.0
4.666666666666667,0.39126417209049436,100.0
8.5,0.21738968762420507,250.0
17.0,0.042743790121205286,10.0
8.833333333333334,0.19632355044577426,250.0
21.166666666666668,0.03450458270994066,10.0
11.333333333333334,0.104324223011383,250.0
3.8333333333333335,0.48026938220189325,250.0
4.333333333333333,0.39327156315826634,250.0
18.0,0.04782233153471882,100.0
9.833333333333334,0.145447811395124,250.0
20.0,0.03605777751137009,10.0
16.666666666666668,0.04181966878419149,100.0
17.0,0.04889409195319476,10.0
2.3333333333333335,0.4783078728272916,100.0
13.166666666666666,0.08801958847168251,250.0
18.0,0.040192185747561344,10.0
8.5,0.24102474521557635,250.0
0.16666666666666666,1.0,250.0
19.333333333333332,0.03563885624542385,10.0
15.5,0.06036457907069096,100.0
14.666666666666666,0.0553700466087967,100.0
17.5,0.039655732231859094,250.0
13.5,0.08541588969984473,250.0
1.5,0.6610245326500598,250.0
5.833333333333333,0.3017160112886631,250.0
18.5,0.03925135935156692,10.0
16.5,0.04652152556445203,10.0
21.333333333333332,0.02905399780588413,10.0
18.166666666666668,0.03865361791871801,100.0
19.333333333333332,0.03620594456973676,10.0
17.0,0.050379790500766845,10.0
17.833333333333332,0.04310581642139628,10.0
14.0,0.08493186375126362,100.0
19.833333333333332,0.033483711940302426,100.0
0.5,1.0,250.0
17.333333333333332,0.04507248202067481,10.0
11.5,0.12797759775087522,100.0
18.333333333333332,0.04035777764235194,10.0
12.333333333333334,0.11183061685087343,100.0
16.666666666666668,0.05392170910148405,100.0
4.166666666666667,0.44040436080958834,250.0
1.1666666666666667,0.6712601660994898,250.0
14.5,0.06249733864618055,100.0
0.16666666666666666,1.0,250.0
16.0,0.05407504096163682,100.0
15.166666666666666,0.06440696653408669,100.0
2.8333333333333335,0.49786307047300327,250.0
7.5,0.20714722493142554,100.0
11.166666666666666,0.13262827606747488,10.0
16.333333333333332,0.04755043897493125,10.0
16.5,0.046594950904874026,100.0
10.666666666666666,0.12995799056285295,100.0
21.666666666666668,0.027779699509787786,10.0
17.333333333333332,0.042371081164369086,10.0
16.833333333333332,0.050171952811221256,100.0
7.166666666666667,0.2658216009126858,250.0
14.166666666666666,0.07455611109153544,250.0
19.166666666666668,0.035857790071702436,10.0
1.0,0.7567636515406021,100.0
19.0,0.03315209790386198,10.0
10.333333333333334,0.1394523484147406,250.0
14.166666666666666,0.08327946473606031,250.0
18.833333333333332,0.034513142901814634,100.0
14.833333333333334,0.06404713642069366,10.0
17.0,0.046306015022156526,100.0
13.5,0.08423087892284387,250.0
21.333333333333332,0.03384610559066811,10.0
20.166666666666668,0.0350235487225496,10.0
18.666666666666668,0.04059595918243951,10.0
10.666666666666666,0.14263240098563823,100.0
22.166666666666668,0.027521642180104937,100.0
19.5,0.03427555884546166,10.0
17.833333333333332,0.04339055875709364,100.0
13.833333333333334,0.09232359738294792,250.0
2.8333333333333335,0.5153189783676858,250.0
17.166666666666668,0.04827912901276445,10.0
19.166666666666668,0.03555853401407057,10.0
13.5,0.08432941182053136,250.0
14.0,0.06961792044256145,10.0
0.16666666666666666,1.0,250.0
10.0,0.1908166462832892,100.0
19.333333333333332,0.037213957930198875,10.0
4.166666666666667,0.38532294985533794,250.0
16.666666666666668,0.054642146719646255,100.0
22.166666666666668,0.029004128441475683,10.0
2.0,0.8000502293978179,100.0
18.833333333333332,0.03718467650496016,10.0
15.666666666666666,0.05636283528467209,10.0
17.833333333333332,0.039934784445276476,10.0
14.166666666666666,0.07104235575043433,250.0
12.333333333333334,0.10421178426246112,250.0
22.0,0.028136880101508208,10.0
9.666666666666666,0.14372261653191315,250.0
18.5,0.03737080359424851,100.0
17.666666666666668,0.046250110670143806,100.0
9.333333333333334,0.15371013954852,250.0
19.166666666666668,0.03391455851982029,100.0
17.333333333333332,0.043172512894191425,10.0
19.666666666666668,0.03419050960638021,10.0
19.333333333333332,0.0384100880535021,10.0
1.6666666666666667,0.7082121386971963,100.0
14.5,0.05980770465359476,10.0
12.0,0.10843937266166144,100.0
16.333333333333332,0.053978941741306866,100.0
14.333333333333334,0.0714229450300346,100.0
15.5,0.05964654948063772,100.0
16.166666666666668,0.049615363169634774,100.0
14.5,0.06820190971499618,250.0
19.333333333333332,0.033393320606433546,10.0
16.166666666666668,0.04513517031224541,10.0
18.5,0.03863917136557411,60.0
6.666666666666667,0.30082578454497527,250.0
18.833333333333332,0.04019314297971107,10.0
16.0,0.05887429392685862,100.0
14.166666666666666,0.07724130059787299,100.0
15.666666666666666,0.053487382457895284,100.0
19.5,0.030175835915241624,10.0
17.833333333333332,0.04544010455344143,10.0
13.0,0.09355851213053813,100.0
16.0,0.05753290285133515,10.0
21.0,0.02994687397794665,100.0
20.166666666666668,0.03060751921354528,10.0
14.333333333333334,0.0774167873413458,250.0
12.833333333333334,0.10246526291542311,250.0
17.5,0.04230568962135409,10.0
18.333333333333332,0.036028095038062445,100.0
7.0,0.29729945423824633,250.0
0.16666666666666666,1.0,250.0
18.166666666666668,0.0383417024044027,10.0
20.166666666666668,0.0343678634840558,10.0
20.833333333333332,0.028144910361917564,10.0
8.666666666666666,0.22227802089017565,250.0
16.166666666666668,0.05619198328914999,10.0
17.666666666666668,0.04360224580262592,250.0
15.333333333333334,0.0512772344046309,10.0
13.333333333333334,0.09978166266083581,250.0
19.833333333333332,0.030824925979074488,10.0
0.16666666666666666,1.0,250.0
16.833333333333332,0.04742370979178888,10.0
17.166666666666668,0.044788371794737845,250.0
15.166666666666666,0.061100038882312635,250.0
18.5,0.03923698140200662,10.0
17.833333333333332,0.03925986936065111,100.0
11.333333333333334,0.13244571725646362,250.0
21.5,0.03033300963602977,10.0
15.833333333333334,0.05398539438581629,10.0
14.833333333333334,0.062308657647852934,10.0
14.5,0.0612213634557654,100.0
15.833333333333334,0.053220419211048565,100.0
16.333333333333332,0.06000245156100735,10.0
15.0,0.05988175570360158,10.0
15.0,0.06721875074773417,250.0
20.333333333333332,0.03151891755619121,10.0
17.0,0.045044233697354275,250.0
0.3333333333333333,1.0,250.0
0.6666666666666666,1.0,100.0
20.666666666666668,0.03140100911352453,10.0
18.333333333333332,0.04021065101043001,100.0
15.333333333333334,0.0565658732304268,100.0
17.666666666666668,0.03873759661193333,100.0
2.0,0.5606442803307605,250.0
17.666666666666668,0.04571743349209609,100.0
16.833333333333332,0.04039981916637243,10.0
21.5,0.027582119348767174,10.0
15.666666666666666,0.05310728004866556,100.0
19.333333333333332,0.03583048310900479,10.0
17.166666666666668,0.04213578515784574,10.0
17.833333333333332,0.049990658875076456,10.0
16.833333333333332,0.05134866460038558,100.0
14.5,0.07257532531953821,100.0
18.666666666666668,0.03557880003613693,100.0
18.0,0.042274307624059336,10.0
17.666666666666668,0.04068857299261708,100.0
7.333333333333333,0.303956791183398,250.0
17.5,0.039043259402065114,10.0
14.666666666666666,0.06421073008705253,100.0
19.833333333333332,0.031981812350785795,100.0
20.5,0.03333783281726994,10.0
21.166666666666668,0.0283158936774788,10.0
7.666666666666667,0.2108388056770935,250.0
17.5,0.03936573375511696,10.0
2.6666666666666665,0.4353994447355952,250.0
6.0,0.29335155811256497,100.0
16.333333333333332,0.04948144383019971,10.0
17.333333333333332,0.04663692046305264,100.0
17.0,0.04987194023309399,100.0
18.833333333333332,0.03370420772832285,10.0
16.666666666666668,0.047731729304222655,10.0
10.5,0.14301455204926045,10.0
0.5,1.0,250.0
1.5,0.8081316078327414,250.0
20.0,0.03105271116564985,10.0
21.833333333333332,0.029042096980470253,10.0
18.166666666666668,0.03515039743046414,10.0
18.166666666666668,0.040282754320120594,100.0
17.666666666666668,0.047586867090628406,10.0
16.5,0.053589320098294986,10.0
4.833333333333333,0.37865847456012364,250.0
15.333333333333334,0.05685909943864907,100.0
2.8333333333333335,0.5340494223870713,100.0
21.0,0.02853074711014164,10.0
19.166666666666668,0.034018378137347594,100.0
18.833333333333332,0.037209335097387726,100.0
17.166666666666668,0.05207026670006466,100.0
16.5,0.043262432363901246,10.0
13.5,0.07537385523466425,100.0
16.833333333333332,0.04310125835390032,100.0
9.166666666666666,0.19605599761082973,250.0
18.166666666666668,0.03729562968450263,100.0
18.0,0.04198628927088621,10.0
11.833333333333334,0.09259718250067603,250.0
18.333333333333332,0.036673474220754905,100.0
20.333333333333332,0.033777959349140504,10.0
15.0,0.07028670104556112,100.0
7.333333333333333,0.25155627517166457,250.0
16.5,0.04757176388751091,10.0
22.666666666666668,0.0272675835199942,10.0
18.666666666666668,0.03832681681735055,10.0
15.0,0.06440823773810456,100.0
16.333333333333332,0.044654256000356336,100.0
18.666666666666668,0.037108428199527047,10.0
8.0,0.26372638947790206,250.0
19.833333333333332,0.03242019187290196,10.0
6.666666666666667,0.28053420083457287,100.0
16.333333333333332,0.0543560915811638,250.0
18.5,0.036151231899435,100.0
0.16666666666666666,1.0,250.0
4.333333333333333,0.4013065509038338,250.0
0.16666666666666666,1.0,250.0
14.5,0.06896460662590433,250.0
23.0,0.02546768432004378,10.0
15.166666666666666,0.05905933880534242,10.0
17.166666666666668,0.05123032972730971,100.0
15.333333333333334,0.05704314755977142,100.0
17.666666666666668,0.04313055755637772,10.0
15.333333333333334,0.05571218617977305,10.0
16.833333333333332,0.04283559270850058,100.0
15.833333333333334,0.057856057386990636,250.0
19.833333333333332,0.03025954773637432,10.0
17.0,0.04569846948651856,100.0
17.166666666666668,0.048317969527974805,100.0
0.16666666666666666,1.0,250.0
15.166666666666666,0.059715636704365783,250.0
19.666666666666668,0.0373432323456685,100.0
16.666666666666668,0.04900256179366248,100.0
15.833333333333334,0.04845265462974823,10.0
16.333333333333332,0.04940134470925169,100.0
5.166666666666667,0.47330168712287407,250.0
12.666666666666666,0.0935747417537419,250.0
16.0,0.06097878162313002,250.0
10.833333333333334,0.13737248623230727,250.0
0.16666666666666666,1.0,100.0
17.666666666666668,0.03738899152211043,100.0
19.833333333333332,0.036609391593825466,10.0
15.5,0.057603021422991854,100.0
3.6666666666666665,0.45341141627306775,100.0
21.166666666666668,0.03159883347387956,100.0
2.0,0.6857743945153402,250.0
18.0,0.04098486860134377,10.0
0.16666666666666666,1.0,250.0
2.0,0.4832518560803047,250.0
11.0,0.1308324003795847,250.0
4.666666666666667,0.29764255010564356,100.0
17.0,0.04123671138713249,10.0
15.833333333333334,0.04931445327611763,100.0
20.5,0.032044064229345394,100.0
15.5,0.05736302076083676,100.0
6.666666666666667,0.26355112603466824,100.0
0.16666666666666666,1.0,250.0
19.833333333333332,0.035980475520726446,100.0
15.666666666666666,0.0602455626951736,100.0
20.666666666666668,0.028883091843947405,10.0
11.5,0.1260732827016141,250.0
16.833333333333332,0.05040114344646448,100.0
21.333333333333332,0.03214737152784194,10.0
0.3333333333333333,1.0,250.0
15.666666666666666,0.052983339622381234,250.0
18.0,0.03436870808782057,100.0
17.166666666666668,0.038622954365340266,10.0
18.833333333333332,0.036666828999451846,100.0
3.1666666666666665,0.3752965991715722,250.0
0.16666666666666666,1.0,250.0
11.666666666666666,0.11473305440065223,100.0
10.333333333333334,0.16411075672303255,250.0
12.333333333333334,0.08816733543505366,250.0
16.0,0.055247495675294384,250.0
14.666666666666666,0.06857151842592336,250.0
14.833333333333334,0.057544275542161696,100.0
21.5,0.02850700548778694,10.0
16.0,0.049964960568274194,100.0
15.0,0.058221808984564735,250.0
5.5,0.4883233313969756,100.0
5.666666666666667,0.28156029644303754,100.0
18.166666666666668,0.04044227898812827,100.0
5.0,0.35344016904483355,250.0
2.5,0.6218737210580217,250.0
19.0,0.03598073529423377,10.0
14.166666666666666,0.07483983618191453,100.0
6.5,0.27634270421271684,100.0
21.0,0.032239866440797876,10.0
16.333333333333332,0.04842244969349768,10.0
9.666666666666666,0.2007561292250031,250.0
20.833333333333332,0.030836037633024064,10.0
19.333333333333332,0.036039316996952314,10.0
14.166666666666666,0.07299136731877408,100.0
4.5,0.3358040978835078,250.0
20.5,0.03189268554276286,10.0
17.5,0.03896844694294993,100.0
8.833333333333334,0.26436461008927736,250.0
20.0,0.03283261086416219,100.0
4.5,0.34211653460723984,250.0
14.166666666666666,0.0666556208346888,100.0
12.5,0.09814740436467652,100.0
18.666666666666668,0.0339533285023864,10.0
1.8333333333333333,1.131840729148472,100.0
20.333333333333332,0.029669761136939886,10.0
4.166666666666667,0.3632382335107055,250.0
16.0,0.05452884345797125,100.0
16.5,0.05067217658889063,10.0
1.3333333333333333,0.5649350074501207,250.0
11.5,0.11732337922460907,100.0
18.333333333333332,0.03276733024544073,10.0
16.5,0.051627903936091665,10.0
15.333333333333334,0.05344595526208183,100.0
6.333333333333333,0.30269582565811237,250.0
18.833333333333332,0.04071001754337798,100.0
18.166666666666668,0.038792336831420325,100.0
14.5,0.07109314395400994,100.0
1.5,0.6251189715246438,250.0
10.0,0.16072207716280904,100.0
19.0,0.03374682009007349,10.0
13.0,0.100852345877762,10.0
15.5,0.05940205724332768,100.0
9.833333333333334,0.14240616144183474,10.0
18.0,0.04172172220724823,10.0
7.333333333333333,0.2737098731662906,250.0
13.666666666666666,0.0772538226867436,100.0
19.5,0.03625487795463302,10.0
3.1666666666666665,0.5355791250997708,250.0
14.166666666666666,0.06180185090382408,100.0
18.166666666666668,0.04436586551845325,10.0
15.166666666666666,0.05859863361119484,100.0
9.166666666666666,0.1796321420657166,100.0
16.166666666666668,0.058812974625506664,10.0
17.5,0.03995726176049106,10.0
19.0,0.03530832609441908,10.0
12.0,0.09915556982152204,100.0
13.666666666666666,0.09161022229734472,100.0
17.5,0.04115939270925069,10.0
12.833333333333334,0.08451531595703368,250.0
15.166666666666666,0.05998184819981916,100.0
5.166666666666667,0.3540746118399415,250.0
20.5,0.03169752699859315,10.0
21.666666666666668,0.027927344206544254,10.0
14.333333333333334,0.07429326630458524,250.0
1.1666666666666667,0.5648410414993738,250.0
7.333333333333333,0.29351389339814954,250.0
14.666666666666666,0.055237580838519484,250.0
17.166666666666668,0.04375717169112228,100.0
4.166666666666667,0.40935168024833013,250.0
15.0,0.062431575686658074,100.0
4.5,0.4317015758685116,250.0
16.333333333333332,0.05613790085197522,100.0
4.666666666666667,0.2545147171017219,10.0
7.0,0.3408991280644735,100.0
19.666666666666668,0.032538785992108264,100.0
13.833333333333334,0.0752852789014664,100.0
18.833333333333332,0.03965543581243182,10.0
14.666666666666666,0.06407330698992042,100.0
12.833333333333334,0.09144682389323684,250.0
16.5,0.0464408437495119,100.0
13.333333333333334,0.07644645268665731,100.0
13.666666666666666,0.08485816611253497,10.0
8.0,0.250378823484659,250.0
1.1666666666666667,0.368066796668898,250.0
16.333333333333332,0.05378638837154459,100.0
19.166666666666668,0.03635022753224407,100.0
18.166666666666668,0.03723081065066457,100.0
7.833333333333333,0.2529061508799077,250.0
10.833333333333334,0.12032433278578135,250.0
6.5,0.2775507321075875,250.0
19.0,0.03765548825853181,10.0
1.0,0.6285041995155898,250.0
9.5,0.20793509565850166,250.0
20.166666666666668,0.032628006216112275,10.0
3.1666666666666665,0.40528800357064176,100.0
10.666666666666666,0.1719643369462795,100.0
19.166666666666668,0.033858106282314795,10.0
16.666666666666668,0.05153219650014564,250.0
19.0,0.03981975063909441,10.0
6.0,0.27612860823398755,100.0
19.333333333333332,0.035170963819892875,10.0
20.0,0.0350753496194414,10.0
16.5,0.05339460737580572,10.0
13.333333333333334,0.07806572631151354,10.0
0.8333333333333334,0.6731772700427601,250.0
15.5,0.06597809351283261,100.0
7.166666666666667,0.2820437875061476,250.0
13.666666666666666,0.08126239345363076,100.0
16.0,0.04770601053586978,10.0
0.16666666666666666,1.0,100.0
19.833333333333332,0.03358321776343221,10.0
15.666666666666666,0.04951444918764997,100.0
15.666666666666666,0.057334931099955674,100.0
13.666666666666666,0.08090898544933402,100.0
9.833333333333334,0.17443668208325588,100.0
20.333333333333332,0.02850162641561339,10.0
18.0,0.03995331580847577,10.0
16.166666666666668,0.04516936812569293,10.0
12.833333333333334,0.11193275155771207,250.0
2.6666666666666665,0.675092642089355,250.0
14.0,0.06923013646718972,250.0
2.3333333333333335,0.8736101260725554,250.0
12.333333333333334,0.11085565935169434,100.0
10.333333333333334,0.1541042279755251,250.0
10.333333333333334,0.16106372615246728,100.0
11.0,0.13882522416958357,100.0
21.0,0.028025402602637778,10.0
11.5,0.11650862792944414,10.0
18.166666666666668,0.04949049326597353,100.0
14.833333333333334,0.07010706448715791,250.0
21.166666666666668,0.03174125410634238,10.0
19.333333333333332,0.035739618910875744,10.0
17.666666666666668,0.044917149452525694,100.0
3.0,0.5055721739493311,100.0
17.166666666666668,0.044190036109904275,10.0
7.5,0.19746872755916364,250.0
20.333333333333332,0.03326325297009675,10.0
9.666666666666666,0.18625816383879953,100.0
19.166666666666668,0.036731539935193944,10.0
11.833333333333334,0.10613165650657856,250.0
4.5,0.357211975489851,100.0
13.166666666666666,0.08353071595834932,100.0
20.0,0.03229402794325402,10.0
12.833333333333334,0.09400262289203111,250.0
17.5,0.04615135289297877,100.0
0.6666666666666666,1.0,250.0
17.166666666666668,0.04726100908045047,10.0
16.666666666666668,0.05001482296625825,250.0
13.5,0.09915637208426253,250.0
15.333333333333334,0.0621447758940441,100.0
19.0,0.03193947214936571,100.0
19.166666666666668,0.03747381212546955,10.0
8.833333333333334,0.18582845332247808,250.0
20.0,0.031191949719944465,10.0
16.333333333333332,0.05420976747853083,250.0
6.166666666666667,0.2504767394568223,100.0
16.666666666666668,0.05160726796191645,10.0
17.833333333333332,0.04173805769624037,10.0
13.166666666666666,0.08985243135261409,100.0
18.666666666666668,0.03474045486718722,10.0
11.166666666666666,0.14202290847013407,250.0
19.5,0.03298516069663505,10.0
4.0,0.4725166827028636,250.0
19.666666666666668,0.03180186389092258,10.0
16.333333333333332,0.04865243995500487,10.0
20.833333333333332,0.03215384267385305,100.0
12.833333333333334,0.09774325144735141,250.0
15.0,0.07266495611763242,250.0
11.0,0.14765153199265488,250.0
17.5,0.04526701520396584,10.0
16.666666666666668,0.04859686256207335,10.0
0.16666666666666666,1.0,250.0
15.0,0.06984365035614196,100.0
15.333333333333334,0.0551065634124876,100.0
16.5,0.05334496007516113,10.0
16.0,0.05675601741637526,10.0
14.333333333333334,0.06750821482317423,100.0
11.833333333333334,0.10190134347429804,250.0
5.666666666666667,0.348203610451352,250.0
13.833333333333334,0.07357273013452532,60.0
14.333333333333334,0.07505757011176593,100.0
15.166666666666666,0.060418367475074244,100.0
1.1666666666666667,0.6454947875905953,250.0
19.333333333333332,0.038427154779436166,10.0
0.6666666666666666,1.0,250.0
16.333333333333332,0.05343194540676947,100.0
10.166666666666666,0.16855369791003663,100.0
16.166666666666668,0.049028086395142376,250.0
18.0,0.044013885835276635,10.0
15.5,0.07043286588447803,250.0
17.0,0.053414670793584404,10.0
10.666666666666666,0.15999720486058475,250.0
2.5,0.5102847250067208,250.0
16.0,0.04858412179893274,100.0
14.5,0.06120965838693529,100.0
18.5,0.04089606104894669,100.0
12.666666666666666,0.11353847121675012,250.0
8.166666666666666,0.20363820184637768,250.0
6.666666666666667,0.23902650566252168,10.0
13.0,0.08748583814556941,250.0
20.5,0.030198544082219378,10.0
22.5,0.030710061830820635,10.0
16.333333333333332,0.05263710351627613,250.0
19.666666666666668,0.0345204970226519,10.0
18.5,0.034953454167507204,10.0
17.5,0.045374021342794175,10.0
12.0,0.108885252065246,250.0
17.666666666666668,0.0445152994871889,10.0
0.8333333333333334,0.8365872371460246,250.0
16.833333333333332,0.05035443745184822,100.0
19.666666666666668,0.03712256413436092,10.0
19.833333333333332,0.03290897259645488,10.0
6.333333333333333,0.2432656067145445,250.0
18.5,0.035625747573851736,10.0
19.5,0.03287238717388988,10.0
16.166666666666668,0.05196508445945438,250.0
1.6666666666666667,0.5969611984181006,250.0
20.166666666666668,0.02856760254203356,10.0
16.666666666666668,0.04498840293085259,10.0
18.166666666666668,0.047626448590874226,100.0
20.833333333333332,0.027917647230246877,10.0
15.833333333333334,0.057321731707267974,10.0
17.333333333333332,0.04739846383636038,10.0
5.0,0.38747169435601425,250.0
15.166666666666666,0.061637214083801364,10.0
19.333333333333332,0.034732320355636004,10.0
2.6666666666666665,0.4885686402848414,250.0
0.8333333333333334,0.8584427740160447,250.0
21.833333333333332,0.02674875823702025,10.0
18.5,0.038348278352782546,100.0
18.5,0.04002768572121127,10.0
18.333333333333332,0.03856442320861265,10.0
14.833333333333334,0.07190662272693933,100.0
19.0,0.03584560547071502,100.0
13.5,0.08221463811891934,250.0
0.16666666666666666,1.0,250.0
19.166666666666668,0.039806827836989994,100.0
15.166666666666666,0.05721459142850886,250.0
19.166666666666668,0.03427420194370071,10.0
0.3333333333333333,1.0,250.0
16.333333333333332,0.04991067837893997,250.0
17.666666666666668,0.046646475206955834,10.0
17.833333333333332,0.04364470312523396,10.0
0.5,1.0,250.0
1.6666666666666667,0.7622513497762695,250.0
18.5,0.03949804034487462,100.0
0.16666666666666666,1.0,250.0
13.0,0.09575500414070712,100.0
18.333333333333332,0.04474417255816251,10.0
12.5,0.08985541299887208,100.0
19.0,0.03422024951666419,10.0
17.666666666666668,0.041043449720375214,10.0
18.666666666666668,0.03539057943565012,10.0
18.666666666666668,0.042372872689137135,10.0
18.0,0.043751791418381356,100.0
19.333333333333332,0.028830147832569715,100.0
5.166666666666667,0.33808355458423694,250.0
18.833333333333332,0.03597316253175943,10.0
18.666666666666668,0.03394263686063622,60.0
12.5,0.11465231427259479,100.0
16.166666666666668,0.04944554414650943,10.0
16.333333333333332,0.04905775482955459,10.0
17.666666666666668,0.050869355951903845,10.0
12.5,0.09284737097131204,10.0
16.0,0.049097070383256516,250.0
17.833333333333332,0.03861684356618466,100.0
14.166666666666666,0.07045061555140657,100.0
17.0,0.04235525218416055,10.0
15.5,0.05050396517213392,100.0
14.166666666666666,0.08054449441722723,250.0
2.0,0.6316726511202169,250.0
18.0,0.042461591855015475,100.0
7.833333333333333,0.2345578594631855,250.0
17.5,0.041267809799261146,10.0
15.166666666666666,0.0674012546484069,100.0
20.333333333333332,0.03037675514290149,10.0
13.0,0.08978636884169236,100.0
13.333333333333334,0.07513138340159273,100.0
16.333333333333332,0.04980668515548734,100.0
24.0,0.026143352121993788,10.0
20.666666666666668,0.033012897963883715,10.0
19.0,0.03714773704774955,10.0
19.5,0.03488500513832127,10.0
20.166666666666668,0.032860641031472564,10.0
13.833333333333334,0.0740257761848639,10.0
17.166666666666668,0.053374443211001495,100.0
15.666666666666666,0.0515573736478448,100.0
17.5,0.03983526114062365,250.0
0.3333333333333333,1.0,250.0
14.833333333333334,0.06005899474547455,100.0
14.0,0.07387485736233779,100.0
10.833333333333334,0.12601810967842061,250.0
0.3333333333333333,1.0,250.0
9.333333333333334,0.1911531735248842,250.0
17.666666666666668,0.047965053268233575,100.0
11.333333333333334,0.11966392794895118,100.0
3.1666666666666665,0.4294761042240063,250.0
15.0,0.07344206193862304,250.0
1.1666666666666667,0.5155997500121828,250.0
18.166666666666668,0.03763383827222854,10.0
19.0,0.03369376149001455,10.0
17.5,0.0487144134495847,10.0
16.0,0.05606583739580203,100.0
13.833333333333334,0.08645853600182209,100.0
14.166666666666666,0.08012126344210094,10.0
15.333333333333334,0.054453744337978255,100.0
19.666666666666668,0.03487325439171443,10.0
14.833333333333334,0.06406546599823322,100.0
21.166666666666668,0.030525353387101307,10.0
19.833333333333332,0.04120300163053837,10.0
14.0,0.07720520257574394,100.0
19.166666666666668,0.03631069556404398,10.0
6.833333333333333,0.22395342739570526,250.0
21.0,0.028961071866665876,10.0
19.5,0.035741702573192966,10.0
7.5,0.20827365888705748,100.0
10.333333333333334,0.15773283692539875,100.0
17.166666666666668,0.05043048014483059,100.0
6.333333333333333,0.3237078026902478,100.0
4.5,0.39918994141692504,100.0
14.333333333333334,0.07283088008228732,10.0
11.333333333333334,0.12765903414635063,250.0
10.333333333333334,0.168536122508027,100.0
18.5,0.04339803212127721,10.0
20.0,0.028102923865679162,100.0
19.166666666666668,0.0359109883393546,10.0
11.5,0.11735732568020141,250.0
21.0,0.031919882583364596,10.0
18.0,0.03950618952615318,10.0
20.166666666666668,0.03627945151299644,100.0
4.5,0.3331163456487469,100.0
22.166666666666668,0.02765487025129877,10.0
5.333333333333333,0.39364859539307123,250.0
14.166666666666666,0.06714109896561282,10.0
0.16666666666666666,1.0,250.0
19.5,0.028944381165986955,10.0
15.0,0.06703420710170824,100.0
20.166666666666668,0.035868024616710535,100.0
17.166666666666668,0.043324754080497574,10.0
16.666666666666668,0.0514994079588313,100.0
19.333333333333332,0.038824395285911015,10.0
1.0,0.558413890995674,250.0
2.3333333333333335,0.509116731372219,100.0
19.166666666666668,0.034776986768958594,10.0
21.0,0.028918507368337107,10.0
18.0,0.04035168699155584,100.0
4.0,0.4336365216864392,250.0
16.333333333333332,0.056033237549987576,100.0
21.666666666666668,0.02612391508932464,10.0
11.833333333333334,0.11493657326186744,250.0
15.333333333333334,0.052878833230877796,10.0
17.166666666666668,0.042144274209828324,10.0
18.833333333333332,0.03381644505592148,10.0
18.666666666666668,0.038406460860937026,10.0
11.833333333333334,0.11772408645238534,250.0
17.833333333333332,0.04448231115396445,100.0
16.333333333333332,0.04349735626958833,10.0
15.333333333333334,0.05693799985563047,10.0
10.166666666666666,0.15929025631905147,100.0
21.0,0.029890646290801817,10.0
19.5,0.034854078470163516,10.0
18.333333333333332,0.03921459303269962,100.0
11.166666666666666,0.14063636671126925,250.0
14.666666666666666,0.06672793486191995,10.0
13.333333333333334,0.07757586936444569,10.0
18.333333333333332,0.03600838379865786,10.0
3.3333333333333335,0.5551427733462821,100.0
13.333333333333334,0.08829093838164315,250.0
16.333333333333332,0.05501300455878252,100.0
12.0,0.10635034572867186,250.0
15.666666666666666,0.056589176652320924,10.0
14.833333333333334,0.060936563294134244,250.0
16.166666666666668,0.052398176279406246,100.0
9.166666666666666,0.2033010354621587,250.0
17.666666666666668,0.04566898313794748,10.0
19.333333333333332,0.031816637800122366,10.0
14.5,0.06940059744688795,100.0
16.666666666666668,0.05025432869274775,100.0
0.8333333333333334,0.5351348802459219,100.0
0.8333333333333334,1.1143650937808156,250.0
15.5,0.046154625079578314,10.0
16.833333333333332,0.04494114867464167,100.0
17.0,0.04248739928595761,250.0
17.666666666666668,0.03722224583692034,10.0
21.833333333333332,0.027880514627356634,10.0
8.0,0.2190730539664785,250.0
15.166666666666666,0.06771710594959233,100.0
19.333333333333332,0.033009980931249815,10.0
15.833333333333334,0.05565265906472152,100.0
13.333333333333334,0.08329836463846414,250.0
21.0,0.033371756081799375,10.0
15.333333333333334,0.06687067668438332,100.0
17.333333333333332,0.0413838516849107,10.0
17.833333333333332,0.04852231839821296,10.0
12.5,0.105053238044963,100.0
3.8333333333333335,0.5532480097450725,250.0
3.3333333333333335,0.4285863703160335,100.0
10.166666666666666,0.15710381207471588,250.0
16.666666666666668,0.04777927204188688,10.0
17.5,0.04494501773375355,100.0
17.833333333333332,0.044582490020381775,100.0
19.833333333333332,0.03865598815707126,10.0
14.166666666666666,0.07314700990035783,250.0
17.666666666666668,0.03594604020874981,10.0
17.0,0.0422334765853767,10.0
0.6666666666666666,1.0,250.0
11.833333333333334,0.15585516155673668,100.0
10.666666666666666,0.14471102699302626,100.0
16.333333333333332,0.053866664025774766,100.0
17.0,0.044277458939590834,10.0
16.0,0.05752582110016495,100.0
16.5,0.05227732912013393,100.0
1.0,0.7186789645527557,250.0
13.333333333333334,0.10992654578019717,250.0
18.333333333333332,0.038629318760520406,10.0
6.333333333333333,0.3156506416278096,250.0
16.166666666666668,0.06175514149710399,100.0
0.5,1.0,250.0
19.833333333333332,0.03689545664594646,10.0
6.5,0.35631634243595167,10.0
13.5,0.07755488718498009,10.0
17.5,0.05079845471657646,250.0
21.166666666666668,0.030932646021583257,10.0
15.333333333333334,0.05713185662442182,100.0
20.166666666666668,0.03739535976734365,10.0
14.0,0.08494260892491014,100.0
3.3333333333333335,0.4092387560456689,250.0
4.666666666666667,0.4229370356311229,250.0
12.666666666666666,0.10545807956844912,250.0
6.833333333333333,0.35579693102189985,250.0
17.833333333333332,0.03986992119515593,10.0
4.166666666666667,0.3666314505139576,250.0
17.666666666666668,0.04332005124117534,10.0
12.0,0.11989906004791567,100.0
15.333333333333334,0.05706540035015015,250.0
19.833333333333332,0.038914006983239574,10.0
16.833333333333332,0.044619871070930704,100.0
17.333333333333332,0.0442417076744323,10.0
15.833333333333334,0.05414293128793076,250.0
0.3333333333333333,1.0,250.0
17.333333333333332,0.04391001896202242,10.0
18.166666666666668,0.04520112256496429,100.0
19.333333333333332,0.03455492172531513,10.0
15.666666666666666,0.06413342786073584,100.0
13.833333333333334,0.07286914911307434,100.0
16.166666666666668,0.05103141855955256,10.0
12.833333333333334,0.09074815039925388,250.0
18.666666666666668,0.034212278443632636,10.0
12.333333333333334,0.09499784180120412,250.0
15.0,0.06529476203841339,250.0
19.0,0.035154595521581275,10.0
4.5,0.38920387407551943,250.0
6.5,0.33753763216914123,250.0
17.833333333333332,0.04316078515394902,10.0
14.166666666666666,0.07364052161976341,100.0
18.5,0.03678101674156026,10.0
17.5,0.038822131881414264,100.0
18.666666666666668,0.03838057461144085,100.0
18.333333333333332,0.03542770338498423,10.0
15.166666666666666,0.0586515989620752,10.0
17.833333333333332,0.04186224429992692,10.0
1.0,0.5831884732792304,250.0
19.166666666666668,0.03347436187053465,10.0
17.833333333333332,0.0358723553275673,10.0
17.833333333333332,0.03912725830031085,10.0
17.5,0.04737550164535464,10.0
20.333333333333332,0.0367384515671392,10.0
16.666666666666668,0.045121801143153284,10.0
10.0,0.150144438351925,100.0
1.0,1.0409815937660993,250.0
18.0,0.03882115618050689,100.0
15.0,0.06338721246044886,100.0
11.0,0.12608678430278322,250.0
20.666666666666668,0.02728766932025076,10.0
11.666666666666666,0.11820110641339983,250.0
17.166666666666668,0.047767391831038335,10.0
13.833333333333334,0.08686033396888168,100.0
8.166666666666666,0.24144060174714294,250.0
20.833333333333332,0.029186240313376924,10.0
15.166666666666666,0.06564869736284919,100.0
13.833333333333334,0.07665852081478496,100.0
11.166666666666666,0.12254967286676031,250.0
16.166666666666668,0.05573847750865524,10.0
7.833333333333333,0.24455703099914552,100.0
2.5,0.4529305419787953,250.0
6.333333333333333,0.3197552954722674,100.0
14.5,0.07315396690553526,100.0
16.0,0.0457150111792406,10.0
20.0,0.030684749098483146,10.0
8.666666666666666,0.19776813336142499,250.0
18.833333333333332,0.030971537806511615,60.0
18.833333333333332,0.03709540490562463,10.0
15.666666666666666,0.05650421980837741,10.0
11.166666666666666,0.1407965111524518,100.0
19.5,0.03475806946193342,10.0
14.166666666666666,0.06651810458163743,10.0
15.0,0.054123661331842376,100.0
6.333333333333333,0.3008730907299518,250.0
18.833333333333332,0.03478244153938749,10.0
18.5,0.038746077687444314,10.0
17.5,0.04149262284046016,10.0
20.833333333333332,0.031549772819734354,10.0
17.166666666666668,0.05258787759865954,10.0
14.666666666666666,0.06630413210017203,10.0
19.166666666666668,0.04002856392565644,10.0
17.166666666666668,0.04893734128192884,10.0
19.666666666666668,0.03250943552617204,100.0
5.5,0.3730367035451404,250.0
3.1666666666666665,0.4718564728557379,250.0
15.0,0.057107824530961436,100.0
18.666666666666668,0.03946144696386086,100.0
14.5,0.06529627613801092,10.0
7.0,0.32670060729627814,250.0
10.0,0.18645670837462983,100.0
12.333333333333334,0.09966291381185687,100.0
21.333333333333332,0.02788184512478569,10.0
17.666666666666668,0.04795478455210099,60.0
12.333333333333334,0.12368855875526891,250.0
11.166666666666666,0.1441044357310987,100.0
16.666666666666668,0.038530862865941165,100.0
14.166666666666666,0.07542454264395021,10.0
18.0,0.04149158213467256,100.0
14.5,0.0651986073256928,100.0
16.833333333333332,0.0454939319862838,10.0
15.166666666666666,0.05588575369049854,100.0
17.0,0.04117528944320627,10.0
6.0,0.3344063135791785,100.0
14.5,0.06184006157775265,100.0
20.333333333333332,0.03102543912829811,10.0
20.666666666666668,0.02660325610136705,10.0
1.6666666666666667,0.4297849408375756,250.0
1.3333333333333333,0.6291583693934971,250.0
12.166666666666666,0.13135646163610315,250.0
16.833333333333332,0.04646432848627298,10.0
21.5,0.031198433227093553,10.0
15.0,0.0630865674586931,10.0
6.5,0.33883232819466624,100.0
0.16666666666666666,1.0,100.0
14.166666666666666,0.07790172087717605,100.0
7.666666666666667,0.24806322781633558,100.0
15.333333333333334,0.05769414804651105,100.0
16.666666666666668,0.047385834933366296,250.0
18.833333333333332,0.032735780704233206,100.0
10.333333333333334,0.12815402527002037,250.0
4.5,0.41062766812559587,250.0
16.166666666666668,0.04758751624887258,10.0
20.333333333333332,0.033074371085774774,100.0
16.166666666666668,0.050761848273022915,10.0
17.666666666666668,0.042770432136902084,100.0
19.666666666666668,0.03375076098816938,10.0
14.833333333333334,0.0628955885501589,100.0
2.0,0.7338146408035837,250.0
20.333333333333332,0.03718370510822298,10.0
7.5,0.25684617842879154,250.0
13.666666666666666,0.07504148804937245,100.0
2.0,0.6944337139542514,250.0
2.8333333333333335,0.6609328132689989,100.0
10.0,0.1812656210004721,250.0
18.0,0.041556624974525246,100.0
10.666666666666666,0.15982449202868607,250.0
10.333333333333334,0.15901793639380124,100.0
19.5,0.030608780716930566,10.0
19.666666666666668,0.03574400730383148,10.0
12.666666666666666,0.1038951197525768,250.0
14.166666666666666,0.06782779131012102,100.0
17.5,0.04169022286194965,10.0
18.666666666666668,0.040322546694077206,10.0
17.333333333333332,0.042727469827887624,100.0
0.5,1.0,10.0
0.5,1.0,250.0
8.666666666666666,0.17645640518096392,250.0
15.666666666666666,0.05461420008289827,100.0
16.166666666666668,0.04853385770917135,100.0
14.666666666666666,0.06629786779332746,100.0
15.5,0.06010262796968067,100.0
19.5,0.03380679921020456,10.0
13.5,0.08898428296563851,250.0
11.0,0.12485977936426211,100.0
1.1666666666666667,1.007260900041673,250.0
9.5,0.20028140113813855,250.0
18.833333333333332,0.04024995676876632,10.0
21.5,0.029448418573894533,10.0
17.666666666666668,0.039675138702973504,10.0
17.333333333333332,0.04494050566233826,10.0
19.333333333333332,0.0365480459073646,10.0
18.833333333333332,0.028793586345883693,10.0
18.666666666666668,0.043005840202839096,100.0
18.666666666666668,0.03178678936519673,250.0
8.166666666666666,0.19957869157127717,10.0
8.166666666666666,0.2730553307777019,250.0
14.333333333333334,0.08342071401466218,100.0
8.0,0.23342354904567353,250.0
15.0,0.0696014212197735,10.0
11.666666666666666,0.1020678004397279,100.0
18.833333333333332,0.034855631015852116,10.0
15.333333333333334,0.06521577091291063,250.0
19.666666666666668,0.03813010636113151,10.0
8.833333333333334,0.19900907045826507,100.0
18.166666666666668,0.03747888305431317,100.0
15.5,0.06158419876368999,10.0
16.833333333333332,0.05146001099041567,100.0
16.333333333333332,0.05219884347747092,250.0
13.0,0.08892911784664742,100.0
10.833333333333334,0.17366413333949557,100.0
16.0,0.055241038431906274,100.0
15.666666666666666,0.06596463217411096,250.0
18.166666666666668,0.04145629497202757,100.0
15.5,0.058034638879248174,100.0
4.0,0.4034508953497914,250.0
17.0,0.04560295873037117,10.0
16.166666666666668,0.049659161672713,100.0
15.0,0.07133207504915443,100.0
21.0,0.031112700040299604,10.0
19.166666666666668,0.035239940888522434,10.0
18.833333333333332,0.03397654287179399,10.0
15.0,0.06403232608189063,100.0
16.666666666666668,0.04566022792973023,60.0
11.333333333333334,0.12215950951758012,250.0
13.666666666666666,0.07675799898370504,100.0
15.833333333333334,0.052552391239893484,100.0
12.166666666666666,0.09499289742299195,10.0
18.5,0.035457836879093506,10.0
16.0,0.054084906352710564,100.0
15.666666666666666,0.053103861405494814,100.0
17.666666666666668,0.044688909225227565,100.0
16.333333333333332,0.0473570012380279,10.0
9.666666666666666,0.15872845658739182,100.0
19.5,0.03381157213374459,10.0
19.5,0.03062320182607928,10.0
17.0,0.0393161691167258,10.0
18.166666666666668,0.043064704145673045,100.0
18.0,0.036567754953213336,10.0
19.333333333333332,0.03335492463547814,10.0
10.166666666666666,0.18089946923553443,250.0
16.666666666666668,0.04600262138075876,100.0
12.166666666666666,0.0993006847102587,250.0
9.333333333333334,0.15062777316275003,250.0
15.5,0.05488077545704791,100.0
20.833333333333332,0.02964084782438851,10.0
17.833333333333332,0.04299572668542334,100.0
9.5,0.18102386568531995,250.0
11.5,0.1329471836040671,250.0
2.8333333333333335,0.48157092706852006,100.0
1.1666666666666667,1.6221358572279052,250.0
19.0,0.02953844419972573,10.0
5.166666666666667,0.4521138069828869,250.0
15.0,0.06143743114459474,100.0
19.333333333333332,0.038257013431178516,100.0
0.16666666666666666,1.0,250.0
11.0,0.12394442791633195,250.0
19.166666666666668,0.03615506834512331,10.0
1.0,0.6203829136730784,250.0
18.0,0.04171864554519438,10.0
13.666666666666666,0.08117194618293874,100.0
5.5,0.2684931705795247,250.0
12.333333333333334,0.11124768654278114,250.0
15.666666666666666,0.057994495767925716,250.0
13.5,0.07887764929359807,10.0
16.333333333333332,0.04787462289510387,100.0
11.333333333333334,0.12262826420670109,100.0
13.0,0.09125217803780084,100.0
16.5,0.04256319578869621,10.0
9.666666666666666,0.19197666998309837,100.0
16.166666666666668,0.04879896689733087,100.0
17.833333333333332,0.043193037473598594,100.0
18.666666666666668,0.03711668241549095,10.0
15.666666666666666,0.052577652553350285,10.0
21.333333333333332,0.028011876303416745,10.0
5.666666666666667,0.3238982180263385,250.0
17.166666666666668,0.041010394186378966,10.0
16.833333333333332,0.04055710317461804,10.0
19.333333333333332,0.03215301711525228,10.0
21.166666666666668,0.02810598863808055,10.0
0.16666666666666666,1.0,250.0
10.333333333333334,0.1730858810143734,250.0
19.833333333333332,0.03202244465641336,10.0
19.333333333333332,0.03524708959303247,100.0
8.333333333333334,0.23575935518564103,100.0
5.666666666666667,0.40214633197757127,250.0
21.666666666666668,0.03006656603660965,10.0
20.833333333333332,0.02949738518127323,10.0
18.0,0.048472904843391125,10.0
3.5,0.5990105746761533,250.0
17.833333333333332,0.04189539660634351,100.0
18.833333333333332,0.03495441953227074,10.0
14.333333333333334,0.06501368742360993,10.0
15.333333333333334,0.06917994962100363,100.0
8.5,0.20753662213225382,250.0
20.833333333333332,0.030900894189365816,10.0
15.333333333333334,0.05049271443846393,100.0
18.333333333333332,0.0388600098503474,10.0
16.0,0.05423602779652746,100.0
10.333333333333334,0.1489352133906639,250.0
18.333333333333332,0.04081430264586019,250.0
2.5,0.5492185186730163,100.0
19.0,0.04223977431407734,10.0
15.0,0.07078039723219992,10.0
2.0,0.6140010275169477,250.0
14.0,0.07934025625999473,250.0
8.833333333333334,0.19169309220163208,100.0
4.666666666666667,0.30884975868892567,250.0
2.0,0.4612667492398953,250.0
15.166666666666666,0.05626133472341656,100.0
18.333333333333332,0.03828624328246462,10.0
16.5,0.05183954726827904,100.0
0.16666666666666666,1.0,250.0
9.5,0.17356095549983402,250.0
17.833333333333332,0.040610496836007426,10.0
15.833333333333334,0.05481765473567832,250.0
14.5,0.06927971493276193,100.0
0.6666666666666666,1.0,250.0
15.833333333333334,0.045879181692153284,10.0
12.666666666666666,0.09004812792156487,100.0
3.5,0.5582297277685806,250.0
8.0,0.2361512127467438,100.0
10.166666666666666,0.14437301812614733,250.0
16.0,0.05930571471552803,100.0
20.666666666666668,0.03303574894408568,10.0
15.333333333333334,0.07043053783214737,100.0
19.0,0.03418787739263903,10.0
0.5,1.0,250.0
17.666666666666668,0.04146381578770077,10.0
5.666666666666667,0.3806477732637332,250.0
19.0,0.03404191088889676,10.0
14.333333333333334,0.07025384097677835,100.0
0.3333333333333333,1.0,250.0
16.5,0.04542000481215392,100.0
1.0,0.747802081316909,100.0
13.0,0.08829885776282947,100.0
4.5,0.38645904720227825,250.0
0.16666666666666666,1.0,250.0
14.5,0.07393866565435214,250.0
1.5,0.6134529301684967,250.0
17.333333333333332,0.04453493790372206,100.0
17.333333333333332,0.043264316471661554,10.0
19.0,0.03790931599715546,10.0
8.166666666666666,0.22075829862438243,250.0
11.5,0.12557264390932912,100.0
22.5,0.02990163192327306,10.0
16.333333333333332,0.057483456104406715,100.0
15.833333333333334,0.0584025269212637,10.0
14.0,0.08513149858493842,250.0
10.666666666666666,0.14806457975850815,10.0
16.666666666666668,0.04914379361089676,100.0
13.833333333333334,0.07077175133240518,100.0
19.0,0.0343155190676036,100.0
18.666666666666668,0.031221840036584896,10.0
16.5,0.050622449194703135,10.0
15.5,0.0592332481869569,100.0
17.0,0.04849180295737421,10.0
14.5,0.06459550597779674,10.0
18.333333333333332,0.038522484184263836,100.0
13.833333333333334,0.08095576860425505,100.0
12.333333333333334,0.10267853208089298,10.0
0.8333333333333334,0.7994198990180009,250.0
16.166666666666668,0.05098439210100353,100.0
0.16666666666666666,1.0,100.0
13.0,0.09163053632159865,100.0
5.666666666666667,0.3512702160528399,250.0
17.666666666666668,0.039099036317972596,100.0
9.833333333333334,0.12316902544753644,250.0
14.0,0.07230071080252388,250.0
11.833333333333334,0.10523956566209372,250.0
16.666666666666668,0.04517025559764066,10.0
6.833333333333333,0.29818827359421335,250.0
14.833333333333334,0.06498380845975711,100.0
4.333333333333333,0.4006060740745205,250.0
15.333333333333334,0.061610268901010345,100.0
15.333333333333334,0.054927601367467924,10.0
16.333333333333332,0.056083892150744726,100.0
1.3333333333333333,0.5457397280216767,250.0
18.166666666666668,0.03939424070739335,10.0
20.666666666666668,0.036071170345994844,10.0
6.333333333333333,0.327139715702478,100.0
18.833333333333332,0.03949407073320297,100.0
20.0,0.03406323938899818,10.0
17.333333333333332,0.04300305500817206,100.0
15.333333333333334,0.06238324619495703,250.0
20.5,0.030886944552048774,10.0
15.833333333333334,0.051945472176666556,10.0
18.5,0.03645979602102704,10.0
15.5,0.05457167021748644,100.0
18.166666666666668,0.03486324823422558,100.0
13.666666666666666,0.08261424825676965,250.0
15.5,0.06057737236879059,10.0
15.333333333333334,0.05899586349428724,250.0
18.0,0.042146294320014405,10.0
18.333333333333332,0.040978448375622346,10.0
16.833333333333332,0.044396956809694084,100.0
9.833333333333334,0.1500617962810949,250.0
8.166666666666666,0.19252682079298367,250.0
12.0,0.11536547094585882,250.0
13.0,0.09003809332006313,10.0
18.833333333333332,0.03649216278513759,10.0
7.166666666666667,0.2692768655617044,250.0
13.666666666666666,0.08015533248741032,10.0
20.166666666666668,0.03485569534523474,10.0
21.666666666666668,0.02640818683322816,10.0
17.833333333333332,0.03592007808024565,10.0
7.333333333333333,0.23998321569767583,250.0
20.666666666666668,0.029936890685184996,10.0
8.5,0.24781391462329316,100.0
17.5,0.04739318113660845,10.0
17.833333333333332,0.043446678633580066,10.0
11.333333333333334,0.11651998061167342,250.0
14.833333333333334,0.05828753813625326,100.0
16.166666666666668,0.055522651182596965,100.0
0.6666666666666666,1.0,250.0
15.0,0.06622943599549566,10.0
18.666666666666668,0.04296587151294188,100.0
14.166666666666666,0.06794808701137596,100.0
10.5,0.14768082423814857,250.0
12.166666666666666,0.12184003553782584,100.0
14.5,0.06059276551870533,100.0
15.666666666666666,0.055572422221739026,100.0
11.833333333333334,0.12330045508330917,10.0
16.166666666666668,0.05569177082153711,100.0
19.0,0.036286796673629815,10.0
1.1666666666666667,0.5477352307014202,250.0
7.166666666666667,0.26657058889975477,250.0
6.833333333333333,0.23023276067891985,250.0
17.666666666666668,0.04626636909941372,100.0
20.333333333333332,0.028577266837549586,10.0
12.666666666666666,0.11463855715202821,250.0
19.833333333333332,0.030715467512941498,10.0
14.333333333333334,0.06536142512906137,100.0
20.166666666666668,0.03343136513806179,100.0
19.666666666666668,0.03530077348806403,10.0
18.0,0.03627748340765924,10.0
0.16666666666666666,1.0,250.0
6.0,0.30036241272320086,100.0
9.5,0.19571420650458105,250.0
16.666666666666668,0.05062714443697605,250.0
4.0,0.3585949102104076,250.0
17.666666666666668,0.04222873931676173,100.0
14.333333333333334,0.08204331423537078,100.0
16.333333333333332,0.05004543150080233,10.0
19.166666666666668,0.036786303919033966,10.0
6.833333333333333,0.27876104080386493,250.0
18.5,0.037421752340988344,10.0
20.666666666666668,0.02961151519715236,10.0
12.333333333333334,0.11317958441283923,250.0
18.0,0.044567750015192135,100.0
5.0,0.39859433074218364,250.0
14.166666666666666,0.07895272875389628,250.0
12.833333333333334,0.07427228432386006,100.0
14.833333333333334,0.0641421205172256,100.0
15.166666666666666,0.05762532906071662,10.0
7.0,0.26826308146912997,250.0
10.0,0.20599347833472822,250.0
13.0,0.09117792434407296,250.0
16.5,0.05183912594780265,100.0
17.0,0.04414779656248084,10.0
12.0,0.1171924668840077,250.0
16.5,0.04620926513637773,100.0
16.166666666666668,0.05767623963814563,10.0
19.166666666666668,0.03399841805311549,60.0
0.3333333333333333,1.0,250.0
16.333333333333332,0.046483531740316594,100.0
9.833333333333334,0.1540935743169715,100.0
11.833333333333334,0.10824001512044362,250.0
17.666666666666668,0.04238583889949276,10.0
13.5,0.0737246241941143,100.0
17.333333333333332,0.04316533809763763,100.0
0.16666666666666666,1.0,250.0
4.0,0.3527618730080291,250.0
17.333333333333332,0.046455594413030356,100.0
16.166666666666668,0.05668849684864995,100.0
16.666666666666668,0.047317954913963,10.0
21.166666666666668,0.02772483252767376,10.0
19.0,0.03943061239478311,10.0
15.333333333333334,0.06573134469348658,100.0
0.16666666666666666,1.0,250.0
17.5,0.044292813234878506,10.0
5.0,0.442032799823223,250.0
21.0,0.030973352376754627,10.0
16.666666666666668,0.04981567551084527,100.0
15.5,0.06073396651778265,100.0
3.3333333333333335,0.4018813287923057,250.0
16.833333333333332,0.05111404023095239,100.0
11.5,0.1310569813149874,250.0
0.3333333333333333,1.0,250.0
18.833333333333332,0.03382107992237336,10.0
14.333333333333334,0.06708703606618009,100.0
17.833333333333332,0.04134978332392525,100.0
7.666666666666667,0.2694522413096956,250.0
10.666666666666666,0.1654984793001454,100.0
18.666666666666668,0.03666580601223413,10.0
12.0,0.11362519755310738,100.0
10.0,0.15612866803948802,100.0
17.666666666666668,0.042938612508860836,100.0
20.166666666666668,0.03522146984476857,10.0
16.333333333333332,0.040425928482646485,250.0
3.1666666666666665,0.2904823268290551,250.0
20.5,0.02937816561448092,10.0
16.333333333333332,0.04742757242890195,10.0
9.833333333333334,0.13976475773628189,250.0
15.5,0.06301966858604749,100.0
6.666666666666667,0.32407205045496595,250.0
18.333333333333332,0.04179784579836903,10.0
18.333333333333332,0.043087769113919205,100.0
8.5,0.2507621230880053,250.0
6.5,0.3257782565550649,250.0
15.0,0.05426022548182864,10.0
9.166666666666666,0.21360262351968784,250.0
11.166666666666666,0.11798765396486402,100.0
8.833333333333334,0.1991638837143365,250.0
17.833333333333332,0.04245866842473928,10.0
13.0,0.0913627523012645,100.0
4.166666666666667,0.30402665167101,100.0
15.833333333333334,0.05388532306709604,100.0
16.333333333333332,0.04934985137541527,100.0
19.666666666666668,0.03648536933345169,10.0
18.833333333333332,0.04001243255559023,10.0
16.666666666666668,0.04607909643288952,100.0
14.5,0.08176869171706602,100.0
20.5,0.030953699844222506,10.0
13.666666666666666,0.09606366455426661,250.0
17.166666666666668,0.04599517581349286,10.0
18.833333333333332,0.035345637848494205,10.0
17.333333333333332,0.04250609448221625,10.0
12.333333333333334,0.08954069495827302,100.0
18.0,0.03810617200253414,10.0
19.666666666666668,0.03244382540770972,10.0
17.0,0.04719786014381843,100.0
17.833333333333332,0.041747163994004466,100.0
20.666666666666668,0.029938388949700342,10.0
3.6666666666666665,0.29203443198165585,250.0
18.5,0.03640428110787202,100.0
12.333333333333334,0.12383171992736024,100.0
10.833333333333334,0.13084714842633166,250.0
5.5,0.3093345560657043,60.0
11.833333333333334,0.10840557721039606,100.0
7.666666666666667,0.24854813949820181,250.0
19.166666666666668,0.037396474480544964,10.0
18.5,0.035880736941960444,10.0
19.166666666666668,0.034357875791892915,10.0
14.833333333333334,0.06987917809721148,100.0
22.666666666666668,0.02896804894863274,10.0
8.833333333333334,0.20520665088413237,250.0
19.5,0.033009807405286126,10.0
20.166666666666668,0.03483818626957608,100.0
19.0,0.03871407097842744,100.0
16.0,0.05400887540205273,10.0
6.666666666666667,0.27707464776833773,100.0
12.666666666666666,0.09279376807423868,100.0
20.0,0.031651025424090054,10.0
21.5,0.029742093540900034,10.0
15.833333333333334,0.05202888913083434,100.0
0.3333333333333333,1.0,250.0
15.666666666666666,0.05668651269610755,10.0
1.1666666666666667,0.5717650695771557,250.0
2.1666666666666665,0.6191936253667895,250.0
19.5,0.03347201602216189,10.0
20.666666666666668,0.03061543982945282,10.0
16.0,0.05630130867740878,100.0
13.166666666666666,0.09590341785146081,250.0
8.5,0.23273295048681425,250.0
16.666666666666668,0.050828403520880944,100.0
13.666666666666666,0.07652009370660641,100.0
12.0,0.1130127683263682,100.0
0.8333333333333334,0.45693248584873825,250.0
3.5,0.5286225434081152,100.0
19.333333333333332,0.03572946061579347,10.0
6.833333333333333,0.27620943240136114,100.0
12.333333333333334,0.0914958216209123,100.0
16.666666666666668,0.05243973793754961,250.0
15.666666666666666,0.052867742591731076,100.0
18.166666666666668,0.03840611312270296,10.0
15.0,0.06617018590023953,100.0
5.0,0.32056944254782965,100.0
15.166666666666666,0.05894152136118819,100.0
8.166666666666666,0.17839816826362528,250.0
14.833333333333334,0.06781749109805024,10.0
8.166666666666666,0.2309635540754952,250.0
15.833333333333334,0.053228510025116374,10.0
5.333333333333333,0.3125848021426804,250.0
0.3333333333333333,1.0,250.0
15.5,0.060322693341940896,100.0
17.166666666666668,0.04464147463340871,100.0
19.333333333333332,0.03219981010269863,10.0
21.166666666666668,0.03302956295016011,10.0
3.5,0.34924320373785234,250.0
18.5,0.03646719250889858,10.0
17.333333333333332,0.04812165177840715,100.0
16.833333333333332,0.055440292304441675,250.0
17.0,0.048051915695277135,100.0
19.0,0.03256079186623927,10.0
11.333333333333334,0.09844562067512491,250.0
19.833333333333332,0.030867243537266775,10.0
9.0,0.19455408209665917,100.0
11.333333333333334,0.1119803607993579,100.0
7.333333333333333,0.22881630731719002,250.0
20.5,0.031909560013339555,10.0
7.333333333333333,0.2467772549782578,250.0
11.666666666666666,0.1266022621111649,100.0
19.0,0.03521284386346578,10.0
15.333333333333334,0.0710538703967258,250.0
10.166666666666666,0.19058433010702797,250.0
14.0,0.06328807676535564,100.0
15.166666666666666,0.0657810858677856,100.0
19.5,0.034905483282076495,10.0
19.666666666666668,0.03591101168448139,10.0
20.666666666666668,0.036293970263542766,10.0
18.666666666666668,0.03751293702256814,10.0
15.5,0.06068295143817989,100.0
10.333333333333334,0.16503499121215304,100.0
16.333333333333332,0.04268542095009668,10.0
10.0,0.15596934570202192,250.0
20.333333333333332,0.0322823518638567,100.0
18.666666666666668,0.03886690433780489,10.0
19.833333333333332,0.03542497929752908,10.0
14.666666666666666,0.06694341909797603,100.0
20.166666666666668,0.03418978743880605,10.0
7.833333333333333,0.21162385995283559,250.0
18.666666666666668,0.03965041496461221,10.0
17.333333333333332,0.04024243046399972,10.0
0.5,1.0,250.0
13.666666666666666,0.08281045972509034,10.0
17.833333333333332,0.04598801401140972,100.0
20.333333333333332,0.03491761024898591,10.0
18.5,0.0423333352823799,10.0
9.0,0.2186679375731133,250.0
19.166666666666668,0.03620402957236424,10.0
5.0,0.3035728052311043,100.0
16.666666666666668,0.04668437203181448,100.0
1.0,0.6567177235329287,250.0
18.833333333333332,0.03926163651589109,100.0
9.5,0.16045795120349113,250.0
14.666666666666666,0.06286238804300631,250.0
20.833333333333332,0.026267731649609972,10.0
18.333333333333332,0.03835815325171572,10.0
3.3333333333333335,0.4051967917419079,250.0
17.833333333333332,0.039277024384750364,10.0
11.166666666666666,0.12477988374231924,250.0
19.0,0.037662795059326175,10.0
14.0,0.08299673051390229,100.0
14.666666666666666,0.06572150263484644,100.0
18.166666666666668,0.03408659040038041,10.0
11.166666666666666,0.1406217453802005,100.0
11.5,0.1255464043168678,250.0
16.666666666666668,0.042038388100424644,100.0
16.0,0.05268389130517763,100.0
7.0,0.32934411729151764,100.0
2.1666666666666665,0.8533130953371524,250.0
19.0,0.03718192739243128,10.0
17.166666666666668,0.04474935589271609,10.0
19.333333333333332,0.0349937522348078,10.0
9.0,0.17795757917191127,250.0
18.166666666666668,0.04182405054666308,10.0
19.833333333333332,0.036479285520623995,10.0
16.333333333333332,0.05441742151558353,10.0
16.0,0.0552179145613387,100.0
18.166666666666668,0.03942027094624564,100.0
14.0,0.07627118559661167,10.0
12.333333333333334,0.11849533092074246,250.0
18.833333333333332,0.034426903880340844,10.0
19.0,0.03505136072063913,10.0
3.5,0.6666091137332133,250.0
16.666666666666668,0.05265065174332617,100.0
17.333333333333332,0.04029317018822195,10.0
17.833333333333332,0.0433540214026285,100.0
16.333333333333332,0.051220597173041726,250.0
13.666666666666666,0.09300872644159208,100.0
2.1666666666666665,0.5030886312122291,250.0
12.666666666666666,0.12372230889020192,250.0
16.166666666666668,0.054447942417360805,100.0
16.0,0.051172714142235724,100.0
18.333333333333332,0.03569777874654246,10.0
18.0,0.042375342727280406,10.0
14.5,0.06884858729296299,100.0
21.666666666666668,0.029927019161256604,10.0
21.333333333333332,0.030140496842510526,10.0
15.333333333333334,0.06375695006515182,10.0
16.666666666666668,0.05036628545598991,100.0
11.166666666666666,0.13537529309945193,100.0
17.666666666666668,0.04219556413832037,10.0
15.833333333333334,0.05829053654724734,60.0
8.833333333333334,0.1940648068998116,250.0
11.333333333333334,0.1259870868218225,250.0
12.0,0.11021917672508584,100.0
16.166666666666668,0.05226828583911687,100.0
15.333333333333334,0.06307747934491806,250.0
17.5,0.045137044032869555,10.0
15.833333333333334,0.052821645994497485,100.0
19.0,0.035262015107467785,10.0
0.16666666666666666,1.0,250.0
20.166666666666668,0.036008523678758786,10.0
10.666666666666666,0.13073820714793602,250.0
7.5,0.26640429710499064,250.0
17.333333333333332,0.040290744228348226,10.0
14.666666666666666,0.07266846344934758,10.0
19.833333333333332,0.03129472021367439,10.0
18.166666666666668,0.035861126873214494,10.0
19.166666666666668,0.038134109233776685,10.0
15.833333333333334,0.05248477054421497,100.0
12.833333333333334,0.0807202512577979,10.0
17.833333333333332,0.04130116819636086,10.0
14.333333333333334,0.06274778992301638,100.0
7.5,0.2504786987755621,250.0
15.5,0.055002537322845706,10.0
12.833333333333334,0.09415638155313395,10.0
11.5,0.13069509241144187,100.0
17.333333333333332,0.043179679829892494,10.0
15.833333333333334,0.056765896299251994,10.0
8.833333333333334,0.1831969024229348,250.0
12.833333333333334,0.09440383184292292,250.0
6.0,0.3801468931308832,250.0
17.666666666666668,0.042510296569830505,10.0
0.3333333333333333,1.0,250.0
13.833333333333334,0.07266294826791128,10.0
16.166666666666668,0.053618937909954624,100.0
18.166666666666668,0.037753846398254805,250.0
18.5,0.04102810597854641,10.0
13.5,0.09092826577446715,250.0
1.1666666666666667,0.7378188179481273,250.0
16.666666666666668,0.05002958899885542,10.0
11.833333333333334,0.10014561722385514,100.0
18.0,0.04061713279744564,10.0
4.5,0.32074200314879175,250.0
19.5,0.03228429741905934,10.0
11.0,0.13255615572604762,60.0
20.833333333333332,0.03435879917566765,10.0
14.166666666666666,0.06803977977080651,100.0
1.6666666666666667,0.5460848182022564,250.0
17.333333333333332,0.04842178014428408,10.0
16.833333333333332,0.04428984465025924,10.0
17.333333333333332,0.042132445654874597,100.0
9.5,0.16950205644297225,250.0
17.333333333333332,0.044942014316582936,10.0
19.166666666666668,0.03536249278916163,250.0
20.333333333333332,0.03272019119296333,100.0
17.333333333333332,0.04597120360593212,10.0
16.833333333333332,0.04773310342931289,10.0
17.0,0.047037803301130166,100.0
14.333333333333334,0.06045573721300486,10.0
15.666666666666666,0.06321120591120055,10.0
14.0,0.07192327416802796,10.0
14.666666666666666,0.0632213696662014,10.0
20.333333333333332,0.029050504330161125,10.0
19.666666666666668,0.0353711784421502,100.0
14.333333333333334,0.07867927222940405,250.0
10.0,0.15809094324937623,250.0
17.0,0.04840599371591587,100.0
19.833333333333332,0.03521087556885214,100.0
3.1666666666666665,0.38169192612128877,250.0
18.166666666666668,0.035632416137755155,10.0
16.666666666666668,0.04706934210546167,10.0
9.5,0.20284362652280252,100.0
19.5,0.03416017309587121,10.0
13.333333333333334,0.08105344852548513,100.0
19.0,0.03439666649537834,10.0
16.5,0.04946721427386866,10.0
19.666666666666668,0.03182818183531175,10.0
9.0,0.21400793455721684,100.0
11.166666666666666,0.15627343065638727,100.0
20.0,0.03407868424222451,10.0
20.333333333333332,0.033784178154369425,10.0
14.0,0.0707309985776741,250.0
17.0,0.04891108175692282,100.0
14.0,0.07469842324852281,100.0
4.666666666666667,0.3476065924028265,250.0
3.6666666666666665,0.3453027557183134,250.0
9.833333333333334,0.17009450097856366,250.0
16.333333333333332,0.05421119237945855,100.0
18.166666666666668,0.038205317852493745,10.0
10.833333333333334,0.1419867781209288,100.0
16.0,0.05723261442813719,100.0
15.0,0.07150428171291387,100.0
22.833333333333332,0.028527877978596957,10.0
0.8333333333333334,0.9891731738800219,250.0
19.166666666666668,0.03299714109004934,10.0
13.333333333333334,0.07965287711918435,250.0
16.833333333333332,0.04807277017609715,10.0
4.5,0.35679501957143905,250.0
15.333333333333334,0.0593604049752719,100.0
20.166666666666668,0.031115336293054876,10.0
16.833333333333332,0.05137785947245386,10.0
3.6666666666666665,0.42052411138890916,250.0
1.5,0.7773249686798566,250.0
9.0,0.1526721567056327,250.0
9.0,0.20465727541863613,250.0
17.666666666666668,0.037361482323502566,10.0
9.333333333333334,0.21392921660281314,100.0
15.666666666666666,0.061572954281619574,10.0
17.166666666666668,0.0457445645146555,250.0
16.166666666666668,0.05505068881799595,10.0
2.5,0.4704741227203959,100.0
0.8333333333333334,0.45772399650746237,100.0
5.0,0.3580963393919354,100.0
8.5,0.243618290525407,250.0
16.666666666666668,0.04667947189497658,100.0
19.833333333333332,0.029980275524098175,10.0
21.333333333333332,0.030111071488408105,10.0
17.833333333333332,0.03555083778057263,100.0
3.0,0.4913165049530341,250.0
17.166666666666668,0.04611357247990796,250.0
0.16666666666666666,1.0,250.0
14.666666666666666,0.0693680983482759,100.0
7.0,0.2330208676969416,100.0
16.5,0.050155627652210225,100.0
12.833333333333334,0.08493039717324485,100.0
15.0,0.0636178409628185,10.0
15.666666666666666,0.06646068117123902,10.0
22.166666666666668,0.025675159148439146,10.0
18.666666666666668,0.038801388055366655,100.0
18.5,0.04065345305647186,10.0
14.333333333333334,0.07352332599490585,250.0
7.833333333333333,0.21799349945792632,100.0
13.333333333333334,0.09483430166114512,250.0
9.0,0.21482456846764494,250.0
18.166666666666668,0.040815375098573844,10.0
10.0,0.15922295750855994,250.0
19.5,0.036828865871875144,10.0
16.166666666666668,0.05479394388494713,100.0
16.333333333333332,0.05194713664780921,100.0
18.0,0.038577096677694725,100.0
0.6666666666666666,1.0,250.0
16.5,0.04251910970823505,250.0
12.0,0.0897250551916816,100.0
10.5,0.14412017824448306,10.0
15.166666666666666,0.05957220366348764,100.0
16.166666666666668,0.0531676460688167,250.0
15.166666666666666,0.05671076902147169,100.0
14.5,0.07080773893721302,100.0
13.166666666666666,0.09139932430998249,100.0
19.833333333333332,0.035990808693145505,10.0
15.666666666666666,0.05465512443270002,100.0
21.833333333333332,0.02996717788584228,10.0
0.3333333333333333,1.0,250.0
0.16666666666666666,1.0,250.0
15.0,0.06537388039773721,100.0
19.833333333333332,0.032267153223201554,100.0
1.6666666666666667,0.9779024289553149,250.0
17.333333333333332,0.04767372824415136,10.0
17.166666666666668,0.04385644868609685,10.0
18.5,0.03925595074723947,10.0
17.5,0.04286257776419195,100.0
14.166666666666666,0.07861638341209203,250.0
0.16666666666666666,1.0,250.0
15.333333333333334,0.0593848538492911,100.0
6.833333333333333,0.30596441539838043,250.0
20.5,0.028887263965142247,10.0
19.5,0.03646893010431164,10.0
13.166666666666666,0.11607989931999715,100.0
6.666666666666667,0.35945029251178157,250.0
10.5,0.16344377363057783,250.0
18.666666666666668,0.036479089608711206,100.0
8.333333333333334,0.24282754601053977,250.0
18.666666666666668,0.03687391878767025,100.0
17.0,0.052087655986964854,10.0
16.0,0.06375716924095087,100.0
6.666666666666667,0.3265290990145378,250.0
4.166666666666667,0.6151086553053232,250.0
12.333333333333334,0.10962583010017403,250.0
6.833333333333333,0.24368453877108315,250.0
0.8333333333333334,0.2581639178814819,250.0
8.666666666666666,0.23779278132524795,250.0
18.5,0.040511542648498176,100.0
17.666666666666668,0.0383706937775355,10.0
17.166666666666668,0.04837953711659599,10.0
15.333333333333334,0.05832545066993768,10.0
15.166666666666666,0.06646311134670513,100.0
17.5,0.04208236512703669,10.0
19.666666666666668,0.034244854826888806,10.0
14.0,0.07849297997945538,100.0
15.666666666666666,0.05700704896901927,100.0
15.166666666666666,0.06352301543051156,100.0
0.16666666666666666,1.0,250.0
14.5,0.06545324830467977,250.0
18.333333333333332,0.041362700038403075,10.0
20.666666666666668,0.034947736534977944,10.0
18.333333333333332,0.0322957402360863,100.0
15.333333333333334,0.05780593901162204,10.0
16.666666666666668,0.04720263318189541,100.0
17.5,0.04873859896850523,10.0
15.333333333333334,0.06284483080899851,250.0
20.666666666666668,0.03455911146249044,10.0
11.833333333333334,0.13180606356622127,100.0
17.166666666666668,0.04909608537298337,10.0
18.333333333333332,0.03946316408813659,10.0
8.166666666666666,0.27629921904258414,250.0
15.333333333333334,0.06391021770779304,250.0
16.833333333333332,0.04266004764495349,10.0
16.666666666666668,0.04054964353626103,10.0
19.166666666666668,0.04072094133393967,10.0
17.5,0.045600206912648766,100.0
11.333333333333334,0.12599105605287095,250.0
18.5,0.039806727595378434,10.0
5.666666666666667,0.3138375883142586,250.0
17.166666666666668,0.04689053761645514,100.0
2.1666666666666665,0.960587849420532,100.0
18.0,0.039195546103462264,10.0
20.166666666666668,0.03241077664241702,10.0
15.166666666666666,0.06908180027132485,100.0
8.0,0.25180019325676545,250.0
12.666666666666666,0.09730792201237808,10.0
18.166666666666668,0.040506337189748255,10.0
7.166666666666667,0.27513611301425867,100.0
20.333333333333332,0.033677802870363475,10.0
19.5,0.03470529007577992,100.0
20.166666666666668,0.03025459792301879,10.0
17.5,0.042025909429677724,250.0
13.833333333333334,0.08460702489373774,250.0
18.0,0.04564783491264714,10.0
15.833333333333334,0.06406492188655122,250.0
21.166666666666668,0.030023186484964964,10.0
13.0,0.09829167410980592,250.0
17.833333333333332,0.03785064691333833,10.0
13.166666666666666,0.09210577942353033,250.0
17.166666666666668,0.043991568863829586,10.0
13.333333333333334,0.07837749942565084,100.0
17.0,0.04346034797870595,10.0
0.16666666666666666,1.0,250.0
15.666666666666666,0.050995594620586025,10.0
2.3333333333333335,0.6853585113631763,250.0
11.166666666666666,0.13836417839159162,100.0
0.16666666666666666,1.0,250.0
1.6666666666666667,0.4204420071006046,250.0
17.0,0.04407263783763532,10.0
18.666666666666668,0.03732462114555227,10.0
20.5,0.03076509865181351,10.0
17.0,0.037813137600339365,100.0
15.5,0.06054169221926547,100.0
18.166666666666668,0.04003762381816729,10.0
14.0,0.07485137946100859,250.0
4.5,0.4093389421663112,250.0
17.333333333333332,0.04518669502310415,10.0
16.333333333333332,0.046903122166878974,60.0
18.666666666666668,0.03823734208894094,10.0
1.8333333333333333,0.6459092228635962,100.0
12.0,0.11393233243659955,100.0
19.833333333333332,0.03302137916854043,100.0
17.333333333333332,0.042441046741639434,100.0
4.5,0.37094987273819247,250.0
20.5,0.0289207327192772,10.0
3.8333333333333335,0.4892225981052057,100.0
0.6666666666666666,1.0,250.0
11.666666666666666,0.1131853136370734,100.0
1.3333333333333333,0.9209717686111586,10.0
18.833333333333332,0.03465603041447747,10.0
15.0,0.06472428599031897,10.0
20.166666666666668,0.03318542353633829,10.0
12.5,0.10795720069866119,250.0
12.333333333333334,0.1078971299766526,100.0
9.166666666666666,0.1660993416805323,250.0
16.166666666666668,0.05187049336977346,100.0
8.833333333333334,0.20287590579770462,250.0
19.333333333333332,0.0348717362458951,100.0
15.833333333333334,0.05430911696982417,10.0
17.833333333333332,0.036039790959383325,100.0
20.666666666666668,0.03163426435859859,10.0
17.166666666666668,0.04576721563861436,250.0
12.333333333333334,0.11870108224908747,250.0
14.666666666666666,0.0634942422620711,250.0
9.833333333333334,0.20610231656186914,250.0
15.5,0.06297118971010013,100.0
15.5,0.05603115691835633,100.0
13.0,0.09786268272763608,250.0
17.666666666666668,0.041765478067113886,100.0
17.833333333333332,0.04128374012866191,100.0
15.833333333333334,0.057393044680425775,100.0
6.166666666666667,0.29745704603667145,250.0
0.3333333333333333,1.0,250.0
14.333333333333334,0.07531699356864371,250.0
21.666666666666668,0.030824985894051703,10.0
17.5,0.03615246016377302,10.0
15.166666666666666,0.05744210880670311,10.0
15.333333333333334,0.0597110805488678,10.0
13.166666666666666,0.0868857335655312,100.0
5.333333333333333,0.34211387609138066,250.0
15.833333333333334,0.05681465187534979,100.0
16.166666666666668,0.05016558586380117,250.0
16.166666666666668,0.052922809862934066,10.0
18.833333333333332,0.032974117921131814,10.0
19.0,0.03790579488465578,10.0
14.333333333333334,0.06731254116740908,100.0
0.6666666666666666,1.0,250.0
19.833333333333332,0.030228042899084585,10.0
13.666666666666666,0.08748858628731156,250.0
5.0,0.29980310882757466,250.0
19.833333333333332,0.03436341775014079,10.0
17.166666666666668,0.044669908879445636,100.0
18.0,0.04226121838365279,250.0
19.166666666666668,0.0343327023697058,10.0
15.333333333333334,0.055952709196302144,100.0
17.166666666666668,0.04301210078533534,100.0
10.333333333333334,0.16000520067944463,250.0
18.5,0.03615036662050869,100.0
19.333333333333332,0.035545725187667715,10.0
14.333333333333334,0.0799642703842343,100.0
18.833333333333332,0.0323640727484421,10.0
17.833333333333332,0.044620770857616655,100.0
16.666666666666668,0.04642497571641245,100.0
7.166666666666667,0.25136272364041157,250.0
22.0,0.028688695925181716,10.0
15.333333333333334,0.05862509383067978,10.0
1.0,0.5951648021149036,250.0
0.6666666666666666,1.0,250.0
19.666666666666668,0.03529972271338848,10.0
1.6666666666666667,0.7376209181842197,250.0
18.0,0.042926658574778495,100.0
15.166666666666666,0.06485514298445431,250.0
0.16666666666666666,1.0,250.0
3.1666666666666665,0.5736847752362524,100.0
12.833333333333334,0.09803448228484328,250.0
20.333333333333332,0.03184973632813824,10.0
0.3333333333333333,1.0,250.0
14.833333333333334,0.06084925445750674,100.0
17.5,0.044065521486938326,100.0
21.666666666666668,0.030880485068635104,10.0
15.666666666666666,0.060613477363471724,100.0
17.333333333333332,0.04432953278173729,100.0
13.666666666666666,0.08591743372181133,100.0
16.0,0.052135950781225945,100.0
10.5,0.139693037169703,100.0
17.666666666666668,0.04116969716219491,100.0
16.833333333333332,0.05039447780131413,100.0
2.8333333333333335,0.6685311944558922,250.0
11.833333333333334,0.11799705965084496,250.0
17.833333333333332,0.04663969211667145,100.0
0.16666666666666666,1.0,250.0
15.666666666666666,0.06154045830330871,100.0
15.666666666666666,0.05332647843636456,10.0
18.666666666666668,0.03624389752125506,10.0
13.0,0.08141583537814001,10.0
16.0,0.04993452813238973,100.0
18.166666666666668,0.042673591525411156,10.0
15.0,0.06642550543712278,250.0
19.0,0.028764556821085897,10.0
20.0,0.0329809748042195,10.0
11.666666666666666,0.12027574331876942,100.0
19.833333333333332,0.03347357391665949,10.0
17.333333333333332,0.04601215300889992,10.0
19.0,0.03517964951626389,10.0
17.166666666666668,0.04791359195705386,250.0
18.833333333333332,0.037255114688218724,100.0
1.0,1.2202290093450814,250.0
20.5,0.03069333961026614,10.0
16.5,0.04741276939732423,10.0
20.5,0.030845822614545233,10.0
13.666666666666666,0.08145470614179962,250.0
18.666666666666668,0.03403596993279218,10.0
15.5,0.05367627629595515,100.0
13.5,0.08091139439513813,100.0
17.333333333333332,0.04329115880658611,100.0
18.0,0.04449069880503944,10.0
16.833333333333332,0.04527731303622888,100.0
2.1666666666666665,0.3108455379461172,250.0
11.666666666666666,0.1252960377149055,100.0
5.0,0.34396965722711675,250.0
12.5,0.0886509587383232,100.0
15.666666666666666,0.05177079119991107,250.0
0.16666666666666666,1.0,250.0
11.833333333333334,0.13227179822371093,10.0
19.5,0.03447717879816702,10.0
16.833333333333332,0.05206388658738303,100.0
20.166666666666668,0.03033515959828612,10.0
6.166666666666667,0.27888992057541234,250.0
17.333333333333332,0.044127097955409,10.0
19.166666666666668,0.03394210712139478,10.0
16.833333333333332,0.048325182445273396,250.0
20.666666666666668,0.02928591225416342,10.0
18.0,0.045090790398421024,100.0
18.666666666666668,0.036851915669289505,10.0
6.333333333333333,0.3528343145955516,250.0
16.666666666666668,0.048580907761336514,10.0
16.333333333333332,0.048495912934755615,10.0
10.666666666666666,0.1485117279036161,100.0
21.666666666666668,0.02935028766703808,10.0
16.0,0.05798939731591621,100.0
9.0,0.23264745237598275,250.0
16.0,0.04705467735310218,250.0
10.166666666666666,0.15815727155093995,250.0
8.833333333333334,0.15688031210704725,250.0
17.333333333333332,0.04181333971068841,10.0
17.833333333333332,0.03868115150418803,100.0
6.166666666666667,0.3203488495353471,100.0
2.8333333333333335,0.62649829799738,250.0
18.333333333333332,0.03213719472307487,100.0
1.6666666666666667,0.592799962668641,250.0
0.8333333333333334,0.5856149861253297,250.0
14.0,0.07182452152867234,100.0
0.6666666666666666,1.0,250.0
21.166666666666668,0.029273546038450553,10.0
15.833333333333334,0.05578511330966827,100.0
15.333333333333334,0.06332395402511903,100.0
20.0,0.032328280021116755,10.0
0.16666666666666666,1.0,250.0
15.833333333333334,0.050850794345051534,10.0
17.5,0.047046443917500146,100.0
18.833333333333332,0.03347663524471407,10.0
20.5,0.02822099847566015,10.0
17.833333333333332,0.041476012414376755,10.0
18.0,0.036081148049989874,10.0
11.166666666666666,0.11212312311510585,250.0
10.0,0.1695142306760285,250.0
21.0,0.03312120517590945,10.0
16.333333333333332,0.04867271544601153,100.0
3.8333333333333335,0.43317467531028914,250.0
17.0,0.04285655468170534,10.0
10.0,0.15879517687452083,250.0
20.166666666666668,0.03476515880347445,10.0
6.166666666666667,0.32700731266885474,250.0
19.5,0.0365154672801262,10.0
7.833333333333333,0.24746660725871483,250.0
10.0,0.1544691794477692,100.0
7.833333333333333,0.26951244730236007,100.0
12.833333333333334,0.1123857307479687,250.0
2.5,0.5600987534112816,250.0
18.5,0.036909229914561886,10.0
14.166666666666666,0.06904942776537383,100.0
0.16666666666666666,1.0,100.0
8.166666666666666,0.24853446778086646,250.0
20.666666666666668,0.02935509299949565,100.0
13.333333333333334,0.08044678085606365,100.0
13.0,0.08186596109689259,100.0
17.666666666666668,0.047081120640743754,10.0
12.666666666666666,0.09921282032445307,100.0
14.666666666666666,0.06979612393506668,250.0
16.333333333333332,0.05291417105526738,250.0
16.833333333333332,0.05610527133953228,250.0
19.166666666666668,0.038377342486023834,10.0
10.666666666666666,0.14733978830460154,100.0
0.6666666666666666,1.0,250.0
19.166666666666668,0.03647135088959817,10.0
0.8333333333333334,0.38219722926561944,250.0
15.833333333333334,0.0573297989113979,100.0
5.333333333333333,0.28921824833089665,250.0
4.833333333333333,0.4209045393156825,250.0
17.333333333333332,0.04255487023890083,100.0
20.5,0.029101343854428537,100.0
13.5,0.08659984860287599,100.0
20.333333333333332,0.03115594483142468,10.0
18.666666666666668,0.04016309098553737,100.0
18.5,0.03675387837203962,10.0
6.5,0.2770883555786106,100.0
20.166666666666668,0.030197649595975384,10.0
0.3333333333333333,1.0,250.0
13.666666666666666,0.08276863667847635,100.0
17.333333333333332,0.048766686082491045,100.0
16.833333333333332,0.0513513471950635,100.0
19.0,0.0343748281505268,10.0
1.3333333333333333,0.747189653119148,250.0
14.833333333333334,0.06211962392372487,100.0
18.166666666666668,0.04174136077049042,100.0
14.833333333333334,0.065189373064358,100.0
3.8333333333333335,0.41000447117246874,100.0
14.333333333333334,0.07154825548057021,100.0
16.333333333333332,0.05418598472632615,10.0
14.0,0.0728636591459956,100.0
11.166666666666666,0.11901699790176619,10.0
17.5,0.04395429964341024,10.0
19.333333333333332,0.035135411576406976,10.0
22.166666666666668,0.02543510384670973,10.0
15.666666666666666,0.05790512166211196,100.0
19.0,0.03526382212593214,100.0
20.5,0.032439035943068406,10.0
19.5,0.03622775388789065,10.0
11.166666666666666,0.10084993816784572,250.0
9.166666666666666,0.1632190313723918,250.0
9.0,0.1884860485773071,250.0
15.166666666666666,0.06298278435158304,10.0
19.666666666666668,0.03462175820892801,10.0
20.333333333333332,0.032176427501979056,10.0
20.0,0.03063561940166803,100.0
6.833333333333333,0.29257223714224717,100.0
15.833333333333334,0.045737143799039016,10.0
10.0,0.15308565028087512,250.0
18.5,0.03510854874306677,100.0
13.166666666666666,0.08862580164226873,10.0
19.833333333333332,0.03249454817180138,10.0
16.166666666666668,0.04992905545636058,60.0
18.666666666666668,0.036084382268004804,10.0
6.666666666666667,0.24718274708344107,100.0
20.166666666666668,0.03394154502093524,10.0
19.333333333333332,0.040042479202854746,10.0
17.166666666666668,0.04594933009843013,250.0
15.166666666666666,0.05941662913507777,10.0
20.666666666666668,0.03189864162906658,10.0
21.666666666666668,0.02774309212129217,10.0
7.5,0.2673462230268683,250.0
6.333333333333333,0.2903099255687748,250.0
1.5,0.5596564861727148,250.0
14.333333333333334,0.07292798409568794,10.0
16.833333333333332,0.04575925723825503,100.0
17.833333333333332,0.04084033328942143,10.0
19.666666666666668,0.03299801390739554,10.0
18.833333333333332,0.037772827408202106,10.0
19.666666666666668,0.03162831201188166,10.0
17.166666666666668,0.047528891259252706,10.0
11.166666666666666,0.13539653436965354,100.0
2.8333333333333335,0.5674897883248831,250.0
16.666666666666668,0.049621164171927815,100.0
18.5,0.0416699530153449,10.0
15.5,0.0659318985641777,250.0
16.833333333333332,0.044290314920206804,10.0
8.5,0.20085877036352473,10.0
18.833333333333332,0.03537665033995194,10.0
18.333333333333332,0.041504481484194444,10.0
18.833333333333332,0.03225124294098445,10.0
18.333333333333332,0.039079724034004504,10.0
20.166666666666668,0.02959336118042158,10.0
17.5,0.04235982366550181,10.0
3.6666666666666665,0.6561379896134052,250.0
17.0,0.053023700941035416,100.0
19.0,0.03495350214836819,10.0
19.833333333333332,0.032068917827187314,10.0
18.166666666666668,0.03838933997321051,250.0
16.333333333333332,0.04832377333208491,100.0
12.666666666666666,0.09939774209581977,250.0
20.0,0.032670384570918136,10.0
7.333333333333333,0.2543914698038977,100.0
17.666666666666668,0.04506838031897929,250.0
20.5,0.033866984603048406,10.0
2.8333333333333335,0.2855640973530708,250.0
17.5,0.04323032954455689,100.0
4.166666666666667,0.5763454941377025,100.0
13.666666666666666,0.07510101936514767,100.0
18.0,0.04255554505815688,100.0
12.666666666666666,0.09855351581790582,100.0
15.166666666666666,0.06845180393339963,100.0
16.833333333333332,0.051967897199922904,100.0
3.5,0.6794803824259186,250.0
17.166666666666668,0.04837857746339743,10.0
20.166666666666668,0.03213726179370629,10.0
19.5,0.039175261458860536,100.0
18.5,0.04025792948014164,100.0
18.333333333333332,0.03860716341987344,10.0
1.6666666666666667,0.7539492051375922,250.0
8.0,0.2735116216547469,250.0
16.333333333333332,0.047274661070493586,100.0
11.0,0.12719979145859858,250.0
19.166666666666668,0.03244421642381375,10.0
14.166666666666666,0.06858207941812568,100.0
16.5,0.04778839354484748,100.0
19.333333333333332,0.030063511931537803,100.0
15.666666666666666,0.05395624005347402,100.0
16.666666666666668,0.04716039494070277,10.0
19.833333333333332,0.03081790222542855,100.0
20.0,0.03428885572652294,10.0
8.333333333333334,0.22212009362926188,100.0
14.833333333333334,0.06448529258178266,10.0
6.5,0.3170273736038652,250.0
1.8333333333333333,0.5966095004346806,100.0
20.5,0.0340011919201183,10.0
12.666666666666666,0.11170139435085444,100.0
14.333333333333334,0.06920801406838928,10.0
14.833333333333334,0.06279387140918073,100.0
20.0,0.03319337782180859,100.0
12.166666666666666,0.09724215141299648,250.0
15.5,0.06088124998933051,100.0
22.333333333333332,0.030817875829187706,10.0
19.333333333333332,0.036358275860023,10.0
21.833333333333332,0.027639765731997206,10.0
18.833333333333332,0.037274568527519134,10.0
20.333333333333332,0.03196753251539414,100.0
17.166666666666668,0.05156602740912523,100.0
19.0,0.03896232786293055,10.0
19.666666666666668,0.03554563809680141,10.0
15.0,0.06246805980489034,10.0
16.333333333333332,0.052649809063445255,100.0
16.166666666666668,0.050142580516618976,100.0
2.8333333333333335,0.4118922118354083,250.0
19.666666666666668,0.033845663300886675,100.0
6.166666666666667,0.3895733749218619,250.0
8.666666666666666,0.221920669800914,10.0
20.166666666666668,0.030563619050262846,10.0
13.166666666666666,0.1025230310559264,250.0
16.833333333333332,0.04772114034536111,100.0
3.5,0.4860139038936926,250.0
14.5,0.06479251951048015,250.0
18.0,0.03961861452388035,100.0
6.833333333333333,0.2685131939836344,250.0
8.666666666666666,0.2518442147627981,250.0
13.666666666666666,0.08375751384137287,100.0
11.0,0.13768333771991187,100.0
0.5,1.0,100.0
8.5,0.2807560534855518,100.0
9.833333333333334,0.1552860860993237,100.0
20.166666666666668,0.03555722531457297,10.0
15.833333333333334,0.05587453747988542,100.0
20.166666666666668,0.03542190613555053,10.0
12.166666666666666,0.10229518789076747,250.0
21.166666666666668,0.032482560614881514,10.0
19.5,0.03251564959788883,100.0
18.333333333333332,0.04613112441280255,10.0
0.8333333333333334,0.576234240785965,250.0
16.5,0.04886512867716367,100.0
9.5,0.17632632400351148,10.0
18.833333333333332,0.04035192675549589,100.0
1.1666666666666667,0.7035916613039854,250.0
9.5,0.14462323401019878,250.0
18.5,0.043886898418669364,100.0
17.166666666666668,0.0402170279255573,60.0
16.833333333333332,0.04315815624471893,10.0
17.166666666666668,0.04314919105942651,100.0
19.0,0.034352579590123604,10.0
0.16666666666666666,1.0,100.0
14.0,0.07677425526690132,100.0
8.333333333333334,0.20770584570555112,100.0
5.333333333333333,0.317771771131599,100.0
16.5,0.051069338390788116,10.0
10.0,0.20033957433260965,250.0
13.333333333333334,0.09021357891491526,250.0
12.166666666666666,0.10261855600364804,100.0
15.166666666666666,0.06746649329750001,100.0
2.0,0.45694827717883235,250.0
5.833333333333333,0.37645508742888384,250.0
6.833333333333333,0.32303007958659724,250.0
9.833333333333334,0.1868056936026517,250.0
5.0,0.3926247961550509,250.0
6.833333333333333,0.26604618019637555,100.0
17.333333333333332,0.04677459494509887,100.0
17.333333333333332,0.042334133887472494,100.0
16.5,0.051600942983063385,100.0
15.833333333333334,0.052668064595198884,10.0
15.166666666666666,0.06431841071705095,100.0
20.166666666666668,0.028038737236875156,10.0
20.833333333333332,0.029438438662616993,10.0
14.0,0.08899289154897588,250.0
12.333333333333334,0.10294945138841366,250.0
17.833333333333332,0.03732490294610044,100.0
0.16666666666666666,1.0,250.0
7.666666666666667,0.24429292357778526,250.0
2.0,0.5498324812401509,250.0
1.8333333333333333,0.560543321777661,250.0
18.0,0.04205485472562802,100.0
16.833333333333332,0.047822454750910105,250.0
19.833333333333332,0.033169298727279355,100.0
17.666666666666668,0.04040089263667215,10.0
13.5,0.07588188630883863,100.0
12.666666666666666,0.10164246156357518,100.0
20.166666666666668,0.035072089880129095,10.0
19.666666666666668,0.02947820358574542,100.0
18.166666666666668,0.03960571893017384,10.0
15.333333333333334,0.0691832376591247,10.0
15.0,0.0594995333368535,10.0
18.5,0.037757235739010554,10.0
19.833333333333332,0.03285621247681502,10.0
19.5,0.037107015848023873,10.0
10.833333333333334,0.12686057028634326,100.0
17.5,0.04561961259624143,10.0
20.333333333333332,0.029066597556390975,10.0
18.166666666666668,0.0374788260926853,100.0
18.166666666666668,0.04044432060079047,10.0
17.833333333333332,0.04339100745909182,100.0
16.0,0.05383772016142401,10.0
16.833333333333332,0.03962401485760187,100.0
18.5,0.03587696465076641,10.0
15.5,0.060791331465760726,100.0
20.5,0.032403362026872363,10.0
16.333333333333332,0.051757935930221384,100.0
12.5,0.0880108326595622,100.0
14.833333333333334,0.06841497539693835,100.0
8.833333333333334,0.2116906887985147,250.0
17.5,0.04125836813912383,10.0
17.5,0.042442206280682376,10.0
1.5,0.6607508409733814,250.0
5.333333333333333,0.32236529903132427,250.0
15.333333333333334,0.06155483210518413,250.0
20.666666666666668,0.03574352660119435,10.0
11.0,0.1543123844118713,100.0
19.333333333333332,0.035517822160143,10.0
20.0,0.03420759558573752,10.0
17.333333333333332,0.042688576304578216,10.0
14.833333333333334,0.07804012033347166,100.0
8.833333333333334,0.22647412467650938,250.0
8.833333333333334,0.17857672151092133,250.0
18.333333333333332,0.041060372628938704,100.0
17.0,0.046369913515084876,10.0
0.16666666666666666,1.0,250.0
11.833333333333334,0.12968678279037082,100.0
16.666666666666668,0.05041240477392804,10.0
12.5,0.08727404825596556,250.0
19.0,0.04022775281940438,10.0
17.666666666666668,0.04565131195141842,100.0
19.333333333333332,0.036692879524271665,10.0
1.0,0.6459406410068703,250.0
18.166666666666668,0.041784486760614865,100.0
11.5,0.10400928568039694,100.0
0.16666666666666666,1.0,250.0
19.166666666666668,0.03369334340283496,10.0
1.6666666666666667,0.4061579064281797,250.0
18.5,0.039337209844099975,10.0
5.166666666666667,0.34311162022670516,250.0
12.5,0.09293281401073955,100.0
21.0,0.03257730759530065,10.0
15.5,0.052952288255050446,10.0
11.166666666666666,0.1527882296015877,100.0
18.5,0.03402585153187051,10.0
17.0,0.05091638527977376,10.0
13.666666666666666,0.07968463608319343,10.0
13.166666666666666,0.08181889411300075,100.0
14.333333333333334,0.07042845001070334,10.0
11.666666666666666,0.12100187046126423,10.0
16.166666666666668,0.047565239889449176,100.0
16.666666666666668,0.04683998038365361,250.0
19.666666666666668,0.03580716799336313,10.0
18.166666666666668,0.04153467116191665,100.0
15.833333333333334,0.05610790048631395,10.0
9.5,0.1652054277253712,250.0
19.0,0.03914204663264735,10.0
11.166666666666666,0.14850094868518288,250.0
9.0,0.18762619243584464,100.0
12.666666666666666,0.09431396034544606,250.0
19.833333333333332,0.03385420896351406,10.0
21.833333333333332,0.0279979502911599,10.0
8.166666666666666,0.21096253871924595,250.0
16.666666666666668,0.0446970562324974,250.0
16.166666666666668,0.058128586504759466,60.0
17.5,0.04196756225213857,100.0
13.333333333333334,0.0780363523699784,10.0
19.666666666666668,0.033163968099221244,10.0
17.166666666666668,0.04449516022541525,100.0
19.5,0.03338147350762133,10.0
13.333333333333334,0.08272536336757681,250.0
14.0,0.07541060919395458,100.0
17.333333333333332,0.04153003794103094,10.0
18.5,0.039296987586376994,100.0
20.166666666666668,0.037080105344580776,10.0
18.166666666666668,0.033275345174479255,100.0
0.6666666666666666,1.0,250.0
19.666666666666668,0.033889281209139935,10.0
19.0,0.039347155419833,10.0
19.666666666666668,0.027954850498136757,10.0
12.5,0.09351026184934197,250.0
8.5,0.19414051663588627,100.0
10.666666666666666,0.1539647356480798,250.0
16.166666666666668,0.05236022186426045,100.0
19.5,0.0326062799068209,10.0
10.166666666666666,0.14829932088682476,250.0
15.0,0.06454309206159356,10.0
16.666666666666668,0.04746236646795725,100.0
16.833333333333332,0.04269163344230778,100.0
15.833333333333334,0.05488818021548268,10.0
12.5,0.09353324000133144,250.0
18.333333333333332,0.04038883384847829,100.0
21.0,0.030242190660727048,10.0
16.0,0.04823913869254709,100.0
7.166666666666667,0.25041447289287994,250.0
15.166666666666666,0.053936112301009226,10.0
15.166666666666666,0.07264755789179973,250.0
11.833333333333334,0.11019257595599914,250.0
17.0,0.048402572448373316,100.0
2.1666666666666665,0.4719092269047983,250.0
17.666666666666668,0.04728945575847301,10.0
15.666666666666666,0.04983019893694616,100.0
0.16666666666666666,1.0,250.0
15.333333333333334,0.05960211847613996,10.0
18.5,0.03817640235395439,10.0
17.166666666666668,0.04270927134296281,100.0
18.666666666666668,0.03597903253968583,10.0
17.5,0.04131587844349132,100.0
7.833333333333333,0.31641335003867554,250.0
0.5,1.0,100.0
3.3333333333333335,0.5101185570809579,100.0
13.666666666666666,0.09645008301252907,250.0
21.333333333333332,0.032702494147407536,10.0
9.833333333333334,0.16825043902482614,250.0
18.833333333333332,0.03662933020900804,10.0
17.5,0.04376923886120191,10.0
18.166666666666668,0.03783684582038744,100.0
15.5,0.06062658607128666,100.0
19.833333333333332,0.03011339723211261,10.0
16.166666666666668,0.047532442619552896,10.0
13.833333333333334,0.08442558371874134,250.0
10.666666666666666,0.1721002470583245,100.0
14.0,0.08344568600985444,250.0
16.333333333333332,0.05038888809865876,100.0
19.666666666666668,0.03417354448063453,10.0
13.833333333333334,0.06860878926022365,100.0
0.5,1.0,250.0
13.166666666666666,0.08831117642987062,100.0
17.166666666666668,0.04035759921843435,10.0
14.833333333333334,0.06385110784976637,250.0
17.333333333333332,0.04234515539568775,100.0
21.166666666666668,0.0336626229211174,10.0
9.0,0.23770391283086942,250.0
0.16666666666666666,1.0,250.0
18.5,0.03932693305582342,10.0
11.833333333333334,0.11858472893608515,100.0
19.0,0.03814405755324415,10.0
18.5,0.033335047727572356,10.0
22.333333333333332,0.026479170316117576,10.0
0.8333333333333334,0.8617962388633005,100.0
18.666666666666668,0.03495397292602888,10.0
19.166666666666668,0.035046164915185585,10.0
9.666666666666666,0.1747689641519837,250.0
0.3333333333333333,1.0,250.0
13.5,0.08702973664180207,100.0
0.8333333333333334,0.35422453715064495,100.0
17.666666666666668,0.03908837523635825,10.0
14.666666666666666,0.06542463468988122,250.0
21.166666666666668,0.028345670929838147,10.0
19.666666666666668,0.032145407574194894,100.0
8.0,0.2508121515917995,250.0
14.333333333333334,0.08263895047676184,250.0
15.666666666666666,0.05718878845346741,100.0
8.166666666666666,0.23222336537187352,250.0
11.833333333333334,0.10660956387300226,100.0
6.833333333333333,0.33294634458961186,250.0
18.0,0.047965390807724446,100.0
18.166666666666668,0.040116444123927786,100.0
18.833333333333332,0.033325037349381775,10.0
18.166666666666668,0.03428113430793097,10.0
12.333333333333334,0.10505173048493234,100.0
8.166666666666666,0.26695796888991036,100.0
13.833333333333334,0.07762950100867368,10.0
10.833333333333334,0.14681939828449622,250.0
18.833333333333332,0.03505525201790631,10.0
16.333333333333332,0.050945373974349874,10.0
17.0,0.043235993072331655,10.0
16.833333333333332,0.04883927562742717,100.0
18.833333333333332,0.037798218512308246,10.0
20.0,0.03215397669002364,10.0
20.166666666666668,0.03203082981552279,10.0
18.5,0.036004395713607744,10.0
17.333333333333332,0.04072054450993569,100.0
19.0,0.03875579075080867,10.0
20.5,0.03280839728339576,10.0
9.333333333333334,0.16978879566424643,250.0
18.666666666666668,0.035328487467655725,10.0
6.166666666666667,0.2964969909793258,10.0
3.3333333333333335,0.41791126666779854,100.0
11.666666666666666,0.11325006077871128,250.0
15.333333333333334,0.06925704101700647,250.0
2.5,0.8773641738852626,250.0
17.333333333333332,0.042621889557659894,100.0
19.0,0.0372260196808099,10.0
17.166666666666668,0.047594344837197315,100.0
17.333333333333332,0.043016471990232105,10.0
13.833333333333334,0.07876195553427358,10.0
15.666666666666666,0.052546109540804055,10.0
1.8333333333333333,0.7169875012777064,250.0
16.5,0.04459963120520139,10.0
16.166666666666668,0.05359482499892223,100.0
17.833333333333332,0.043496575677729674,10.0
18.5,0.04064771664034961,10.0
14.5,0.06682872492986541,100.0
15.166666666666666,0.06578331573519759,100.0
2.1666666666666665,0.4520599705640094,250.0
3.1666666666666665,0.4390766962830755,250.0
15.166666666666666,0.05985117156341593,250.0
16.0,0.053651698088523506,250.0
14.0,0.07664896976773215,250.0
20.833333333333332,0.030834151235836955,10.0
19.666666666666668,0.03043212276145074,10.0
21.166666666666668,0.03200218525191978,10.0
16.5,0.049194427384514475,10.0
4.5,0.38918779376186774,250.0
16.166666666666668,0.053556051806490014,250.0
10.333333333333334,0.12332444520811305,100.0
15.666666666666666,0.058246296801357046,100.0
1.3333333333333333,0.4511880534709701,250.0
16.5,0.04595320941148436,100.0
18.833333333333332,0.034414555233327086,10.0
11.5,0.12490046513830314,100.0
17.166666666666668,0.047421627476770305,10.0
15.333333333333334,0.057426257698705824,100.0
0.8333333333333334,0.515729573513089,250.0
16.333333333333332,0.05769816905696453,10.0
8.833333333333334,0.19379110492659987,100.0
16.833333333333332,0.04573683788774204,100.0
17.166666666666668,0.04518974537165894,100.0
20.333333333333332,0.0341816159217246,10.0
15.0,0.06483297337853745,250.0
9.333333333333334,0.16879920474060114,100.0
12.666666666666666,0.09081065778211542,100.0
11.833333333333334,0.11132754176970257,100.0
10.666666666666666,0.15514384823692046,100.0
15.166666666666666,0.06425991171979253,100.0
13.5,0.07506088076078955,250.0
12.666666666666666,0.11165910029442216,250.0
11.5,0.12915878114449053,100.0
11.666666666666666,0.13438665940858505,100.0
20.833333333333332,0.03030990797401653,10.0
20.666666666666668,0.032969484976798615,10.0
7.166666666666667,0.21040206637429185,100.0
1.3333333333333333,0.570581049693022,250.0
19.833333333333332,0.03424508952132926,10.0
10.666666666666666,0.146319053924933,10.0
16.333333333333332,0.053370351931236105,100.0
20.0,0.03764833669000016,10.0
6.0,0.3966517915066913,100.0
1.8333333333333333,0.5822139685623031,250.0
2.3333333333333335,0.49879438686419386,100.0
0.16666666666666666,1.0,250.0
4.5,0.32921195945568915,250.0
16.333333333333332,0.04870283465719911,100.0
3.6666666666666665,0.44613214226107606,250.0
10.0,0.17255536377578717,250.0
5.666666666666667,0.34014798935217,250.0
17.333333333333332,0.04579161325164723,10.0
15.166666666666666,0.05696206008731676,10.0
15.833333333333334,0.055132963803431294,100.0
16.833333333333332,0.04689378568061541,10.0
15.333333333333334,0.05807522539915888,10.0
11.666666666666666,0.12088768745866005,100.0
17.833333333333332,0.041476079584731256,100.0
0.6666666666666666,1.0,250.0
3.5,0.4220912228387116,100.0
8.0,0.24320663664414477,250.0
14.833333333333334,0.05477337377239124,100.0
17.833333333333332,0.036693948564780136,100.0
19.666666666666668,0.033143289756451734,10.0
5.333333333333333,0.3837902954054444,250.0
10.5,0.17348380984094786,250.0
15.333333333333334,0.06389422636110144,100.0
18.666666666666668,0.03760850113255229,100.0
16.166666666666668,0.05298159412853319,10.0
21.333333333333332,0.029881330041784504,10.0
16.666666666666668,0.049645548908345244,100.0
3.3333333333333335,0.38848418831959086,250.0
13.5,0.08237973919334687,100.0
12.666666666666666,0.10196170243178103,250.0
19.333333333333332,0.03274389163704812,10.0
12.833333333333334,0.09175282842775617,100.0
18.833333333333332,0.03550970136590756,10.0
14.166666666666666,0.06535023452234938,10.0
20.666666666666668,0.02951842326157177,10.0
18.5,0.03821398306897836,10.0
18.0,0.03984993967470203,10.0
16.166666666666668,0.04709190779748759,10.0
18.0,0.037307745807435226,10.0
0.16666666666666666,1.0,250.0
17.666666666666668,0.04044243559754352,10.0
15.5,0.057221603781470225,250.0
0.16666666666666666,1.0,250.0
1.0,0.38880950498616806,100.0
8.833333333333334,0.1867144850506906,100.0
1.0,0.6198949969649407,250.0
19.166666666666668,0.03191037359654397,100.0
9.333333333333334,0.19745987524759984,250.0
7.333333333333333,0.2454178173460857,250.0
14.833333333333334,0.06681843745564559,100.0
16.833333333333332,0.04227527172990175,100.0
0.16666666666666666,1.0,250.0
20.833333333333332,0.028885867975404763,10.0
15.833333333333334,0.0542661150148899,100.0
15.833333333333334,0.06483845274426638,10.0
18.0,0.03532057943203986,10.0
19.5,0.03486680141569988,10.0
18.166666666666668,0.036185798287730005,10.0
16.5,0.04632563802333164,100.0
18.833333333333332,0.04056446489174797,10.0
13.5,0.06687606087797132,250.0
14.666666666666666,0.06604847111569534,250.0
21.166666666666668,0.03309460069766951,10.0
18.833333333333332,0.03529254278872724,10.0
14.5,0.0784149701485291,250.0
19.166666666666668,0.036202816872293014,10.0
16.333333333333332,0.04773550248894266,10.0
14.5,0.06548008104293354,10.0
16.0,0.049947941022145184,100.0
18.666666666666668,0.03936546484402188,10.0
17.333333333333332,0.04179302892307646,10.0
15.666666666666666,0.04714484007415015,100.0
14.333333333333334,0.07140864935771478,250.0
15.666666666666666,0.04980764177901582,10.0
18.666666666666668,0.03776426042769772,10.0
15.166666666666666,0.06586101599070099,250.0
20.333333333333332,0.029437922923402506,10.0
20.0,0.03553702432623581,10.0
6.0,0.25367557369897326,250.0
15.666666666666666,0.05359332803173179,100.0
13.5,0.07397559103796095,250.0
21.666666666666668,0.026925639082486613,10.0
11.5,0.09795736670448404,250.0
0.3333333333333333,1.0,100.0
6.833333333333333,0.30675287625807673,100.0
2.5,0.5498338787393086,100.0
19.166666666666668,0.034737428936166895,10.0
16.166666666666668,0.05326257357177093,250.0
1.1666666666666667,0.6215288964114496,250.0
9.166666666666666,0.1993675178269233,250.0
17.333333333333332,0.045472444621565,100.0
8.5,0.1965784480723753,100.0
14.166666666666666,0.06140125179525702,100.0
21.0,0.03032207124499003,10.0
14.833333333333334,0.051897553571303594,10.0
17.833333333333332,0.038564446405155994,10.0
16.5,0.04779789204122522,10.0
17.166666666666668,0.04324769429602611,100.0
16.833333333333332,0.048562364115506025,10.0
15.333333333333334,0.0520169547309713,100.0
20.666666666666668,0.03029796771854296,10.0
12.0,0.1003490907551078,250.0
18.0,0.04352658549697298,250.0
12.5,0.11460926549290434,100.0
13.833333333333334,0.08013187728069539,100.0
15.166666666666666,0.06636496887262316,100.0
19.333333333333332,0.0349210744492075,100.0
15.333333333333334,0.049640884955530894,100.0
15.833333333333334,0.0482085453908883,10.0
14.666666666666666,0.07414881176536928,250.0
19.333333333333332,0.035788317960364156,10.0
18.166666666666668,0.03925874507610837,100.0
18.166666666666668,0.04375824696242445,10.0
17.666666666666668,0.04326355755426634,100.0
13.333333333333334,0.07531023589738169,100.0
20.166666666666668,0.02949631618595505,10.0
17.833333333333332,0.03632429776330648,10.0
10.666666666666666,0.130775131561169,100.0
15.333333333333334,0.06188524184983733,100.0
2.1666666666666665,0.5812055787593771,250.0
1.0,0.3849226170638034,250.0
16.833333333333332,0.04604335548939233,100.0
16.0,0.052176599532074666,100.0
19.666666666666668,0.0318401816017698,10.0
9.666666666666666,0.21567705739222792,100.0
9.833333333333334,0.15615277456872054,100.0
18.833333333333332,0.037523579439960875,10.0
17.833333333333332,0.05072995877708096,10.0
7.5,0.27440250659306775,250.0
13.833333333333334,0.06943527500655615,250.0
11.0,0.11062481825740596,250.0
17.166666666666668,0.04760485300571757,100.0
18.833333333333332,0.03998419734294458,10.0
2.5,0.44746130189349026,250.0
15.5,0.05910342187673318,250.0
16.666666666666668,0.04623553925999204,10.0
16.333333333333332,0.051122582607495214,10.0
6.666666666666667,0.23727953106553804,100.0
5.0,0.3058680694810401,250.0
18.666666666666668,0.036705282068357485,100.0
11.166666666666666,0.1394940168973565,10.0
11.166666666666666,0.12707643204800328,250.0
6.166666666666667,0.3158540783434211,250.0
13.333333333333334,0.08421020447915718,100.0
18.833333333333332,0.039999553045851545,10.0
12.833333333333334,0.10935619571673676,250.0
0.5,1.0,250.0
3.3333333333333335,0.5354456337367907,250.0
17.166666666666668,0.053316596779377286,10.0
18.833333333333332,0.03628536540265222,10.0
5.333333333333333,0.31321549990856595,10.0
21.166666666666668,0.02756390745604513,10.0
16.833333333333332,0.04748534373062617,100.0
19.0,0.03558664577458308,10.0
16.5,0.050098641773040194,100.0
18.666666666666668,0.04047876284546242,10.0
18.5,0.0398318751027136,10.0
18.166666666666668,0.044808566519537095,100.0
14.333333333333334,0.06193074722948244,100.0
12.0,0.12025889190833093,250.0
11.833333333333334,0.10998355217165165,250.0
18.333333333333332,0.04118314945498038,100.0
13.0,0.10207974668692285,100.0
19.333333333333332,0.03583871387807447,100.0
15.166666666666666,0.058988334441116445,250.0
12.833333333333334,0.10239747650001413,250.0
16.333333333333332,0.05458277949231255,250.0
10.166666666666666,0.18627269033149457,250.0
20.666666666666668,0.03259905828721134,10.0
17.166666666666668,0.042324177160337234,60.0
12.0,0.10823429438155593,100.0
16.833333333333332,0.04468359234287037,100.0
17.5,0.0477335288295803,10.0
20.333333333333332,0.03266668194817662,10.0
16.333333333333332,0.046251813464253264,10.0
20.166666666666668,0.034457145636938684,10.0
17.666666666666668,0.04338135917594726,10.0
7.333333333333333,0.2094689802447289,250.0
21.666666666666668,0.028983342513233652,10.0
17.333333333333332,0.03597991125737414,10.0
8.5,0.21162251275803026,250.0
9.0,0.17294725032262026,250.0
12.833333333333334,0.08008987595529442,100.0
16.166666666666668,0.0503581781681396,100.0
12.5,0.1119308435447454,250.0
10.0,0.16051195842133545,10.0
18.166666666666668,0.04241068859618579,10.0
17.833333333333332,0.04188029005223126,100.0
2.5,0.4624489267122097,250.0
19.166666666666668,0.03717706604835789,10.0
17.833333333333332,0.04250647265461426,100.0
16.166666666666668,0.05454464803967904,10.0
12.5,0.09413820266948195,250.0
19.166666666666668,0.031807017755768344,10.0
17.833333333333332,0.035950920707393454,100.0
18.166666666666668,0.03910614423690935,10.0
11.0,0.12457103651397446,100.0
13.166666666666666,0.09688816264593854,100.0
13.5,0.09173160649989538,250.0
12.833333333333334,0.10849341075114805,250.0
13.0,0.09232503571346977,250.0
4.666666666666667,0.49501658731946896,100.0
1.1666666666666667,0.8499595490243241,250.0
15.5,0.05130086524983134,100.0
14.166666666666666,0.07152882565111326,100.0
17.166666666666668,0.04155714772677905,100.0
16.0,0.05846108629993439,100.0
17.666666666666668,0.0422218749732961,10.0
18.166666666666668,0.04074114417617674,10.0
21.0,0.03119631242109019,10.0
18.666666666666668,0.038210333063703986,10.0
13.333333333333334,0.09762005460035846,250.0
16.166666666666668,0.046578087882814645,10.0
0.16666666666666666,1.0,250.0
21.333333333333332,0.028913335308844042,10.0
0.8333333333333334,0.9212793394523706,250.0
1.0,0.48401808262716317,250.0
18.333333333333332,0.034015281088635566,10.0
12.333333333333334,0.10255686469524257,100.0
18.166666666666668,0.040536531092256155,10.0
6.5,0.3121881971868328,10.0
11.833333333333334,0.12859979873779848,100.0
17.833333333333332,0.04064994622854065,100.0
14.5,0.07035961873138057,100.0
0.16666666666666666,1.0,250.0
16.666666666666668,0.04326259541131428,10.0
13.833333333333334,0.08265998991634009,250.0
14.5,0.06498781135532906,100.0
15.333333333333334,0.06982612299831605,100.0
19.333333333333332,0.03186501608213612,100.0
16.666666666666668,0.05197803982199845,10.0
20.333333333333332,0.03196260802632393,10.0
18.166666666666668,0.03307944994832486,10.0
15.833333333333334,0.05294986929202583,250.0
21.0,0.027862845608838074,100.0
21.5,0.02872374584303729,10.0
0.16666666666666666,1.0,250.0
14.833333333333334,0.06664841084052749,100.0
15.833333333333334,0.050134582053723224,100.0
17.833333333333332,0.04077429982829918,10.0
19.0,0.038142070310428655,250.0
16.166666666666668,0.0483147459385385,100.0
15.5,0.0580686344895669,10.0
15.5,0.05951350687738297,250.0
10.5,0.14295330166931355,100.0
2.5,0.46712264900603745,250.0
19.833333333333332,0.03213750215072798,10.0
5.0,0.3995706444455406,250.0
11.833333333333334,0.1231748325024044,250.0
18.833333333333332,0.04023981445361058,10.0
20.5,0.03032312793334329,10.0
18.666666666666668,0.03519365853200908,100.0
16.833333333333332,0.04349016304107545,100.0
12.666666666666666,0.07840675858021448,10.0
0.3333333333333333,1.0,250.0
8.5,0.21373505323207917,250.0
20.166666666666668,0.031475646689630606,100.0
13.333333333333334,0.08308698740253784,10.0
0.3333333333333333,1.0,250.0
16.833333333333332,0.04615934613444724,100.0
16.833333333333332,0.04662161258140058,100.0
18.833333333333332,0.040382587882574324,10.0
15.5,0.0688762375343414,100.0
21.833333333333332,0.02926467328886822,10.0
20.0,0.0339200585490607,100.0
19.833333333333332,0.028456322281799333,10.0
17.166666666666668,0.04127927989460938,100.0
8.666666666666666,0.19765535746593552,250.0
15.5,0.058260381032006356,250.0
19.166666666666668,0.034951085380824164,10.0
21.166666666666668,0.029970422411369668,10.0
18.166666666666668,0.044432651077127405,250.0
9.666666666666666,0.16947533102715331,250.0
14.333333333333334,0.06615571251058351,10.0
13.666666666666666,0.08818040858554792,250.0
13.666666666666666,0.08012920185668901,100.0
16.833333333333332,0.04549068529864026,100.0
17.5,0.04345059251011078,10.0
19.666666666666668,0.03725282738589307,10.0
13.833333333333334,0.07337590328465075,10.0
18.5,0.03867225644750426,10.0
18.5,0.04047446983191173,10.0
0.16666666666666666,1.0,250.0
21.833333333333332,0.026748752368019362,10.0
15.166666666666666,0.061319414311918945,10.0
15.833333333333334,0.05724526076439642,100.0
19.166666666666668,0.03617732519288257,100.0
14.833333333333334,0.06616013692162126,250.0
18.166666666666668,0.03991191326790235,100.0
1.5,0.6241002598373728,250.0
13.0,0.09201303442111708,250.0
0.3333333333333333,1.0,250.0
16.166666666666668,0.05501587460438177,250.0
18.333333333333332,0.03509097341013998,10.0
20.833333333333332,0.03195593851878204,10.0
15.0,0.06407701538693371,250.0
13.333333333333334,0.08683480999072675,100.0
3.8333333333333335,0.43187882784196124,250.0
13.333333333333334,0.08335742659098319,250.0
12.0,0.11282264404628492,10.0
19.5,0.03752454570321291,100.0
16.833333333333332,0.05118078256179327,100.0
14.5,0.07180373443517261,100.0
20.666666666666668,0.030551337525392283,10.0
19.166666666666668,0.03593490760711196,100.0
15.5,0.05729039887029447,250.0
14.166666666666666,0.08022905243102184,100.0
16.166666666666668,0.05674257089307035,10.0
17.666666666666668,0.035361361837015305,10.0
16.666666666666668,0.05103251366949481,100.0
17.666666666666668,0.043692129518787585,100.0
20.0,0.030909629548136475,100.0
15.0,0.07258769655354912,10.0
19.333333333333332,0.037812564426898544,10.0
18.0,0.036868247551118394,10.0
9.5,0.15182383994806598,250.0
2.0,0.5061556608422886,250.0
15.166666666666666,0.0598394295384785,100.0
6.0,0.31172272788797994,100.0
19.0,0.03655944019988291,10.0
20.5,0.030096543239297162,10.0
16.666666666666668,0.04534076403715311,10.0
12.333333333333334,0.09726100722054416,100.0
13.333333333333334,0.08677725002811783,100.0
13.833333333333334,0.07929353640987395,100.0
20.166666666666668,0.03134121007381095,100.0
18.666666666666668,0.033282401302772394,10.0
18.833333333333332,0.03835727606006146,10.0
16.166666666666668,0.054449244526233016,100.0
17.833333333333332,0.04096086105954817,10.0
19.5,0.03980407689824545,10.0
17.5,0.03943658406612024,250.0
0.16666666666666666,1.0,250.0
11.666666666666666,0.10318206869728046,250.0
17.833333333333332,0.04167280907373578,100.0
16.166666666666668,0.04798088200875463,10.0
19.5,0.033508965323846215,10.0
13.833333333333334,0.0714203683655242,100.0
19.5,0.038293527986556206,10.0
18.333333333333332,0.03839624798497367,100.0
18.833333333333332,0.04246420843388287,10.0
15.666666666666666,0.05165541040520839,100.0
3.6666666666666665,0.4478994700960963,250.0
18.166666666666668,0.04090852873253098,10.0
4.166666666666667,0.30924168929964957,250.0
4.333333333333333,0.44693597245668887,250.0
17.666666666666668,0.03696614698260724,10.0
9.666666666666666,0.18198430143128694,250.0
18.0,0.03854829070460559,10.0
2.6666666666666665,0.45028057120328285,100.0
17.5,0.041596891481673975,100.0
0.16666666666666666,1.0,250.0
17.833333333333332,0.03555723833916221,10.0
19.166666666666668,0.03315119629128818,10.0
15.666666666666666,0.050414284059970345,100.0
17.166666666666668,0.04362294021078923,100.0
14.0,0.07328175275057476,250.0
17.833333333333332,0.04319045820834996,10.0
17.666666666666668,0.045834939330359474,10.0
20.5,0.030622545504842027,10.0
0.6666666666666666,1.0,100.0
18.0,0.04617926643729311,10.0
15.833333333333334,0.055114760086825476,100.0
10.833333333333334,0.14154301875953715,100.0
20.333333333333332,0.02968813050755659,100.0
2.1666666666666665,0.6204195810691471,100.0
15.5,0.05958015783109601,10.0
11.666666666666666,0.11445404270033158,100.0
8.333333333333334,0.2158569919841239,250.0
9.0,0.17521178675442797,100.0
6.666666666666667,0.2723858179070685,250.0
12.666666666666666,0.11531681519217081,250.0
15.333333333333334,0.055845476696423216,10.0
7.0,0.23508367091148658,250.0
15.5,0.05876448639051785,100.0
16.833333333333332,0.049156757492700924,60.0
18.0,0.04384881263755026,100.0
19.166666666666668,0.03283240905134081,10.0
14.666666666666666,0.06723963631500918,250.0
8.833333333333334,0.164472645982688,250.0
0.8333333333333334,0.45136535201240485,10.0
14.833333333333334,0.055301735081982134,100.0
21.333333333333332,0.029058966833613423,10.0
18.666666666666668,0.03455510284424423,10.0
0.16666666666666666,1.0,250.0
15.0,0.06602743031985879,10.0
8.5,0.20727255107121706,100.0
5.666666666666667,0.40601002412194087,250.0
13.833333333333334,0.07049647796618007,100.0
15.333333333333334,0.061624463231055054,100.0
16.666666666666668,0.04518496046708668,10.0
19.166666666666668,0.03672023822900536,10.0
20.5,0.029727029342135124,10.0
19.0,0.037135489645616485,10.0
19.666666666666668,0.034483005082907366,10.0
14.666666666666666,0.06773928356506266,100.0
15.0,0.06898455927064864,100.0
14.166666666666666,0.07358239415531818,100.0
20.5,0.030796606338497064,100.0
15.0,0.06401553683360703,10.0
17.333333333333332,0.03865835655534534,100.0
20.0,0.0381526552530887,10.0
12.333333333333334,0.09838045602609438,10.0
19.666666666666668,0.0330435053497108,10.0
21.666666666666668,0.031139438119807746,10.0
5.166666666666667,0.3402574780055828,250.0
19.666666666666668,0.03391373713809301,10.0
21.833333333333332,0.03069803848893503,10.0
19.666666666666668,0.032737559024573835,10.0
11.0,0.1372605665741445,100.0
17.5,0.04205489122386751,100.0
12.666666666666666,0.1174319872427275,250.0
3.6666666666666665,0.531667742030579,250.0
11.5,0.09629129857403187,100.0
17.666666666666668,0.0387548834415021,10.0
16.0,0.05635692746424171,100.0
1.1666666666666667,0.8214842659725585,250.0
19.5,0.03100515503931729,10.0
16.666666666666668,0.045423851898908116,10.0
14.333333333333334,0.07040826030259209,100.0
7.666666666666667,0.25565414307333273,250.0
12.5,0.08976949448842585,250.0
8.833333333333334,0.23360617435845116,100.0
14.0,0.08527060620964005,250.0
16.666666666666668,0.054051836876291295,100.0
16.0,0.05414453899180516,100.0
10.666666666666666,0.14749763847924283,250.0
21.0,0.032052110276285024,10.0
14.0,0.07657800157489505,250.0
19.166666666666668,0.03234615334208422,10.0
16.666666666666668,0.04824963355626547,100.0
21.0,0.025943581612844723,10.0
8.166666666666666,0.24927068469134095,250.0
18.833333333333332,0.03706965509249822,10.0
8.833333333333334,0.17492624251280117,250.0
19.0,0.031042017719472167,10.0
17.333333333333332,0.04665318974285066,100.0
16.666666666666668,0.05650183327519824,100.0
15.333333333333334,0.06034684726413543,10.0
10.5,0.13614449153224814,250.0
17.5,0.043498026504905,10.0
19.166666666666668,0.037279779776394364,10.0
9.0,0.17321770958110466,100.0
17.666666666666668,0.03724944732248738,100.0
17.666666666666668,0.0389016068899108,10.0
0.8333333333333334,0.9100617256709969,250.0
13.166666666666666,0.07784507803429755,250.0
18.166666666666668,0.038778335476862325,10.0
16.666666666666668,0.0518724580966125,10.0
16.833333333333332,0.04234510237814655,100.0
2.6666666666666665,0.35435201134051963,250.0
18.166666666666668,0.04044637878849406,10.0
16.333333333333332,0.045972250661869024,10.0
14.5,0.0767778844199531,100.0
0.3333333333333333,1.0,250.0
17.833333333333332,0.043960053014154565,100.0
12.5,0.10871739337442136,250.0
14.333333333333334,0.07005429419360473,250.0
13.5,0.08635894618855137,250.0
17.166666666666668,0.04685777538825222,250.0
15.666666666666666,0.05587170521454555,10.0
19.666666666666668,0.03665285172252656,100.0
0.3333333333333333,1.0,250.0
12.5,0.10563066927744763,100.0
15.666666666666666,0.056153957133413854,60.0
18.333333333333332,0.043286099120804916,10.0
5.833333333333333,0.30057271528867036,250.0
15.5,0.05968786568529792,100.0
18.166666666666668,0.043397068286239675,100.0
13.0,0.09910370978381482,250.0
17.5,0.045459711355881775,100.0
18.5,0.04097354147579564,10.0
11.333333333333334,0.1306451574866746,100.0
10.0,0.171758365996643,100.0
1.6666666666666667,0.39322589991225176,250.0
0.16666666666666666,1.0,250.0
10.5,0.1696468099585709,100.0
11.0,0.142497755265609,100.0
9.833333333333334,0.17629831686952724,250.0
16.333333333333332,0.04346408103779433,250.0
18.333333333333332,0.03607947283602915,10.0
10.333333333333334,0.15675491466892724,250.0
6.333333333333333,0.3112857035254272,250.0
0.8333333333333334,0.5395566222879763,100.0
19.833333333333332,0.03152564918283098,10.0
1.6666666666666667,0.3879011553188895,250.0
19.333333333333332,0.03578313324265899,10.0
15.0,0.062474585460916165,100.0
20.333333333333332,0.03428275012022384,10.0
7.5,0.22049880555498602,100.0
14.333333333333334,0.06880189988416978,250.0
15.666666666666666,0.051760649411288245,10.0
20.666666666666668,0.02933782564915692,10.0
1.0,0.7118176734317224,250.0
19.166666666666668,0.03683162592871936,10.0
17.5,0.042067796418530055,10.0
14.0,0.06940484313942984,100.0
19.5,0.03804818461450109,10.0
5.833333333333333,0.34748278494676904,250.0
17.333333333333332,0.040648551001439735,10.0
18.666666666666668,0.041015139948109874,10.0
15.5,0.05898387398051848,100.0
6.166666666666667,0.31194577885470554,250.0
17.5,0.044638962217068735,10.0
21.0,0.03210949782375292,10.0
18.5,0.03153797879612426,10.0
14.333333333333334,0.07332031399202733,250.0
13.166666666666666,0.08816976876812313,100.0
7.5,0.24769852361770836,250.0
19.0,0.0347327145644446,10.0
16.833333333333332,0.042255367125302805,10.0
12.333333333333334,0.1110710148784876,100.0
16.666666666666668,0.04513850366168495,10.0
19.833333333333332,0.031631731790502327,10.0
15.0,0.06203389810123907,100.0
14.333333333333334,0.087493651625374,100.0
22.333333333333332,0.026513032594706505,10.0
14.5,0.07625256554455405,250.0
13.5,0.08205626082585113,100.0
16.166666666666668,0.04739452278257036,250.0
12.666666666666666,0.09029162636693178,10.0
20.0,0.03386725299814186,10.0
18.333333333333332,0.04010751393692585,10.0
14.333333333333334,0.0721709241432126,250.0
15.833333333333334,0.04950938933429076,100.0
18.333333333333332,0.03928536824569192,10.0
12.166666666666666,0.11841754409346544,10.0
18.833333333333332,0.03927598032340705,10.0
18.833333333333332,0.03541034616133554,10.0
16.833333333333332,0.051605860811577864,10.0
18.5,0.03920548810462536,10.0
13.5,0.09276853036704844,250.0
14.333333333333334,0.07310635816331995,250.0
14.333333333333334,0.07980734001291089,250.0
14.166666666666666,0.07109145246480238,100.0
5.166666666666667,0.3671072835244907,250.0
14.5,0.06941859940216386,100.0
14.666666666666666,0.06911878474682089,100.0
17.666666666666668,0.04332175808006033,10.0
19.666666666666668,0.02992147525313132,10.0
0.16666666666666666,1.0,250.0
14.0,0.0801875927475351,100.0
19.833333333333332,0.037115181652570675,10.0
14.333333333333334,0.07627823427607232,250.0
12.5,0.09759690339890328,100.0
16.5,0.04380219800016291,10.0
8.5,0.25262384173118396,250.0
18.0,0.037850870544112354,100.0
18.166666666666668,0.037997806656277354,100.0
0.5,1.0,250.0
1.8333333333333333,0.7057264622017754,100.0
19.166666666666668,0.03715367800002215,10.0
19.0,0.034857839313366584,100.0
19.0,0.03446413849021016,10.0
14.666666666666666,0.08010583628540695,250.0
17.333333333333332,0.04581027976635507,100.0
14.833333333333334,0.06115827522214959,100.0
10.333333333333334,0.16929614625499473,100.0
6.833333333333333,0.24770881975487025,250.0
18.666666666666668,0.035936644674342655,10.0
14.666666666666666,0.06525732018432667,10.0
14.333333333333334,0.07143563827907926,100.0
15.166666666666666,0.06695543296663278,100.0
20.5,0.030961238073161788,10.0
13.166666666666666,0.08215549856587333,100.0
17.666666666666668,0.04422290126173144,100.0
13.333333333333334,0.07602076507995195,100.0
6.666666666666667,0.324033579141195,250.0
16.0,0.04997870226887851,10.0
19.0,0.03900639741364718,10.0
15.166666666666666,0.06782680460597018,250.0
4.166666666666667,0.4455303585438252,100.0
16.166666666666668,0.0582226090326117,100.0
21.166666666666668,0.027472378581787957,10.0
0.16666666666666666,1.0,250.0
18.166666666666668,0.03667017251322296,10.0
13.666666666666666,0.0761205547912654,10.0
16.833333333333332,0.04685553166695358,10.0
18.666666666666668,0.03528170271920746,100.0
13.166666666666666,0.08055586471750578,250.0
13.5,0.07879298927600577,100.0
8.166666666666666,0.2543090634192859,250.0
10.5,0.1382969893039406,250.0
12.833333333333334,0.08208855679527355,100.0
12.333333333333334,0.1104042409080048,100.0
22.0,0.03355578623126758,10.0
0.16666666666666666,1.0,250.0
19.166666666666668,0.03618635959712473,10.0
9.666666666666666,0.14725068362667962,250.0
13.833333333333334,0.07013747368260458,100.0
19.0,0.03087970897299154,10.0
9.166666666666666,0.1677233266542168,100.0
15.5,0.057387833319537083,250.0
19.333333333333332,0.03366877061523852,10.0
16.0,0.05213710644689464,100.0
11.166666666666666,0.14424275865552244,250.0
12.5,0.10521340810752756,250.0
18.666666666666668,0.038225159329863576,10.0
5.5,0.4064307525593511,100.0
14.5,0.06616231286488918,10.0
11.166666666666666,0.12686720207911598,100.0
15.833333333333334,0.0514757985346161,100.0
0.3333333333333333,1.0,250.0
7.833333333333333,0.20840274752874566,100.0
15.833333333333334,0.05647521706040717,10.0
19.333333333333332,0.03480903372031908,10.0
14.833333333333334,0.06980822093846517,250.0
14.0,0.07319505404328905,100.0
17.166666666666668,0.04215971700313177,100.0
11.5,0.1295437055139083,250.0
19.833333333333332,0.03126771077349885,10.0
12.333333333333334,0.10300913963880871,100.0
8.333333333333334,0.19328191829451238,250.0
16.0,0.053496509183859474,100.0
5.5,0.30535836627203444,250.0
17.333333333333332,0.042192531872641735,100.0
4.0,0.43406671095209237,250.0
18.666666666666668,0.03970250667628699,100.0
11.333333333333334,0.09275056349118047,100.0
18.0,0.041304278762576495,100.0
15.666666666666666,0.05328752629344365,100.0
13.166666666666666,0.08642441373847283,100.0
13.833333333333334,0.08582900306899896,100.0
18.166666666666668,0.046323827546584144,10.0
17.0,0.050169245923796506,100.0
9.333333333333334,0.18275852337166737,100.0
9.833333333333334,0.17335952851907674,250.0
15.333333333333334,0.0478515441843218,10.0
18.5,0.0367966138791479,10.0
15.0,0.062214970006621996,10.0
19.166666666666668,0.036004779502430154,10.0
19.5,0.03412276844997348,10.0
17.833333333333332,0.03688495094585757,100.0
11.333333333333334,0.1314545628344635,250.0
9.666666666666666,0.1660516557367395,100.0
15.833333333333334,0.054557429272568764,100.0
16.666666666666668,0.05354583849784037,100.0
15.0,0.05765237408045926,100.0
0.5,1.0,250.0
18.0,0.045826504308641235,10.0
18.0,0.03737646988717758,10.0
1.8333333333333333,0.4954894562654886,250.0
15.166666666666666,0.06424640148471948,250.0
8.333333333333334,0.21417996123924601,250.0
5.5,0.34916584462006767,100.0
5.833333333333333,0.2996957796979623,250.0
16.666666666666668,0.05125771328190548,10.0
15.666666666666666,0.0553400259295598,250.0
17.333333333333332,0.039860235302368596,10.0
1.0,0.8178151056546918,100.0
17.166666666666668,0.04349716106601283,10.0
0.5,1.0,250.0
1.1666666666666667,0.5360093222883071,100.0
11.5,0.10687268172502133,100.0
14.166666666666666,0.07465818448728898,100.0
17.0,0.04966356287917688,100.0
17.5,0.04122680627901551,10.0
16.666666666666668,0.04538344044113232,250.0
8.666666666666666,0.22311264805809108,250.0
8.5,0.20988811727248277,100.0
18.333333333333332,0.040158314462245784,100.0
18.666666666666668,0.032716308876939625,100.0
5.166666666666667,0.4851053861396395,100.0
1.1666666666666667,0.46622573548469687,250.0
11.5,0.12445756049425638,100.0
16.0,0.052233283128265404,100.0
17.166666666666668,0.045725068735754375,10.0
19.5,0.033180208394584604,10.0
4.666666666666667,0.3967528156693763,10.0
19.833333333333332,0.035160662251933705,10.0
18.333333333333332,0.04091419397057133,100.0
19.166666666666668,0.03441050393999833,10.0
16.5,0.04672842285301009,10.0
13.5,0.09398143499036554,100.0
15.166666666666666,0.07397549984612589,250.0
14.666666666666666,0.0692539805223436,100.0
18.166666666666668,0.0385853742136939,10.0
6.666666666666667,0.2933185496941447,100.0
14.833333333333334,0.061483898042076615,100.0
15.166666666666666,0.05834685597960495,250.0
20.666666666666668,0.031420203339979406,10.0
1.0,0.33836078712569956,250.0
16.666666666666668,0.05158043800960628,100.0
11.666666666666666,0.11634064578512389,250.0
9.333333333333334,0.19487402210583238,250.0
18.166666666666668,0.03928712508385972,10.0
13.0,0.10868285255860671,250.0
12.333333333333334,0.11269396052230041,250.0
17.333333333333332,0.045982863636852944,60.0
16.833333333333332,0.04463059247480487,10.0
1.6666666666666667,0.5251329157236253,250.0
19.0,0.0377654998802249,10.0
18.0,0.04082240233548531,10.0
5.833333333333333,0.33094681806353266,100.0
15.333333333333334,0.05988805569453024,10.0
19.0,0.03666452809854122,10.0
20.666666666666668,0.03318354632850726,10.0
17.166666666666668,0.041001724633558785,10.0
16.0,0.05520849665978903,10.0
19.333333333333332,0.034577123197637255,10.0
7.333333333333333,0.3877147957894754,100.0
18.5,0.03722126286550357,100.0
6.0,0.35037586492683437,250.0
17.333333333333332,0.03839926622845406,10.0
17.666666666666668,0.04410323609631317,10.0
5.5,0.2280938744307847,100.0
13.0,0.08237581048569749,10.0
16.833333333333332,0.04046618677554878,10.0
18.333333333333332,0.04249011162963635,10.0
20.333333333333332,0.034774216464768685,10.0
11.666666666666666,0.11051456913055191,250.0
2.0,0.8466022101490166,250.0
14.333333333333334,0.07616118536380234,10.0
15.833333333333334,0.055944606792486966,10.0
16.833333333333332,0.045275295983677334,10.0
14.333333333333334,0.07017400401397884,100.0
18.166666666666668,0.03865120723894892,100.0
6.0,0.2978084406604098,250.0
20.333333333333332,0.03069831862002095,10.0
18.833333333333332,0.037524610329994344,10.0
19.333333333333332,0.032603708013630106,10.0
13.166666666666666,0.09246879537062783,100.0
16.0,0.05176115100534511,100.0
21.833333333333332,0.026300126423122877,10.0
18.5,0.03603935033312284,100.0
19.0,0.037050118325998645,100.0
0.8333333333333334,0.15027049675155582,250.0
19.833333333333332,0.03435074473635994,10.0
16.333333333333332,0.05246416053551171,100.0
19.5,0.034982786987586736,100.0
6.5,0.25028848582158925,250.0
18.666666666666668,0.03420560193026059,100.0
16.0,0.053329372371551775,10.0
19.666666666666668,0.031436836482025415,10.0
19.5,0.03235695177885314,10.0
16.166666666666668,0.05072464262618151,100.0
18.333333333333332,0.038575849498348934,10.0
14.666666666666666,0.06594522060274954,250.0
18.666666666666668,0.03359976953061864,10.0
19.166666666666668,0.03644097249608893,100.0
13.5,0.07614206555672295,250.0
9.5,0.182384692122227,100.0
0.8333333333333334,0.923592456013653,250.0
11.833333333333334,0.115385824599804,250.0
18.166666666666668,0.037891787804442766,10.0
18.5,0.039861319344187886,10.0
19.333333333333332,0.03514052163618501,100.0
18.333333333333332,0.040867752813653374,100.0
0.3333333333333333,1.0,250.0
1.1666666666666667,0.6868216132212723,250.0
4.333333333333333,0.3804317483219667,250.0
1.6666666666666667,0.6064909154738812,250.0
6.833333333333333,0.3094344457077519,250.0
11.333333333333334,0.12528473509273447,10.0
18.666666666666668,0.03732800336488701,100.0
17.0,0.041139156533066316,250.0
19.333333333333332,0.031465429351010626,10.0
16.0,0.05788768388785859,100.0
16.666666666666668,0.046212061240200046,10.0
21.0,0.031070526810782737,10.0
15.0,0.058861820549344294,100.0
18.166666666666668,0.03791993901265572,100.0
15.0,0.06579884056147596,250.0
19.666666666666668,0.0326887281822305,10.0
15.333333333333334,0.06213198499640483,250.0
18.833333333333332,0.03494482391772104,100.0
18.5,0.038497729791939925,10.0
16.5,0.0450293791827805,10.0
15.5,0.05725176788698985,250.0
17.666666666666668,0.04175368841478468,10.0
16.5,0.04724364860571514,100.0
19.166666666666668,0.035430704982253626,10.0
21.0,0.03238272932541355,10.0
14.666666666666666,0.06782397447218635,250.0
3.0,0.4305325962220449,250.0
16.833333333333332,0.050970525711061566,10.0
1.8333333333333333,0.7642254035167261,100.0
16.666666666666668,0.04362315086338656,100.0
10.0,0.18410037307013344,100.0
14.166666666666666,0.06834383305862933,100.0
20.166666666666668,0.03576274810752914,10.0
2.3333333333333335,0.6309474706513895,100.0
21.166666666666668,0.02799296507385146,10.0
9.5,0.20422456105234052,100.0
14.666666666666666,0.06502656458638732,100.0
19.666666666666668,0.031876399788488434,10.0
0.16666666666666666,1.0,250.0
18.666666666666668,0.03853293634885182,100.0
18.333333333333332,0.0390568479701723,10.0
11.5,0.11990333321805631,250.0
16.333333333333332,0.045705851949585936,100.0
11.666666666666666,0.12005223131202393,100.0
16.666666666666668,0.049217735989744875,100.0
3.6666666666666665,0.43022949561035784,250.0
15.833333333333334,0.04984813277029941,100.0
18.833333333333332,0.037362781056674677,100.0
14.333333333333334,0.08167086247727703,100.0
8.333333333333334,0.20855864057568801,250.0
18.0,0.04004080765892291,10.0
20.666666666666668,0.029983438154261924,60.0
17.166666666666668,0.04438044944173898,10.0
20.0,0.03227729432292543,10.0
18.0,0.03224389795020772,100.0
0.3333333333333333,1.0,250.0
21.166666666666668,0.026730680835435006,10.0
18.666666666666668,0.03453032259139518,10.0
4.5,0.44762857982388793,250.0
16.0,0.055411541794583415,100.0
15.333333333333334,0.05727520352135476,100.0
20.0,0.030558219148882765,100.0
15.666666666666666,0.06242851391139195,100.0
15.833333333333334,0.054885570352873454,100.0
12.833333333333334,0.10795067663784697,250.0
14.333333333333334,0.08012443970742458,100.0
18.666666666666668,0.03562672661607484,10.0
18.833333333333332,0.040592536613137345,10.0
20.0,0.03347762047751456,10.0
16.833333333333332,0.048591485059441594,100.0
18.0,0.042085524711972556,10.0
16.666666666666668,0.047458958327622855,10.0
19.666666666666668,0.040842780896485124,10.0
19.666666666666668,0.035954698052430734,10.0
14.833333333333334,0.0648138392390297,100.0
1.8333333333333333,0.6672336037150057,250.0
18.5,0.03678954022514329,10.0
15.666666666666666,0.054277896594921014,250.0
8.5,0.20312787690116077,250.0
18.333333333333332,0.041757499571010784,10.0
7.833333333333333,0.26417494003914443,100.0
1.1666666666666667,0.8239832549188935,250.0
11.5,0.14783018222110586,100.0
15.666666666666666,0.0639230745057074,100.0
1.1666666666666667,0.8088340328084764,100.0
19.333333333333332,0.036356146828512674,10.0
15.833333333333334,0.05161048645696611,100.0
15.666666666666666,0.058886889288187735,250.0
16.666666666666668,0.04888002138852924,250.0
18.333333333333332,0.03821940319740945,10.0
5.833333333333333,0.3305657577097575,100.0
20.0,0.031272262264906585,10.0
17.166666666666668,0.040893016635829844,10.0
16.5,0.04688978089398203,100.0
19.0,0.03323957549694984,10.0
6.0,0.2577105549669959,250.0
11.333333333333334,0.13687390878350936,100.0
13.0,0.08883476597088728,100.0
20.333333333333332,0.034542821647852176,10.0
19.166666666666668,0.03898485018775612,10.0
16.833333333333332,0.04102653148117631,100.0
7.166666666666667,0.26885696953838184,250.0
13.333333333333334,0.07186551180725313,10.0
13.666666666666666,0.08296984082675087,100.0
4.166666666666667,0.40055045592630406,250.0
0.3333333333333333,1.0,250.0
18.666666666666668,0.04003638047989497,10.0
15.5,0.057026430296039675,100.0
1.0,0.6659332557326684,250.0
18.333333333333332,0.039741254275483896,10.0
6.833333333333333,0.2900119464815726,10.0
18.5,0.04283141012427789,10.0
20.0,0.03162142879303842,10.0
18.833333333333332,0.039195311664080495,10.0
0.3333333333333333,1.0,250.0
16.0,0.06240983253114301,250.0
5.166666666666667,0.35495210656775833,250.0
12.166666666666666,0.11439950832076141,250.0
18.166666666666668,0.042297990167700784,10.0
12.5,0.10444177801750922,100.0
14.166666666666666,0.08407738116627202,100.0
1.8333333333333333,0.622488477184439,250.0
2.3333333333333335,0.5377005246883226,250.0
18.5,0.03535280943619515,10.0
13.666666666666666,0.08266614616105011,100.0
7.833333333333333,0.2418228142419188,250.0
18.666666666666668,0.035168290930174755,10.0
14.0,0.07322676769446723,10.0
20.0,0.03293557954911494,10.0
1.0,0.7676593796359352,250.0
16.333333333333332,0.05411712155752319,100.0
11.0,0.13428808620207353,250.0
6.833333333333333,0.2766107550726147,100.0
17.333333333333332,0.04226304345887858,10.0
16.5,0.04774508703928024,250.0
17.166666666666668,0.045390095281373714,100.0
18.333333333333332,0.040212203792031206,100.0
17.0,0.043143482270413154,10.0
15.833333333333334,0.05782957321939675,100.0
0.16666666666666666,1.0,250.0
16.5,0.04941365561060539,100.0
19.833333333333332,0.029955902254676144,10.0
14.0,0.07085895190534566,100.0
18.666666666666668,0.03685352866084354,10.0
15.5,0.06562356056472919,100.0
19.166666666666668,0.03359446928841001,10.0
15.833333333333334,0.05763554369551151,100.0
12.166666666666666,0.10664504461057744,100.0
17.333333333333332,0.043013214286449615,10.0
19.333333333333332,0.0391412374249682,10.0
13.0,0.09461788732117599,250.0
18.166666666666668,0.04393699108511744,10.0
19.833333333333332,0.03300535151009131,10.0
15.166666666666666,0.06824025828853231,250.0
9.5,0.20945438265908742,250.0
14.333333333333334,0.06980177031253938,10.0
16.666666666666668,0.04947114345889607,10.0
15.0,0.06696181792456149,100.0
0.16666666666666666,1.0,250.0
15.333333333333334,0.06414833832450177,10.0
21.166666666666668,0.029955210800803923,10.0
13.5,0.07590169932704809,250.0
4.0,0.4265951413460978,100.0
21.666666666666668,0.026337482572788996,10.0
7.5,0.23199239930618754,100.0
20.5,0.03248290328212041,10.0
12.0,0.104377083075302,100.0
4.333333333333333,0.3702728480248158,100.0
16.666666666666668,0.05178964991576012,100.0
2.0,0.6362948306279103,250.0
16.833333333333332,0.05147382009112811,250.0
17.333333333333332,0.039250199015064206,100.0
17.0,0.04286417705673205,10.0
21.166666666666668,0.026970975248683644,10.0
15.5,0.05411605836232696,250.0
16.5,0.050457183900628734,10.0
19.833333333333332,0.03215755823344301,10.0
0.16666666666666666,1.0,250.0
16.5,0.047422278149099675,100.0
12.333333333333334,0.11589780245130242,250.0
17.0,0.04676979268455163,100.0
17.0,0.04431574225805629,10.0
16.0,0.050450971606275305,250.0
17.666666666666668,0.04264421488098395,10.0
16.666666666666668,0.04335082698704249,100.0
4.666666666666667,0.468586538679717,250.0
14.333333333333334,0.06985011130201589,250.0
7.166666666666667,0.23637591814532732,100.0
15.833333333333334,0.049165192004008186,100.0
13.833333333333334,0.08090257627797379,100.0
18.833333333333332,0.03392507397194485,10.0
16.666666666666668,0.04604213608198233,100.0
5.166666666666667,0.3031655031604679,250.0
16.166666666666668,0.051078015099312604,10.0
17.333333333333332,0.041485826915710844,100.0
20.166666666666668,0.027812536808721047,10.0
17.5,0.046572073458543826,100.0
16.0,0.05444908012789684,250.0
9.666666666666666,0.16404143082088227,250.0
18.5,0.034869045213610235,10.0
14.166666666666666,0.07812336628527781,250.0
16.166666666666668,0.04828580920512878,10.0
18.5,0.041549988077132324,10.0
2.0,0.47872796044070964,250.0
10.833333333333334,0.12854510954774484,10.0
17.666666666666668,0.045028470299083655,100.0
19.833333333333332,0.032503021358968376,100.0
19.333333333333332,0.03095241145780215,100.0
15.333333333333334,0.06663639562631611,100.0
20.5,0.031875837845210336,10.0
18.166666666666668,0.038898881472769334,10.0
16.666666666666668,0.05032994870322181,10.0
2.3333333333333335,0.6327726122452204,250.0
9.5,0.17404452895276024,250.0
22.0,0.031104454579406887,10.0
17.0,0.043616726720236414,60.0
21.166666666666668,0.03002964429938616,10.0
11.833333333333334,0.11663808409488452,10.0
9.666666666666666,0.18245803971323624,250.0
18.0,0.04337995761435247,100.0
13.666666666666666,0.07494204904121564,100.0
8.666666666666666,0.216431259293594,250.0
17.166666666666668,0.05099438191392795,100.0
16.5,0.04507876824258557,10.0
19.5,0.03423996581851753,10.0
9.833333333333334,0.18571533370719623,250.0
13.333333333333334,0.08772967365874164,10.0
22.166666666666668,0.02851566159309231,10.0
18.166666666666668,0.03989337238593625,10.0
11.833333333333334,0.11863563111377214,100.0
18.5,0.0423487384901197,100.0
18.166666666666668,0.03414346736814763,10.0
0.8333333333333334,0.5197061702118929,250.0
15.166666666666666,0.06264433158895057,100.0
13.666666666666666,0.07126576273578449,100.0
19.0,0.03488769458964568,10.0
18.166666666666668,0.040826968270958934,10.0
18.333333333333332,0.03286667443553257,100.0
19.5,0.0320986387354534,10.0
16.166666666666668,0.05377206998254305,250.0
15.5,0.06209107954424469,250.0
17.5,0.042011493051439704,10.0
14.833333333333334,0.07340716985882526,100.0
18.166666666666668,0.04563800931141766,100.0
11.666666666666666,0.10994254523477341,10.0
13.166666666666666,0.07832322347422631,100.0
18.166666666666668,0.04015247345898807,10.0
2.3333333333333335,0.9413605825735574,250.0
12.166666666666666,0.09211106606595053,100.0
12.5,0.10305915478052018,100.0
19.0,0.03914676073141618,100.0
10.333333333333334,0.14569169901991247,250.0
11.833333333333334,0.12468835334336759,250.0
17.5,0.03992876282250763,10.0
0.16666666666666666,1.0,250.0
12.333333333333334,0.1005576836236571,250.0
8.5,0.18909254883520502,100.0
16.166666666666668,0.055352740600919034,100.0
9.5,0.1715118656217756,100.0
18.5,0.03956912725641665,10.0
15.666666666666666,0.05999872376084839,100.0
21.0,0.032515807593523814,10.0
18.166666666666668,0.03783856915536544,10.0
2.1666666666666665,0.9300535587160245,100.0
7.0,0.27206001300452,250.0
15.833333333333334,0.05469783434310234,100.0
3.8333333333333335,0.24960705272565412,250.0
18.166666666666668,0.0413447804458839,100.0
16.166666666666668,0.04727702202682624,100.0
17.5,0.04251135596315153,10.0
1.3333333333333333,0.5765835674729883,250.0
5.166666666666667,0.31713159680359954,100.0
15.333333333333334,0.0650537507072567,100.0
12.333333333333334,0.10778590283594543,100.0
18.666666666666668,0.0437023488345746,10.0
17.5,0.04305025311593369,100.0
17.833333333333332,0.03960686381770125,10.0
21.333333333333332,0.028483512030694783,10.0
0.3333333333333333,1.0,250.0
4.0,0.3712041038873861,100.0
15.333333333333334,0.06260443324710205,10.0
14.833333333333334,0.06306860387594929,100.0
15.666666666666666,0.05483162979377147,10.0
19.833333333333332,0.03214268192426546,100.0
2.3333333333333335,0.44143330571832534,250.0
18.666666666666668,0.036384738741551355,10.0
17.333333333333332,0.044800810083728757,100.0
2.0,0.6763380155686893,250.0
15.333333333333334,0.06325258793334565,100.0
11.666666666666666,0.13425047241708946,250.0
14.333333333333334,0.06326208480112307,100.0
18.666666666666668,0.034117246560941304,10.0
19.5,0.03312970614397603,10.0
20.5,0.03297163589406146,10.0
9.833333333333334,0.16980611988890779,250.0
17.666666666666668,0.04898575543629004,10.0
18.5,0.03819137493083288,100.0
15.333333333333334,0.05535831132395987,100.0
12.166666666666666,0.09020147977823459,100.0
14.333333333333334,0.0733433557701879,250.0
15.333333333333334,0.05641055802414591,100.0
18.166666666666668,0.039784422555288614,10.0
19.5,0.031127355693360573,10.0
12.5,0.10660926226302625,100.0
10.333333333333334,0.1369040697893287,10.0
18.666666666666668,0.03639016488270965,10.0
18.833333333333332,0.03333032467902318,10.0
15.333333333333334,0.05951739880760093,100.0
1.5,0.8988353530849817,250.0
9.666666666666666,0.13927717027059558,100.0
6.0,0.28897305898475073,100.0
19.666666666666668,0.035465640573210465,10.0
0.8333333333333334,1.2918080636011373,250.0
17.666666666666668,0.044189993545058606,10.0
17.0,0.041568553862871505,10.0
11.5,0.12953917800488277,250.0
18.0,0.03742452129665901,10.0
14.0,0.08668047270075357,250.0
18.0,0.03889933379307359,10.0
20.833333333333332,0.03342831460051828,10.0
13.166666666666666,0.09610560560869585,250.0
8.5,0.2475664210142609,250.0
20.333333333333332,0.0271104086832264,10.0
15.5,0.057984157100535484,100.0
10.666666666666666,0.145151858480376,250.0
17.0,0.04447605597725203,100.0
16.666666666666668,0.05686826790172677,100.0
16.5,0.05163431859919738,10.0
10.5,0.14631708722944783,250.0
18.666666666666668,0.03480610304495132,10.0
19.166666666666668,0.03596753309729768,100.0
12.166666666666666,0.1056552579485371,100.0
16.5,0.049688716620269656,250.0
14.333333333333334,0.06693902528870299,100.0
18.5,0.04368019928069741,10.0
18.333333333333332,0.03570293425208168,10.0
13.166666666666666,0.08407084923351053,100.0
15.5,0.06502561088155502,100.0
16.666666666666668,0.05257980212830958,10.0
2.5,0.6472251164963913,250.0
6.333333333333333,0.34119148562423773,250.0
16.833333333333332,0.050915443912805676,250.0
15.5,0.06416453664619133,10.0
10.333333333333334,0.1510346296926038,100.0
19.0,0.03341783783413399,100.0
5.0,0.26012021078831515,250.0
10.333333333333334,0.14868972797799226,250.0
17.833333333333332,0.044098612913966787,10.0
18.333333333333332,0.03367448684625445,10.0
20.5,0.031176615431635867,10.0
10.333333333333334,0.1442853523948552,250.0
18.833333333333332,0.036278501273077406,10.0
18.0,0.04460376536652882,100.0
10.333333333333334,0.16065519578937962,250.0
0.16666666666666666,1.0,250.0
0.8333333333333334,0.8894926444729421,250.0
16.5,0.051946096351642074,100.0
2.0,0.47860321198691014,250.0
16.666666666666668,0.05875875279375537,100.0
1.0,0.6878756263884362,250.0
16.333333333333332,0.04772883529809193,10.0
7.333333333333333,0.29803302151364613,250.0
17.333333333333332,0.04367948378342149,100.0
18.666666666666668,0.04001715695602306,10.0
20.0,0.035956591796899806,10.0
17.166666666666668,0.0399540930728705,100.0
9.166666666666666,0.23453968423602525,250.0
18.0,0.041687301957622235,10.0
18.0,0.04681627300864474,10.0
8.833333333333334,0.1803947277830055,250.0
17.0,0.04424059258230394,100.0
20.666666666666668,0.028206285967554878,10.0
18.166666666666668,0.040704276053061796,100.0
21.5,0.02632850442656184,10.0
13.5,0.0827493040693083,250.0
15.0,0.0665858703479327,100.0
16.166666666666668,0.0458405022334667,100.0
17.0,0.04216080964340074,10.0
13.166666666666666,0.09588926710006168,100.0
19.833333333333332,0.036913179975575285,10.0
8.5,0.20827847349107825,100.0
10.666666666666666,0.14790409310374308,250.0
19.5,0.030800137189286623,10.0
15.5,0.05288062937503047,250.0
14.833333333333334,0.06955457241478571,10.0
17.5,0.03886190931650428,100.0
14.166666666666666,0.07705707609320818,100.0
18.333333333333332,0.03931383721247551,10.0
16.0,0.05283024482925854,100.0
12.5,0.11331772812280541,100.0
9.666666666666666,0.15306415254034506,250.0
6.333333333333333,0.3248246453110686,250.0
20.333333333333332,0.03097797421438986,10.0
2.5,0.3144957871822713,250.0
14.5,0.06759800363252066,10.0
19.166666666666668,0.033952718562588836,10.0
10.666666666666666,0.1496448002603233,100.0
16.333333333333332,0.05266374937410803,250.0
14.833333333333334,0.06864024419420177,100.0
16.5,0.05363500160363479,10.0
15.166666666666666,0.05739731457375636,100.0
9.833333333333334,0.186443760720383,250.0
4.666666666666667,0.3032523530350715,250.0
18.166666666666668,0.043048132002871844,250.0
16.0,0.04820081892399475,100.0
16.5,0.047222996189294986,100.0
17.0,0.05079103935632455,100.0
19.5,0.03557952870015296,10.0
17.166666666666668,0.05019303384775394,100.0
12.166666666666666,0.10133387098148773,250.0
19.666666666666668,0.03085856490678365,10.0
15.5,0.05869134331764071,250.0
18.5,0.03983663881281235,100.0
8.666666666666666,0.18311377487714223,100.0
15.5,0.05646339366359655,100.0
13.666666666666666,0.08016143378044653,250.0
20.166666666666668,0.03154699770797853,10.0
7.666666666666667,0.2056296678705451,250.0
20.0,0.03484503054116291,10.0
14.5,0.06960580920848149,100.0
13.0,0.09255355952770414,250.0
19.166666666666668,0.03552999335586456,10.0
8.333333333333334,0.21379330318375983,250.0
14.5,0.07544836303016128,250.0
19.166666666666668,0.03718945109933569,100.0
5.0,0.3870136557213098,100.0
3.1666666666666665,0.3993583600692559,100.0
17.833333333333332,0.041224125566852204,10.0
13.0,0.08522142899697491,250.0
17.0,0.04938506292198521,100.0
16.333333333333332,0.04949350189780135,250.0
14.666666666666666,0.06531158788261218,100.0
14.0,0.07883922635390936,100.0
11.833333333333334,0.14594980044081343,250.0
14.833333333333334,0.07515675620688621,10.0
11.166666666666666,0.1511101782120429,250.0
14.0,0.0750819422764306,10.0
15.666666666666666,0.060156962370300236,10.0
17.333333333333332,0.04099055083461407,100.0
2.0,0.6916777456653367,250.0
14.333333333333334,0.08561367219661178,100.0
15.5,0.05716082880618817,10.0
20.5,0.03264887785267151,10.0
17.166666666666668,0.04127216378383636,10.0
11.833333333333334,0.1104898366783965,100.0
20.0,0.03075776120862594,250.0
19.166666666666668,0.03437218212134341,10.0
17.666666666666668,0.04447190486999929,100.0
19.5,0.034760546596959,100.0
18.166666666666668,0.03961945034689701,10.0
19.666666666666668,0.03443420161154792,10.0
19.666666666666668,0.03399571117633098,10.0
12.666666666666666,0.0986336194592358,10.0
18.833333333333332,0.0383962868660165,10.0
18.166666666666668,0.0426904119019132,10.0
1.0,0.8291186837638886,250.0
15.333333333333334,0.06206169326216855,250.0
13.5,0.08587351822007583,10.0
0.16666666666666666,1.0,250.0
5.0,0.320787244091193,250.0
13.833333333333334,0.08517218030878067,100.0
2.5,0.4819060464871026,100.0
10.5,0.1394627903282483,250.0
19.166666666666668,0.03989648660906065,10.0
14.0,0.07176045484657316,10.0
16.0,0.052969635883676,10.0
11.666666666666666,0.1361441452984296,100.0
21.833333333333332,0.028328505241354596,10.0
16.166666666666668,0.06042589950766505,100.0
4.333333333333333,0.37436414952890673,250.0
16.166666666666668,0.04985656259533593,100.0
16.833333333333332,0.047847930028136046,250.0
9.166666666666666,0.15803306804372405,250.0
15.833333333333334,0.06217002761588399,10.0
13.166666666666666,0.09500292256830288,250.0
9.5,0.16082566271303314,250.0
16.666666666666668,0.044383573240357785,10.0
13.333333333333334,0.07529581773596945,100.0
18.0,0.034624054473218,100.0
17.0,0.05011097319869912,250.0
18.833333333333332,0.037270633560743005,10.0
17.166666666666668,0.04271586613563413,10.0
12.166666666666666,0.10514154698579956,100.0
17.5,0.0441715170317604,10.0
16.166666666666668,0.05019170865848871,10.0
17.5,0.0421206852673107,100.0
19.0,0.03655621226461944,10.0
13.666666666666666,0.07385980350871077,100.0
8.0,0.25531611246321473,250.0
18.333333333333332,0.040558216587459575,100.0
18.333333333333332,0.04021533209814041,10.0
17.0,0.042489365591003844,10.0
11.0,0.12845837957925227,250.0
5.166666666666667,0.3251084604003881,250.0
18.333333333333332,0.04233495572745654,10.0
20.5,0.03608939735908108,10.0
20.166666666666668,0.03113365493991439,10.0
6.833333333333333,0.315032909530201,250.0
18.5,0.04075911398786764,100.0
20.833333333333332,0.03027794596648517,10.0
19.5,0.03298791649538793,10.0
5.166666666666667,0.3505523629652091,250.0
7.333333333333333,0.28356194994495837,100.0
17.666666666666668,0.04249075445355281,10.0
16.666666666666668,0.0411754363874682,10.0
17.333333333333332,0.0446812207958048,10.0
16.166666666666668,0.05197805873699233,10.0
20.833333333333332,0.027100533240335102,10.0
19.166666666666668,0.036404871670698356,100.0
6.333333333333333,0.28241743995274443,250.0
20.833333333333332,0.03128385568907484,10.0
10.833333333333334,0.13061567583391773,250.0
16.666666666666668,0.04551486356420292,100.0
18.166666666666668,0.04249958751181579,100.0
17.333333333333332,0.042097570449564456,250.0
12.833333333333334,0.09936398520328973,250.0
14.5,0.07664431498745139,100.0
14.5,0.07277435026248733,10.0
4.333333333333333,0.35220525108337075,100.0
18.166666666666668,0.04232219460571093,100.0
15.333333333333334,0.051963762636295034,10.0
17.5,0.04291505007500229,250.0
4.5,0.4952588471627535,250.0
15.333333333333334,0.05980881435969465,100.0
19.0,0.03768403887298331,10.0
20.833333333333332,0.028269017783121502,10.0
19.666666666666668,0.03334002306921322,10.0
20.333333333333332,0.02971903997976021,10.0
6.833333333333333,0.21130603762938455,250.0
19.333333333333332,0.03668455135649285,10.0
8.166666666666666,0.21893830312234352,250.0
17.166666666666668,0.039602021642642836,10.0
22.666666666666668,0.027017833766141818,10.0
13.166666666666666,0.10001956421906295,100.0
21.833333333333332,0.03185464668928078,10.0
18.0,0.04014300655951105,10.0
19.0,0.034082146904275766,100.0
17.5,0.0425678168539123,100.0
16.5,0.05004163396044552,10.0
16.166666666666668,0.05470885272361578,250.0
18.833333333333332,0.035475918026652654,100.0
17.833333333333332,0.037903775960848235,10.0
3.8333333333333335,0.4165615481928002,100.0
10.5,0.18516442150420512,250.0
16.166666666666668,0.055194237752585924,10.0
16.333333333333332,0.049955474485784086,10.0
20.5,0.033001990655342636,10.0
18.166666666666668,0.0378446957238574,10.0
15.5,0.0497024880429691,10.0
19.666666666666668,0.03642403103357451,100.0
15.833333333333334,0.05595003082915181,100.0
3.0,0.42404433312769857,250.0
17.166666666666668,0.04878641670027852,100.0
15.5,0.06754804783195593,250.0
19.833333333333332,0.03510205880170828,10.0
7.166666666666667,0.25939214545776385,100.0
1.1666666666666667,0.8209808041358505,250.0
18.5,0.03597236087641225,10.0
1.6666666666666667,0.9110794562507424,250.0
16.666666666666668,0.05067541858550949,100.0
20.5,0.029884352127699236,10.0
15.833333333333334,0.05175955364588209,100.0
20.0,0.036889639937074406,10.0
21.5,0.02899146785812969,10.0
18.666666666666668,0.04018739235619387,10.0
17.833333333333332,0.04065972984797236,100.0
8.666666666666666,0.19359918759091183,100.0
21.333333333333332,0.029863610461286313,10.0
11.333333333333334,0.13190757977515455,250.0
17.333333333333332,0.044514356635335726,100.0
17.166666666666668,0.04736486743980076,100.0
14.666666666666666,0.06871058077248823,100.0
11.833333333333334,0.10203903448962727,250.0
19.166666666666668,0.03185861515309915,10.0
13.833333333333334,0.07031728584727122,250.0
21.333333333333332,0.026620378618022675,10.0
15.666666666666666,0.054549181739581676,100.0
11.0,0.12014224070412063,250.0
13.5,0.08672557959389562,250.0
13.333333333333334,0.08855593504333527,250.0
16.666666666666668,0.04581322626429219,100.0
13.5,0.07281074393055459,100.0
12.333333333333334,0.12467029441676485,250.0
20.666666666666668,0.02905671141883005,100.0
20.666666666666668,0.02791154522813451,10.0
0.16666666666666666,1.0,250.0
13.666666666666666,0.08142510507834269,100.0
19.333333333333332,0.033951300982702236,10.0
17.333333333333332,0.0391764247705121,10.0
10.333333333333334,0.17277328878919973,250.0
12.333333333333334,0.09847506062974067,250.0
11.333333333333334,0.1253504677560314,250.0
13.333333333333334,0.0693542674298981,100.0
16.833333333333332,0.04259978600515544,100.0
7.833333333333333,0.24776311614138818,100.0
22.0,0.029789653659759788,10.0
19.5,0.029600300652826362,100.0
3.6666666666666665,0.40069171306888607,250.0
15.166666666666666,0.06223463633729312,250.0
13.0,0.08806846157087984,250.0
8.666666666666666,0.19544548694275676,100.0
19.833333333333332,0.027652387495262037,10.0
16.333333333333332,0.05701552744290517,100.0
18.666666666666668,0.0391487692063132,60.0
21.333333333333332,0.02912091791786198,10.0
8.666666666666666,0.21150727106942044,100.0
2.8333333333333335,0.5197505799935421,250.0
15.5,0.05507151750551248,100.0
10.5,0.16897210419176895,250.0
1.3333333333333333,0.419054168583694,250.0
13.333333333333334,0.08815576821300433,100.0
19.333333333333332,0.03464926529519438,10.0
18.666666666666668,0.035102686672113484,10.0
19.333333333333332,0.03358826049204272,10.0
13.166666666666666,0.08386077899765046,100.0
0.3333333333333333,1.0,250.0
16.5,0.04812907358249139,250.0
18.5,0.03510643332722117,100.0
18.0,0.04148295736313994,10.0
19.166666666666668,0.033656818158169365,10.0
17.0,0.04837948351207443,100.0
20.0,0.03235902304217699,10.0
2.5,0.576082711922784,100.0
0.16666666666666666,1.0,250.0
19.166666666666668,0.03592539805905775,10.0
15.0,0.0683384667248659,10.0
15.333333333333334,0.06261092302667573,100.0
14.5,0.06977425459799556,100.0
21.0,0.02768756597692504,10.0
22.0,0.027827145392695502,10.0
14.333333333333334,0.06641118891652262,100.0
17.833333333333332,0.03902404958923945,100.0
5.333333333333333,0.4319058958988738,100.0
17.833333333333332,0.0411399717228513,10.0
18.333333333333332,0.03846197661996896,10.0
18.666666666666668,0.03881607802694466,100.0
16.666666666666668,0.04461570215298725,10.0
19.333333333333332,0.033340424813384464,100.0
17.166666666666668,0.041833011514523656,100.0
14.166666666666666,0.07322517451303362,100.0
19.5,0.03488804968366032,100.0
7.166666666666667,0.24736488085942387,100.0
15.666666666666666,0.05063415487163515,10.0
4.5,0.3969326271375209,100.0
2.0,0.5333036312876199,10.0
18.833333333333332,0.037908431312758055,10.0
18.333333333333332,0.04086324026856169,10.0
19.333333333333332,0.03273976663017064,10.0
0.5,1.0,250.0
17.333333333333332,0.04301035579049355,10.0
17.0,0.04920848075944619,10.0
1.1666666666666667,1.0106441641021195,250.0
16.833333333333332,0.05138794816910819,100.0
16.333333333333332,0.046439406009813,250.0
10.0,0.1324788693314395,250.0
0.16666666666666666,1.0,250.0
14.833333333333334,0.06388430286159784,250.0
17.666666666666668,0.04170019160242896,100.0
17.333333333333332,0.04496538377921518,10.0
3.0,0.48682188906493695,10.0
16.166666666666668,0.04697259060733431,10.0
12.166666666666666,0.09022077832981734,250.0
18.833333333333332,0.04143665351913433,10.0
16.166666666666668,0.053060553347205414,100.0
18.666666666666668,0.037230297504098016,10.0
14.0,0.08299088671798224,100.0
9.833333333333334,0.18032156407348512,10.0
19.666666666666668,0.035144434078921226,10.0
15.833333333333334,0.05498743058276778,10.0
2.5,0.5034081887033234,250.0
17.666666666666668,0.042943472035756686,100.0
17.833333333333332,0.040241769498433416,10.0
8.833333333333334,0.19687369749432093,250.0
12.166666666666666,0.09539300172662352,250.0
15.333333333333334,0.060022308147090045,100.0
8.5,0.15674520560242036,100.0
16.5,0.049535696462505996,10.0
18.833333333333332,0.039113588344618394,100.0
15.333333333333334,0.057816983109093674,10.0
15.833333333333334,0.0635154303816986,100.0
18.166666666666668,0.03663004035067598,100.0
15.0,0.06579244226066507,100.0
18.833333333333332,0.03496860408866642,100.0
19.0,0.03320889348519089,100.0
14.166666666666666,0.07342270641237567,100.0
16.0,0.0466031641636064,100.0
11.666666666666666,0.10570677336727491,250.0
18.0,0.04150414742313673,10.0
15.166666666666666,0.06260923605356089,100.0
16.0,0.05329195708544561,10.0
18.166666666666668,0.03680871696312602,60.0
20.333333333333332,0.027708181181397395,10.0
20.166666666666668,0.03181178396393344,100.0
16.666666666666668,0.05325186935670231,100.0
20.166666666666668,0.03305123638951693,10.0
19.0,0.03465443178699561,10.0
0.16666666666666666,1.0,250.0
19.0,0.03520150147217496,10.0
17.833333333333332,0.03849977951732672,10.0
19.5,0.03753794372971406,10.0
16.333333333333332,0.05316928609086348,10.0
13.0,0.08001619494501626,100.0
13.166666666666666,0.08268098580350866,250.0
0.16666666666666666,1.0,250.0
12.0,0.09643100343264517,100.0
3.5,0.47845834489448524,250.0
19.166666666666668,0.038673063032934954,10.0
15.666666666666666,0.054272439275073005,10.0
14.333333333333334,0.07578219942596044,100.0
13.5,0.08084864493648422,10.0
17.666666666666668,0.04011235556908632,10.0
16.666666666666668,0.0506407467626568,250.0
22.166666666666668,0.030471691462501796,10.0
11.333333333333334,0.12013183643665593,100.0
18.166666666666668,0.03771465359988726,10.0
15.166666666666666,0.06804699350045387,250.0
0.8333333333333334,0.6618675094682176,100.0
20.166666666666668,0.031565553456938296,10.0
19.333333333333332,0.03178440406782449,100.0
17.5,0.041793859735875113,10.0
20.833333333333332,0.03214341114058058,10.0
0.16666666666666666,1.0,250.0
1.1666666666666667,0.5283609283982785,100.0
16.166666666666668,0.04408948935212853,100.0
12.5,0.10289047264858325,100.0
12.166666666666666,0.10916916128755241,100.0
19.5,0.037560950313333834,10.0
7.0,0.20837552164108164,100.0
3.5,0.5415596200377216,250.0
4.5,0.3532036519755807,250.0
21.166666666666668,0.03267336279345799,10.0
0.5,1.0,250.0
17.5,0.04252531375857839,10.0
11.166666666666666,0.12560619716223853,100.0
8.166666666666666,0.215955414765261,250.0
18.166666666666668,0.043464026248148206,10.0
3.0,0.5920328016249875,100.0
4.166666666666667,0.37240926034003996,250.0
15.833333333333334,0.05823864984361964,250.0
14.166666666666666,0.08077635908251807,100.0
19.333333333333332,0.033120979697361747,10.0
15.833333333333334,0.055679051539614485,100.0
17.0,0.049877696624268754,250.0
10.166666666666666,0.14973177749111025,250.0
13.5,0.08377023697679886,250.0
18.0,0.0441214481723063,10.0
19.5,0.031167209463184423,10.0
16.666666666666668,0.053457105793802716,250.0
19.333333333333332,0.03829645400667259,10.0
1.6666666666666667,0.6987411052569755,250.0
11.666666666666666,0.09650115118038603,10.0
18.666666666666668,0.03913396120785494,100.0
18.5,0.04084530890400739,10.0
15.0,0.07072261724467001,250.0
0.6666666666666666,1.0,250.0
21.166666666666668,0.031405138520286584,10.0
16.666666666666668,0.04733618498946222,100.0
15.5,0.055322029573156635,100.0
19.0,0.03721797102887135,10.0
20.833333333333332,0.03202469694609793,10.0
20.0,0.030578791497732696,10.0
11.333333333333334,0.14131239039637802,100.0
19.166666666666668,0.028417401540035775,10.0
17.5,0.04948649120531162,10.0
14.833333333333334,0.0565446463981399,10.0
13.166666666666666,0.09895339527996391,250.0
14.666666666666666,0.06519014004990568,10.0
14.333333333333334,0.07026127307023498,100.0
0.5,1.0,100.0
5.833333333333333,0.24586755865936222,100.0
18.833333333333332,0.03229604781847527,10.0
16.666666666666668,0.04629992374472727,100.0
8.666666666666666,0.19596204445852872,250.0
16.333333333333332,0.05151932398529836,100.0
14.666666666666666,0.06908993283014327,10.0
20.0,0.02873099559109877,10.0
18.166666666666668,0.038060019466889077,10.0
5.833333333333333,0.349449575260567,250.0
0.3333333333333333,1.0,250.0
17.333333333333332,0.044731691230939244,100.0
0.3333333333333333,1.0,250.0
10.333333333333334,0.17828128647591115,250.0
20.5,0.030781937705076153,10.0
20.666666666666668,0.029730950257030018,10.0
9.5,0.1963723488211568,250.0
0.3333333333333333,1.0,100.0
11.333333333333334,0.12078283630431805,100.0
17.5,0.04337313852958796,10.0
4.0,0.5518588325836874,250.0
18.833333333333332,0.03941244144416263,10.0
12.166666666666666,0.11610104764988766,100.0
16.666666666666668,0.04574066065183308,10.0
16.5,0.046251743333276474,10.0
9.166666666666666,0.1907649665479747,250.0
13.833333333333334,0.09132703139798581,100.0
16.666666666666668,0.050530955986669256,10.0
14.166666666666666,0.07944586063322674,250.0
18.333333333333332,0.04316086481788815,100.0
12.666666666666666,0.09123183166248969,100.0
10.5,0.18869113010257968,250.0
11.666666666666666,0.11468992680149703,250.0
13.333333333333334,0.09273581894433924,100.0
18.166666666666668,0.03955195144130753,100.0
16.666666666666668,0.043870759250589954,10.0
13.333333333333334,0.08840467177910223,10.0
4.5,0.36508681506740753,10.0
15.833333333333334,0.05192860075140948,100.0
14.666666666666666,0.06538020188841531,100.0
16.333333333333332,0.054048146855874675,100.0
16.666666666666668,0.050563682093118276,100.0
18.833333333333332,0.03673360288301806,10.0
18.0,0.043436702637416086,10.0
13.333333333333334,0.08685903194323918,250.0
17.833333333333332,0.03949133595578094,10.0
17.5,0.04357242574764381,10.0
0.6666666666666666,1.0,250.0
8.833333333333334,0.20417189211230097,250.0
14.666666666666666,0.05988887152139739,100.0
18.666666666666668,0.03807978561607725,100.0
9.0,0.21410744914326912,100.0
9.0,0.17296791951407023,100.0
19.166666666666668,0.03443224220253343,10.0
15.666666666666666,0.06092803315081591,10.0
17.166666666666668,0.04534089673678071,10.0
19.5,0.03550586145820851,100.0
12.666666666666666,0.10722161284050377,10.0
13.833333333333334,0.08209986598959104,100.0
12.333333333333334,0.10322614925268911,250.0
17.333333333333332,0.04141244409338151,10.0
18.0,0.04315111044720938,250.0
12.333333333333334,0.10521860483935423,100.0
15.666666666666666,0.06191985658818766,100.0
14.5,0.07467390349186734,250.0
16.333333333333332,0.05401489890786309,10.0
16.833333333333332,0.04629000361774398,100.0
16.666666666666668,0.05604114021061638,10.0
15.166666666666666,0.06757009989268109,10.0
16.333333333333332,0.041469984792081235,100.0
19.666666666666668,0.035073876755904,100.0
19.666666666666668,0.03478849215944709,10.0
18.0,0.04427651866505218,100.0
6.5,0.2514023953003488,250.0
19.166666666666668,0.0383169066035432,10.0
16.5,0.04873658941498788,100.0
16.5,0.05210658315030723,10.0
16.666666666666668,0.04576851192275078,10.0
18.166666666666668,0.038884110863531725,100.0
8.666666666666666,0.20578955225822393,250.0
18.0,0.041297332493722916,10.0
20.5,0.032789355196091184,10.0
12.5,0.10978458470064899,250.0
16.333333333333332,0.04937021242456984,250.0
9.0,0.1992588056892365,100.0
12.333333333333334,0.08761975087005797,10.0
18.666666666666668,0.03623158191168879,10.0
17.5,0.040474025294580065,10.0
12.833333333333334,0.09726479806573164,100.0
16.666666666666668,0.046387544925431616,100.0
20.333333333333332,0.031603621634129046,100.0
19.166666666666668,0.0382855611603226,10.0
17.333333333333332,0.043880702925705097,100.0
18.5,0.03619174159868431,10.0
6.5,0.2104598109729559,10.0
17.333333333333332,0.043630268231397894,100.0
19.333333333333332,0.031698142288945776,10.0
19.166666666666668,0.03317204896992835,100.0
2.8333333333333335,0.47008615250006164,250.0
22.166666666666668,0.0237535794399173,10.0
0.16666666666666666,1.0,250.0
6.166666666666667,0.3038987554902227,250.0
8.833333333333334,0.20079019295097247,250.0
15.0,0.06584822136615238,100.0
13.5,0.0816221586961878,10.0
18.333333333333332,0.04065492114199438,10.0
13.666666666666666,0.0951176198287101,250.0
19.666666666666668,0.03431573707738298,10.0
0.5,1.0,100.0
20.833333333333332,0.02890723831896858,10.0
19.166666666666668,0.03639865685468648,10.0
8.833333333333334,0.18133608079500924,250.0
7.0,0.26002442542617105,250.0
18.166666666666668,0.03837682782228498,60.0
19.0,0.032429970196026274,100.0
20.5,0.028692274058097204,100.0
7.5,0.2473476202835648,250.0
16.166666666666668,0.05157907042073883,100.0
18.333333333333332,0.03245682900552709,100.0
13.666666666666666,0.07897508570484651,100.0
17.333333333333332,0.04489245881542671,250.0
14.666666666666666,0.06556150072105871,10.0
18.0,0.04535848834503736,10.0
5.833333333333333,0.29489894528215493,100.0
17.833333333333332,0.04278672242850782,100.0
20.833333333333332,0.03541553226225308,10.0
8.5,0.22576624606436557,100.0
20.166666666666668,0.03236350493734021,10.0
16.166666666666668,0.05645383884232773,100.0
19.5,0.03770266900086723,10.0
16.5,0.05011316176917475,10.0
18.666666666666668,0.032203963555988036,10.0
14.0,0.09024129616824822,250.0
0.8333333333333334,0.7562452930963813,250.0
11.0,0.1298575122108834,100.0
13.0,0.1014615690108334,100.0
19.666666666666668,0.03380069746647269,10.0
14.5,0.07479789085097176,100.0
19.666666666666668,0.03754945016115621,10.0
20.833333333333332,0.03161702825925469,10.0
13.833333333333334,0.07182576292996679,100.0
16.666666666666668,0.0520780888651147,10.0
15.5,0.06258732656011304,10.0
14.333333333333334,0.08085618565618138,250.0
17.166666666666668,0.043063867505595606,10.0
13.333333333333334,0.08731756845325613,100.0
7.0,0.3031206443517008,250.0
16.833333333333332,0.050488495324205296,100.0
19.333333333333332,0.03620829495205125,10.0
19.5,0.038195357764076523,10.0
13.166666666666666,0.08893227576029117,250.0
2.8333333333333335,0.6824047957148598,250.0
18.0,0.03944289506213041,10.0
16.166666666666668,0.04187248682208539,10.0
14.166666666666666,0.07835241430049833,100.0
12.333333333333334,0.12039853076436388,250.0
6.5,0.29114926053896306,250.0
17.5,0.03847196527814308,100.0
16.5,0.05373713437896173,100.0
19.333333333333332,0.03542902419852311,10.0
7.666666666666667,0.20444424417014892,100.0
18.833333333333332,0.04005636178141056,10.0
14.166666666666666,0.06979296743061104,10.0
20.0,0.03342984773918615,10.0
16.333333333333332,0.049155983186343566,100.0
18.833333333333332,0.033773194691337216,10.0
19.333333333333332,0.03960102529582743,100.0
15.333333333333334,0.0680057631874514,100.0
19.0,0.037226187105442635,10.0
16.333333333333332,0.05425436455191675,100.0
0.8333333333333334,0.5569187375670483,250.0
19.333333333333332,0.034181851615516755,10.0
21.333333333333332,0.030438931731045723,10.0
10.666666666666666,0.14046853423638156,10.0
14.333333333333334,0.06581778368892582,100.0
18.0,0.039569207863645414,10.0
9.833333333333334,0.15355814738413306,250.0
16.666666666666668,0.05169985954580131,10.0
13.166666666666666,0.09212890327495156,250.0
13.0,0.09639514603588475,250.0
6.0,0.4202283724842831,250.0
20.333333333333332,0.03058567562774837,10.0
13.5,0.09591059689057287,250.0
16.333333333333332,0.04618037860637911,10.0
1.3333333333333333,0.4531831272023447,250.0
21.5,0.027369327503918614,10.0
18.5,0.04055586046592046,10.0
12.166666666666666,0.11813962468113613,100.0
12.333333333333334,0.10354421023830471,250.0
3.5,0.4155443207392459,250.0
5.0,0.43482755669738055,250.0
19.333333333333332,0.03109423703134339,250.0
16.5,0.050157800819297785,10.0
20.5,0.03041419693931239,10.0
0.5,1.0,100.0
17.333333333333332,0.03875661024045795,10.0
3.3333333333333335,0.5390829541790089,250.0
18.5,0.04006918069732153,100.0
19.833333333333332,0.03421622289242412,10.0
15.0,0.0588690264309881,100.0
14.166666666666666,0.08426252044090927,100.0
14.333333333333334,0.07267314590992269,250.0
4.833333333333333,0.3473008572361393,250.0
16.333333333333332,0.05002349267683639,100.0
16.166666666666668,0.054199364647994595,250.0
8.333333333333334,0.2534657106857307,250.0
2.8333333333333335,0.9167325172663282,100.0
5.5,0.33195107296389614,250.0
21.166666666666668,0.025831009688639925,100.0
20.0,0.032202986075765966,100.0
11.333333333333334,0.12290372888871239,250.0
21.666666666666668,0.02578777772687157,10.0
10.5,0.1402231817668127,250.0
16.5,0.05093809675641475,100.0
18.333333333333332,0.03865223751698499,10.0
15.833333333333334,0.05604242359476208,100.0
21.833333333333332,0.027829103537850564,100.0
19.333333333333332,0.03718227196291085,10.0
19.0,0.03709017580434125,100.0
15.666666666666666,0.053258648485490154,100.0
2.6666666666666665,0.5515979599032392,250.0
16.333333333333332,0.05372670916954817,250.0
6.666666666666667,0.2205957927800906,250.0
15.666666666666666,0.05027172072869866,100.0
20.666666666666668,0.027423865100578006,100.0
14.666666666666666,0.055148196953022845,100.0
15.333333333333334,0.05993469568675553,100.0
19.166666666666668,0.028893788413665158,100.0
1.5,0.5355728501461872,250.0
17.5,0.04210363254878851,10.0
18.333333333333332,0.03619313326879044,10.0
16.166666666666668,0.05268500653743025,10.0
20.666666666666668,0.031106320926214997,10.0
7.166666666666667,0.23867797378401617,250.0
20.5,0.02912147163501764,10.0
14.333333333333334,0.057581796968954865,10.0
7.666666666666667,0.2442297479630029,250.0
13.333333333333334,0.08728287277185517,100.0
10.0,0.14291654997178965,100.0
18.333333333333332,0.03676333998054854,10.0
17.333333333333332,0.04402095580375457,250.0
20.833333333333332,0.03330720916922237,10.0
19.166666666666668,0.03394042100786594,10.0
17.5,0.040007300053386194,250.0
19.166666666666668,0.035194062633201295,10.0
16.833333333333332,0.04451014399468757,10.0
14.666666666666666,0.06563885910005565,250.0
19.666666666666668,0.033565261723127515,10.0
19.833333333333332,0.036452570358563786,100.0
1.8333333333333333,0.9043978599880761,250.0
16.5,0.049661967595060134,10.0
12.166666666666666,0.1099178747321338,100.0
16.5,0.047090359539852404,100.0
15.666666666666666,0.05255215096533677,100.0
20.666666666666668,0.029171633718547012,10.0
18.166666666666668,0.03878650462564793,10.0
22.166666666666668,0.02725601155350941,10.0
21.833333333333332,0.02982048099654851,10.0
15.0,0.055511480910018,250.0
13.0,0.1049529634568573,100.0
13.0,0.08016646426151242,250.0
7.833333333333333,0.2831451705486595,250.0
16.5,0.048929957097680096,100.0
18.833333333333332,0.03717293881828659,10.0
0.3333333333333333,1.0,250.0
13.5,0.0948503067764988,100.0
11.666666666666666,0.12234080872441076,250.0
1.6666666666666667,0.5459381447033447,250.0
14.166666666666666,0.08046139105165541,100.0
0.16666666666666666,1.0,250.0
18.166666666666668,0.036750256424363116,100.0
1.3333333333333333,0.8383673400443274,250.0
1.5,0.2654603072029569,250.0
15.333333333333334,0.048641613536852486,250.0
19.0,0.03392781031288892,100.0
19.833333333333332,0.03203456254943154,10.0
0.3333333333333333,1.0,250.0
18.333333333333332,0.03731799870724843,100.0
19.0,0.03304041733369145,10.0
15.333333333333334,0.06290778201572149,100.0
20.833333333333332,0.029237685411880945,10.0
18.0,0.03699221158756326,10.0
9.166666666666666,0.17725268421209842,250.0
12.5,0.10502666606240292,250.0
14.5,0.06686977639186047,100.0
13.666666666666666,0.0788370360908855,250.0
5.833333333333333,0.2654011623178115,250.0
17.333333333333332,0.041819712801233117,10.0
17.0,0.04449991092164441,100.0
23.5,0.026208875353587496,10.0
10.166666666666666,0.15408402380589037,100.0
15.0,0.05941188326326137,100.0
18.333333333333332,0.03891397527540742,10.0
18.5,0.036311557348519,60.0
17.333333333333332,0.04596154393992105,10.0
19.666666666666668,0.034175759495712416,100.0
13.166666666666666,0.07479621263874116,100.0
10.166666666666666,0.14226779850650595,250.0
16.333333333333332,0.04784223063565475,10.0
12.833333333333334,0.07424787116076059,250.0
18.833333333333332,0.03651965519944633,10.0
19.333333333333332,0.032064471829956816,10.0
19.666666666666668,0.03818914209413512,100.0
19.166666666666668,0.03438128935185586,10.0
15.166666666666666,0.0574605210338503,100.0
17.666666666666668,0.04337679320456217,10.0
11.5,0.13461165373252437,250.0
11.5,0.13361348253721675,100.0
19.833333333333332,0.030089553945415935,10.0
12.666666666666666,0.09225875937270765,250.0
15.166666666666666,0.06535577524371743,100.0
11.5,0.10385270519733904,250.0
8.666666666666666,0.17910415589207432,100.0
11.333333333333334,0.12452412392602008,100.0
16.333333333333332,0.055729389012351846,100.0
19.833333333333332,0.0371444695282438,100.0
20.5,0.027852440031263907,10.0
18.666666666666668,0.03683676021325407,10.0
5.833333333333333,0.3142501657173348,10.0
20.5,0.036785100880659914,10.0
15.166666666666666,0.06755598223507292,10.0
14.833333333333334,0.07408714168867755,250.0
19.0,0.032015902591611335,10.0
20.333333333333332,0.036806556583248384,10.0
17.833333333333332,0.0440762782144886,250.0
17.166666666666668,0.04083476644704443,100.0
14.833333333333334,0.06312061556794908,250.0
18.166666666666668,0.045219807998592106,10.0
15.333333333333334,0.05971856797861618,100.0
16.0,0.05392859027459596,10.0
13.333333333333334,0.0710438877038705,250.0
16.5,0.05103618294587095,10.0
14.166666666666666,0.0649402449458816,10.0
18.666666666666668,0.03820089232057424,10.0
20.333333333333332,0.0333958298932375,10.0
16.166666666666668,0.053339252738169085,10.0
16.0,0.0520872641102535,100.0
9.833333333333334,0.14844272241893766,100.0
15.333333333333334,0.053418219216857424,100.0
15.166666666666666,0.05857217006234963,100.0
17.833333333333332,0.0429972598177525,10.0
1.1666666666666667,0.6160236876933153,250.0
1.8333333333333333,0.6704953948083989,250.0
19.333333333333332,0.03523831813038106,100.0
5.666666666666667,0.34304517959067454,250.0
18.0,0.043083200832307496,10.0
5.833333333333333,0.32754244961111734,100.0
20.833333333333332,0.03227638579814653,10.0
18.833333333333332,0.034444119640947096,10.0
15.5,0.05803183236977457,100.0
18.333333333333332,0.039397225766832494,100.0
8.833333333333334,0.1817589848979497,250.0
17.333333333333332,0.04127380038207346,100.0
18.666666666666668,0.03572305157675069,10.0
19.0,0.03887547478704209,10.0
9.166666666666666,0.19941383930800044,250.0
13.666666666666666,0.07859876345691062,100.0
18.5,0.036071603477810125,10.0
17.166666666666668,0.04479764109454585,10.0
4.0,0.5064468650322259,250.0
0.16666666666666666,1.0,100.0
18.833333333333332,0.0330545292804146,100.0
5.833333333333333,0.37156935974960054,250.0
4.166666666666667,0.40317830136720356,250.0
11.333333333333334,0.14203750278588,100.0
21.833333333333332,0.031225431097696363,10.0
19.833333333333332,0.03122430022974643,10.0
16.666666666666668,0.048996431320279775,100.0
3.1666666666666665,0.4471816903679845,100.0
17.166666666666668,0.05416863724396956,100.0
16.833333333333332,0.04105366897826841,10.0
21.166666666666668,0.029099191268103203,10.0
19.166666666666668,0.03223802305436071,100.0
17.333333333333332,0.04354977375939756,100.0
18.0,0.034909814703819896,100.0
12.0,0.12110861027373317,250.0
14.166666666666666,0.08612507108528272,250.0
14.833333333333334,0.06648659846542763,100.0
17.5,0.03951501811490915,10.0
7.166666666666667,0.2552728297721946,100.0
12.166666666666666,0.11244971868194759,250.0
21.333333333333332,0.029109694042100308,10.0
11.666666666666666,0.10988832949260247,250.0
14.833333333333334,0.06425051079215824,100.0
2.3333333333333335,0.4088310535037248,250.0
17.333333333333332,0.052313223295807613,100.0
19.333333333333332,0.035333425078611216,10.0
15.833333333333334,0.06005182797347916,100.0
17.833333333333332,0.037741351960033157,10.0
17.833333333333332,0.04227825145840892,100.0
8.166666666666666,0.2175655287038449,100.0
11.0,0.14665296478274367,250.0
18.5,0.040180650404227955,100.0
15.666666666666666,0.05257214475095501,10.0
9.166666666666666,0.1797838927378967,250.0
14.166666666666666,0.0695177736809306,10.0
17.833333333333332,0.041485462881562435,100.0
19.166666666666668,0.035759959375741265,100.0
0.6666666666666666,1.0,100.0
4.833333333333333,0.3761481212558267,100.0
15.333333333333334,0.0689827556203233,100.0
17.5,0.04748176585088986,10.0
10.0,0.14334517762560653,100.0
16.5,0.05263774017119845,100.0
15.333333333333334,0.05514304969672932,100.0
1.8333333333333333,0.5748071238037974,250.0
18.333333333333332,0.0367661397158424,10.0
2.0,0.5388930438570234,250.0
19.166666666666668,0.03359115998669089,10.0
10.5,0.15989008464869703,250.0
16.5,0.05106375477574182,100.0
21.166666666666668,0.02885882903370646,10.0
10.0,0.1556772203188884,100.0
15.0,0.07001111218453392,250.0
4.5,0.33012040381698227,250.0
17.166666666666668,0.04711445694284623,10.0
15.666666666666666,0.05786471486349853,250.0
16.0,0.05134908440189737,100.0
13.333333333333334,0.08029779382001853,250.0
10.333333333333334,0.19345857704082645,250.0
21.333333333333332,0.027152750693710773,10.0
16.833333333333332,0.04837529421540378,10.0
16.666666666666668,0.04822292246014304,100.0
18.666666666666668,0.03927525914897023,10.0
16.833333333333332,0.048523084840897214,10.0
1.1666666666666667,0.5974969080961458,250.0
19.166666666666668,0.032904129068599734,10.0
11.0,0.14377832345161226,10.0
11.0,0.14006236036013828,250.0
12.5,0.10823571724982745,250.0
0.16666666666666666,1.0,250.0
18.5,0.040770858523695316,10.0
10.333333333333334,0.16706650609484386,250.0
19.5,0.035444380332651654,10.0
22.666666666666668,0.027146227589103407,10.0
17.833333333333332,0.037079699927145035,10.0
14.5,0.07052790192303621,10.0
12.0,0.1024093822531299,100.0
16.5,0.051553087545457565,100.0
13.5,0.07613805035804838,100.0
15.166666666666666,0.05665090239302428,100.0
5.166666666666667,0.3430900360377204,250.0
11.166666666666666,0.1128218439292207,100.0
13.833333333333334,0.07445813431608413,250.0
18.833333333333332,0.03701643549427855,10.0
18.833333333333332,0.040448399522077634,10.0
17.5,0.04452397102888871,100.0
14.166666666666666,0.0687923421506387,100.0
16.333333333333332,0.05334920707828151,60.0
18.166666666666668,0.03927622746380718,10.0
19.333333333333332,0.03507067190086036,100.0
14.333333333333334,0.07270514038363572,250.0
10.5,0.15520290759305638,250.0
1.1666666666666667,0.6705338621039604,100.0
21.166666666666668,0.02923551335851814,10.0
17.833333333333332,0.04064019986478099,100.0
13.0,0.1087525692950572,250.0
20.333333333333332,0.028446177740295522,10.0
17.5,0.05066757262493032,100.0
11.0,0.12144327541099406,250.0
10.666666666666666,0.1390877698827907,100.0
17.5,0.04006053304824754,250.0
12.0,0.11851501421784223,250.0
3.3333333333333335,0.4725559326979488,250.0
17.333333333333332,0.043207120138191495,10.0
15.333333333333334,0.05789942413822784,100.0
18.833333333333332,0.03122899174584801,10.0
20.0,0.02975326629366868,10.0
21.0,0.031003885072383046,10.0
14.0,0.08275532741429789,250.0
16.0,0.05001568953465571,100.0
17.0,0.04117864480971121,10.0
11.166666666666666,0.12284653493556653,100.0
18.666666666666668,0.03586315886422966,10.0
17.166666666666668,0.05153567224375074,250.0
19.666666666666668,0.03144163465048471,10.0
21.0,0.030384698869782737,10.0
19.5,0.036979149403937886,10.0
18.333333333333332,0.040732356723888426,10.0
15.5,0.05295790924906283,100.0
13.0,0.08256261574274604,250.0
18.166666666666668,0.03644437016809042,10.0
12.5,0.09380883950887182,10.0
16.5,0.04981794720879545,100.0
19.333333333333332,0.030954673539788747,100.0
19.333333333333332,0.03427229070953475,10.0
19.666666666666668,0.0309409593581768,100.0
20.0,0.03531327210690685,10.0
18.333333333333332,0.041773738961322616,10.0
19.166666666666668,0.03509692049863222,10.0
19.5,0.03366839333211269,100.0
2.8333333333333335,0.5671831869066528,250.0
7.0,0.25635621159114647,250.0
17.666666666666668,0.0383075433356873,10.0
18.666666666666668,0.04052463231148904,10.0
16.0,0.06116091144520216,100.0
20.5,0.03351022935109846,10.0
19.166666666666668,0.02921432590797707,10.0
14.833333333333334,0.06702545193030865,100.0
0.16666666666666666,1.0,250.0
12.0,0.11534148440843263,250.0
11.666666666666666,0.11167846459110135,250.0
19.833333333333332,0.03263127915591777,10.0
18.166666666666668,0.039999492612794424,10.0
21.833333333333332,0.029903960669983114,10.0
12.833333333333334,0.09316784662693259,100.0
3.0,0.4695504513810536,250.0
6.333333333333333,0.33025660024806625,10.0
14.333333333333334,0.06693059349982478,100.0
19.666666666666668,0.033523854458742716,10.0
20.5,0.03321138620674794,10.0
22.166666666666668,0.02818418450305618,10.0
19.5,0.03064990446557689,100.0
19.333333333333332,0.03669490856097399,100.0
13.166666666666666,0.09271265901095181,100.0
8.5,0.20860915103279026,100.0
11.166666666666666,0.11919915007142243,250.0
15.5,0.06454178047529174,250.0
17.333333333333332,0.04526332709548228,10.0
0.6666666666666666,1.0,250.0
15.666666666666666,0.05526086927339045,100.0
18.333333333333332,0.04176131309975321,10.0
5.5,0.24820076841872568,250.0
14.0,0.08556396241299093,100.0
19.666666666666668,0.03418364391995735,10.0
12.333333333333334,0.12715071242355888,100.0
0.3333333333333333,1.0,250.0
15.5,0.06587889431606164,100.0
13.333333333333334,0.08295382854520635,100.0
3.1666666666666665,0.40378398321833037,100.0
4.166666666666667,0.34096014025959953,250.0
19.166666666666668,0.035601871115590746,100.0
14.0,0.07580254471987752,100.0
6.166666666666667,0.2327158923088378,10.0
14.0,0.06269415558799284,10.0
20.0,0.030974363699022785,10.0
9.833333333333334,0.18215169122504588,250.0
15.833333333333334,0.05696817004356678,100.0
10.0,0.1386682488080194,100.0
9.333333333333334,0.1796703446951337,100.0
16.0,0.05529543637996501,100.0
8.333333333333334,0.2249145148396832,250.0
7.666666666666667,0.2742596100059312,100.0
14.833333333333334,0.06131460720466072,100.0
19.0,0.03642478379706524,10.0
13.0,0.09880268929010062,250.0
17.0,0.049798590184908224,10.0
19.166666666666668,0.03673078431797782,10.0
21.333333333333332,0.032414048236540795,10.0
10.5,0.14180462723037388,250.0
17.5,0.041318289643031456,10.0
18.833333333333332,0.03725989491648797,10.0
19.166666666666668,0.03597299320898578,10.0
13.666666666666666,0.08755260977466184,250.0
12.666666666666666,0.10022881288834637,100.0
18.0,0.03826230050639248,10.0
17.5,0.04256101758376278,10.0
14.0,0.07394202573969566,250.0
20.0,0.03406152123416781,10.0
3.8333333333333335,0.32980722246000604,100.0
14.333333333333334,0.061493703341566085,10.0
7.166666666666667,0.26325673630466917,100.0
9.5,0.18603347046877955,100.0
15.833333333333334,0.050750973792869976,250.0
18.333333333333332,0.041960145053824525,10.0
16.666666666666668,0.04816199717309287,100.0
16.333333333333332,0.04983354620539534,10.0
15.0,0.07538866042649804,250.0
6.833333333333333,0.27326353119459934,250.0
1.3333333333333333,0.3671765840427923,250.0
12.666666666666666,0.08817108718247968,250.0
9.5,0.1904480394044793,100.0
15.666666666666666,0.05506536900445091,10.0
18.5,0.040892003164927776,100.0
19.833333333333332,0.03151732957831101,10.0
11.0,0.1688937021016737,100.0
15.333333333333334,0.05322615698150728,100.0
20.333333333333332,0.030853888165506004,10.0
13.0,0.09312578431431943,100.0
17.833333333333332,0.03685765266804106,10.0
15.333333333333334,0.052994185281912465,100.0
0.3333333333333333,1.0,100.0
19.0,0.03612263553060191,10.0
8.333333333333334,0.21901966351739008,100.0
12.166666666666666,0.11711763895075268,100.0
7.666666666666667,0.2454327808266864,250.0
17.833333333333332,0.04350633216526302,10.0
11.166666666666666,0.12841564147667822,250.0
16.166666666666668,0.05399484615992165,100.0
20.666666666666668,0.030833367492324217,10.0
11.5,0.10503885284316106,10.0
14.166666666666666,0.0764697512385581,250.0
1.0,0.726417986281603,250.0
20.333333333333332,0.030724630934560748,100.0
8.166666666666666,0.23947524173647117,250.0
20.0,0.035870681637660454,100.0
15.333333333333334,0.05548127125752889,10.0
15.666666666666666,0.05491993917210965,10.0
17.166666666666668,0.04476958399767157,100.0
20.5,0.03210986806305641,10.0
19.166666666666668,0.03620663228237198,100.0
19.0,0.034071727069384675,100.0
14.833333333333334,0.06433003962167243,10.0
10.166666666666666,0.1763628110718545,250.0
18.5,0.03454880655411664,10.0
20.5,0.03510920595341119,10.0
19.166666666666668,0.038051082161495546,10.0
8.833333333333334,0.22027511551461187,250.0
2.6666666666666665,0.3855767280364272,250.0
7.0,0.3374429858448368,250.0
19.166666666666668,0.035505055268593,10.0
20.5,0.03231238224085962,10.0
15.0,0.06321024907786034,250.0
15.5,0.056197223752508636,100.0
14.666666666666666,0.05978336997242187,10.0
18.5,0.04284359597866536,10.0
16.166666666666668,0.04897362954607518,10.0
20.333333333333332,0.03414701710409315,10.0
19.5,0.03690107688310537,10.0
16.0,0.050439421369074644,10.0
9.5,0.17717056557394517,250.0
19.166666666666668,0.03563388872970661,100.0
16.5,0.05441091493355562,100.0
12.833333333333334,0.09310703940116462,100.0
20.0,0.0344471004696031,100.0
13.833333333333334,0.07883806444732128,250.0
16.333333333333332,0.05541236445682925,10.0
16.166666666666668,0.0565699374072828,10.0
0.5,1.0,250.0
17.0,0.0466670853560771,10.0
10.0,0.16308870657989172,250.0
17.333333333333332,0.042345299792351576,100.0
15.5,0.05287351789380492,100.0
18.666666666666668,0.03944123702428808,100.0
9.333333333333334,0.22635550561323844,250.0
14.833333333333334,0.05401183227300617,100.0
16.666666666666668,0.04169855598548565,100.0
18.5,0.040115988748653415,10.0
9.166666666666666,0.18091842548693954,250.0
20.333333333333332,0.026907423767046953,10.0
17.0,0.047333022819130176,100.0
21.0,0.029261106512235985,10.0
17.0,0.04752801961044755,100.0
5.833333333333333,0.2899266780930688,250.0
20.5,0.03085412053832508,10.0
6.166666666666667,0.2561797253768365,250.0
15.833333333333334,0.05740075852644667,100.0
22.0,0.028465095788065817,10.0
19.0,0.03695673556591124,10.0
20.5,0.030559977280862138,10.0
16.0,0.04587135898612018,100.0
14.833333333333334,0.06898570669939608,250.0
17.0,0.041583798195211824,10.0
12.333333333333334,0.11098827622287853,10.0
11.166666666666666,0.1223243373772742,250.0
12.666666666666666,0.09603913905861634,100.0
17.166666666666668,0.04357711215746987,100.0
18.833333333333332,0.03779641840692002,10.0
10.833333333333334,0.12577239961306294,250.0
11.5,0.10875574911785953,100.0
5.666666666666667,0.30305657890825005,250.0
10.333333333333334,0.1405978359909297,100.0
19.5,0.037078034058229604,10.0
14.166666666666666,0.06775575990077136,100.0
15.833333333333334,0.053754858969140784,10.0
9.0,0.1903523789199212,100.0
18.0,0.04434375103116776,100.0
0.3333333333333333,1.0,250.0
18.833333333333332,0.03519079618874325,10.0
17.166666666666668,0.042149689657773465,10.0
16.666666666666668,0.04724821261368245,10.0
20.833333333333332,0.02866787941105142,10.0
10.0,0.1517710690155646,100.0
17.0,0.05197230660774792,100.0
17.833333333333332,0.043983364331131085,10.0
19.5,0.0309536248681144,10.0
0.8333333333333334,0.8972584388809189,250.0
1.3333333333333333,0.5097608795031303,250.0
13.666666666666666,0.0998365474532328,250.0
16.0,0.05791442622909596,100.0
15.333333333333334,0.06367138110999929,10.0
17.333333333333332,0.04003487818253008,10.0
17.333333333333332,0.050632842395521814,250.0
16.333333333333332,0.04752990797528804,100.0
20.166666666666668,0.02887920488830663,10.0
9.0,0.19034567869518138,250.0
0.3333333333333333,1.0,250.0
17.5,0.04233944939990316,10.0
21.5,0.02903425105732118,10.0
14.333333333333334,0.0696838378230027,100.0
2.8333333333333335,0.5351661919327759,250.0
16.333333333333332,0.0564814873619949,250.0
16.5,0.047766211105286976,10.0
17.0,0.04320635721509796,10.0
17.5,0.04468708008832705,100.0
17.166666666666668,0.04665627744507442,10.0
13.5,0.0829596529979181,100.0
13.0,0.09158608050423589,100.0
13.0,0.07064226891603409,100.0
9.0,0.21923163781600194,100.0
19.666666666666668,0.03728898438670979,10.0
12.333333333333334,0.09625490962086566,250.0
3.5,0.4773464805881618,100.0
14.5,0.06780537622534154,100.0
21.0,0.03052300429951576,10.0
13.666666666666666,0.08891240236082315,10.0
0.16666666666666666,1.0,250.0
18.333333333333332,0.04482220969954485,10.0
9.333333333333334,0.14534503637543314,100.0
15.666666666666666,0.05719897719310487,100.0
15.0,0.06584684383970331,250.0
15.0,0.06502080765124232,250.0
17.333333333333332,0.04676003692660488,10.0
0.6666666666666666,1.0,100.0
21.0,0.03004273709481177,10.0
18.833333333333332,0.039448686689529035,100.0
14.166666666666666,0.07758588683836684,250.0
20.666666666666668,0.03012778658484251,10.0
17.333333333333332,0.0384336866151086,10.0
16.833333333333332,0.05324505562270192,10.0
9.333333333333334,0.175135521857039,250.0
8.666666666666666,0.1964833936730892,250.0
16.833333333333332,0.0521806969309736,10.0
21.666666666666668,0.03092446918212765,10.0
16.666666666666668,0.044758734427224334,100.0
1.0,0.585495709978181,250.0
19.666666666666668,0.034227202710634376,10.0
20.5,0.029674631026454925,10.0
18.5,0.041082929392356575,10.0
20.166666666666668,0.02996347235931082,100.0
18.666666666666668,0.03791356632197672,10.0
15.0,0.06505049488703042,100.0
0.3333333333333333,1.0,250.0
3.6666666666666665,0.47104226421913636,250.0
15.0,0.0661833990709564,100.0
17.5,0.04427152658668656,100.0
20.0,0.033268456536783814,10.0
17.166666666666668,0.03892505990502302,10.0
20.0,0.03133503771749059,100.0
16.166666666666668,0.051917733354626974,100.0
13.833333333333334,0.0782038031092721,100.0
14.833333333333334,0.06938929445762533,10.0
19.0,0.03694847126468683,100.0
1.5,0.5400159790527203,250.0
14.333333333333334,0.06997660391658712,10.0
16.333333333333332,0.045778402033927836,100.0
3.0,0.5733161936216273,250.0
19.333333333333332,0.03733333548329936,100.0
16.833333333333332,0.05064261811832922,250.0
15.666666666666666,0.050159340846015685,250.0
18.5,0.04052468691868376,10.0
14.666666666666666,0.06452975737962396,250.0
18.0,0.04009334939879884,10.0
17.166666666666668,0.04149249954675626,10.0
16.666666666666668,0.04544605215899108,250.0
17.166666666666668,0.048008050900709046,100.0
17.666666666666668,0.03826514315749628,10.0
13.666666666666666,0.07989563246268776,100.0
8.833333333333334,0.1698141694099169,100.0
18.666666666666668,0.034056581402862204,10.0
18.833333333333332,0.03829516425073724,10.0
13.833333333333334,0.08196475383982663,100.0
13.833333333333334,0.07410313611979576,10.0
18.333333333333332,0.04265684093997596,10.0
1.8333333333333333,0.6136639821958046,250.0
20.333333333333332,0.03141134318104967,10.0
13.0,0.08877774438311142,100.0
14.5,0.06704577266707959,100.0
0.16666666666666666,1.0,250.0
16.5,0.049350667421338236,250.0
2.0,0.7934248247171468,250.0
5.666666666666667,0.2793852006764406,10.0
19.166666666666668,0.02808734957328794,10.0
18.5,0.03862781130058951,10.0
17.0,0.05023820091393198,250.0
3.0,0.45028440133648556,250.0
18.5,0.03657575075183331,10.0
6.833333333333333,0.3200349728765764,250.0
21.0,0.02782885081117724,10.0
18.5,0.03535774064527586,10.0
13.5,0.08708262377820851,100.0
10.0,0.16656967317169116,250.0
9.5,0.17788189414550803,100.0
3.5,0.48556293758265534,250.0
16.666666666666668,0.05204416933820154,100.0
18.0,0.04610172177364837,10.0
13.166666666666666,0.093485119187612,100.0
9.5,0.20120642682899872,250.0
16.333333333333332,0.048397167906929564,100.0
13.0,0.07305371730841671,250.0
18.166666666666668,0.03693689822868098,10.0
17.166666666666668,0.043571268041024465,10.0
10.5,0.13648105766648105,250.0
17.666666666666668,0.04795689499906333,10.0
17.5,0.03638149158112597,10.0
15.666666666666666,0.05533416040040566,100.0
18.166666666666668,0.04307855874293306,10.0
17.666666666666668,0.03965118894076419,10.0
18.0,0.035730485552398605,100.0
11.333333333333334,0.11108452341897612,250.0
21.166666666666668,0.02864634430457102,10.0
11.666666666666666,0.10794675892179632,250.0
20.166666666666668,0.0336982864747734,10.0
17.166666666666668,0.04652909934671117,10.0
14.166666666666666,0.06358466958975653,10.0
22.0,0.02976214257700818,10.0
18.333333333333332,0.03577554053498149,10.0
18.333333333333332,0.041318931977316786,10.0
16.666666666666668,0.0551653346740794,10.0
0.5,1.0,250.0
15.666666666666666,0.05480066079667277,10.0
11.833333333333334,0.11828221523471215,100.0
16.0,0.05352385855756768,100.0
11.666666666666666,0.11950452304316599,250.0
18.666666666666668,0.033363548658979614,10.0
18.833333333333332,0.03729135022583897,10.0
20.166666666666668,0.03148580489266099,10.0
16.0,0.05497841478772136,100.0
5.833333333333333,0.36936173111604537,100.0
17.166666666666668,0.04838298890336755,100.0
13.666666666666666,0.08507427158599354,250.0
1.1666666666666667,0.6952966676777246,250.0
14.833333333333334,0.0676642103917098,10.0
10.666666666666666,0.13947088906797755,250.0
10.666666666666666,0.1472602059797279,250.0
18.666666666666668,0.036835551684148045,100.0
18.5,0.037696949273661524,10.0
4.0,0.30792612093206195,250.0
0.16666666666666666,1.0,250.0
9.5,0.17602935916107815,250.0
13.166666666666666,0.09339923851006611,100.0
15.666666666666666,0.062385163432795605,250.0
16.0,0.04978226534642957,100.0
16.5,0.05271938687798775,10.0
8.833333333333334,0.21406446698549852,250.0
16.333333333333332,0.060510436707297666,10.0
19.333333333333332,0.033327078473112455,100.0
18.333333333333332,0.0358113158883047,10.0
14.166666666666666,0.07620454009628165,100.0
16.166666666666668,0.057606792288472014,100.0
12.833333333333334,0.10102205947093924,250.0
5.0,0.37847462880418503,100.0
17.833333333333332,0.04051484858944074,10.0
16.666666666666668,0.04905025359809141,100.0
16.333333333333332,0.04751979430340642,100.0
0.3333333333333333,1.0,250.0
19.0,0.03283102947089666,10.0
4.666666666666667,0.29062173237542666,250.0
14.166666666666666,0.06904475076020228,250.0
18.333333333333332,0.04068958044081191,10.0
18.666666666666668,0.03705017427615794,10.0
20.0,0.03488095684320162,10.0
0.3333333333333333,1.0,250.0
18.5,0.03938682102343335,10.0
17.833333333333332,0.040631580142986144,10.0
14.5,0.06726555879655392,100.0
17.333333333333332,0.04794659735349877,10.0
18.833333333333332,0.03883151000209684,10.0
18.833333333333332,0.04087609262564826,10.0
10.0,0.18590196838137715,10.0
9.166666666666666,0.19444755335020186,100.0
18.0,0.04636107875857091,10.0
15.333333333333334,0.0634591421763512,10.0
1.8333333333333333,0.5177876563559846,100.0
3.8333333333333335,0.3823130980466351,100.0
7.5,0.23609441334538375,250.0
12.166666666666666,0.1270971554144592,250.0
17.666666666666668,0.042769207021101055,10.0
20.666666666666668,0.029984870171965695,10.0
17.0,0.04624443922144562,100.0
11.833333333333334,0.10884805089958301,10.0
7.833333333333333,0.2642203812084887,10.0
3.8333333333333335,0.48232032780301576,250.0
14.5,0.05858312152228841,10.0
18.833333333333332,0.04090163997694061,10.0
15.666666666666666,0.05621540969606284,60.0
15.166666666666666,0.05995844001040826,250.0
14.833333333333334,0.058633900546528804,100.0
13.333333333333334,0.0955581020690708,100.0
18.166666666666668,0.03906336665163713,10.0
12.833333333333334,0.08576859115050303,100.0
9.166666666666666,0.18049530421315813,10.0
6.833333333333333,0.24731475605023076,100.0
4.666666666666667,0.477438522625294,100.0
14.0,0.07805675982115172,250.0
18.333333333333332,0.04043552615882544,100.0
16.833333333333332,0.043992788017463265,100.0
17.666666666666668,0.045319920489021885,100.0
15.0,0.06401406224483315,100.0
13.666666666666666,0.06892821156146474,100.0
11.833333333333334,0.11619266000997718,100.0
16.166666666666668,0.054666524392558855,250.0
