force_level_mvc,selection_strategy,selection_seed,sample_size,fmin,fmax,isicv,normal_mean,dpn_mean,difference,wilcoxon_statistic,p_value,n_pairs,min_eligible_pool,median_eligible_pool,max_eligible_pool
20,seeded_random_10,20261000,10,5.0,15.0,0.3,12.168999999999999,11.704333333333334,-0.46466666666666684,345.5,0.004820254783038214,50,32,46.0,61
20,seeded_random_10,20261001,10,5.0,15.0,0.3,12.168,11.570333333333332,-0.5976666666666669,252.5,0.00020187076894412475,50,32,46.0,61
20,seeded_random_10,20261002,10,5.0,15.0,0.3,12.127,11.60533333333333,-0.5216666666666666,216.5,4.821298369060424e-05,50,32,46.0,61
20,seeded_random_10,20261003,10,5.0,15.0,0.3,12.261666666666667,11.638000000000002,-0.6236666666666668,236.5,0.0001838357261310409,50,32,46.0,61
20,seeded_random_10,20261004,10,5.0,15.0,0.3,12.011,11.662333333333333,-0.34866666666666646,405.0,0.024804972582505216,50,32,46.0,61
20,seeded_random_10,20261005,10,5.0,15.0,0.3,11.92966666666667,11.576333333333334,-0.35333333333333344,321.0,0.0022485012577514963,50,32,46.0,61
20,seeded_random_10,20261006,10,5.0,15.0,0.3,12.103333333333335,11.674666666666669,-0.42866666666666675,364.5,0.008403658103732507,50,32,46.0,61
20,seeded_random_10,20261007,10,5.0,15.0,0.3,12.103666666666665,11.618,-0.4856666666666664,295.0,0.0009454138112006715,50,32,46.0,61
20,seeded_random_10,20261008,10,5.0,15.0,0.3,12.104333333333335,11.732666666666667,-0.3716666666666666,309.0,0.0015181351390550835,50,32,46.0,61
20,seeded_random_10,20261009,10,5.0,15.0,0.3,12.05666666666667,11.571666666666665,-0.4850000000000002,327.0,0.0027229728499269077,50,32,46.0,61
20,seeded_random_10,20261010,10,5.0,15.0,0.3,11.913666666666666,11.609666666666667,-0.30399999999999955,439.0,0.0843733910111204,50,32,46.0,61
20,seeded_random_10,20261011,10,5.0,15.0,0.3,12.09066666666667,11.69233333333333,-0.39833333333333343,399.5,0.021590621737864808,50,32,46.0,61
20,seeded_random_10,20261012,10,5.0,15.0,0.3,12.119000000000003,11.758000000000003,-0.3609999999999998,385.0,0.014789980895554233,50,32,46.0,61
20,seeded_random_10,20261013,10,5.0,15.0,0.3,12.094666666666669,11.428000000000003,-0.6666666666666664,224.5,6.69365278859805e-05,50,32,46.0,61
20,seeded_random_10,20261014,10,5.0,15.0,0.3,12.054666666666664,11.637,-0.41766666666666674,317.5,0.002007495638394905,50,32,46.0,61
20,seeded_random_10,20261015,10,5.0,15.0,0.3,12.076333333333334,11.618666666666666,-0.457666666666667,309.0,0.0015183282159094357,50,32,46.0,61
20,seeded_random_10,20261016,10,5.0,15.0,0.3,11.963666666666665,11.651333333333332,-0.31233333333333313,429.5,0.06869812025455163,50,32,46.0,61
20,seeded_random_10,20261017,10,5.0,15.0,0.3,12.083,11.536000000000001,-0.5470000000000002,339.0,0.003956350868816718,50,32,46.0,61
20,seeded_random_10,20261018,10,5.0,15.0,0.3,12.189666666666668,11.593333333333335,-0.5963333333333332,293.5,0.0008975815279155134,50,32,46.0,61
20,seeded_random_10,20261019,10,5.0,15.0,0.3,12.122666666666667,11.660666666666668,-0.4619999999999998,276.0,0.00048356145432638524,50,32,46.0,61
20,seeded_random_10,20261020,10,5.0,15.0,0.3,12.145666666666665,11.92233333333333,-0.22333333333333344,524.0,0.27322764096606955,50,32,46.0,61
20,seeded_random_10,20261021,10,5.0,15.0,0.3,12.127333333333336,11.452,-0.6753333333333333,180.0,1.6900526130967638e-05,50,32,46.0,61
20,seeded_random_10,20261022,10,5.0,15.0,0.3,12.088333333333333,11.642333333333333,-0.4459999999999997,251.0,0.00032318598257975294,50,32,46.0,61
20,seeded_random_10,20261023,10,5.0,15.0,0.3,12.126333333333335,11.576999999999998,-0.5493333333333333,298.5,0.0010659384000702642,50,32,46.0,61
20,seeded_random_10,20261024,10,5.0,15.0,0.3,12.068,11.579666666666665,-0.4883333333333333,232.0,9.060191311373677e-05,50,32,46.0,61
20,seeded_random_10,20261025,10,5.0,15.0,0.3,12.088333333333333,11.545333333333334,-0.5430000000000001,266.0,0.0003354331971313705,50,32,46.0,61
20,seeded_random_10,20261026,10,5.0,15.0,0.3,12.210999999999999,11.67033333333333,-0.5406666666666666,281.0,0.000578554021149482,50,32,46.0,61
20,seeded_random_10,20261027,10,5.0,15.0,0.3,12.064333333333334,11.609999999999998,-0.45433333333333364,335.0,0.003498238415738592,50,32,46.0,61
20,seeded_random_10,20261028,10,5.0,15.0,0.3,12.164666666666665,11.383000000000003,-0.7816666666666666,172.0,7.000288316361021e-06,50,32,46.0,61
20,seeded_random_10,20261029,10,5.0,15.0,0.3,12.220666666666666,11.718666666666667,-0.5020000000000002,313.0,0.0017326633824477325,50,32,46.0,61
20,seeded_random_10,20261030,10,5.0,15.0,0.3,11.880000000000003,11.526666666666667,-0.3533333333333335,376.0,0.011589888008777844,50,32,46.0,61
20,seeded_random_10,20261031,10,5.0,15.0,0.3,12.300333333333334,11.516666666666666,-0.7836666666666665,117.5,5.172729283832033e-07,50,32,46.0,61
20,seeded_random_10,20261032,10,5.0,15.0,0.3,12.179000000000004,11.636333333333335,-0.5426666666666669,263.5,0.0003055642809142955,50,32,46.0,61
20,seeded_random_10,20261033,10,5.0,15.0,0.3,12.161000000000001,11.796666666666667,-0.36433333333333323,390.0,0.016881892141546534,50,32,46.0,61
20,seeded_random_10,20261034,10,5.0,15.0,0.3,12.038666666666668,11.762,-0.2766666666666666,424.5,0.039764756517301686,50,32,46.0,61
20,seeded_random_10,20261035,10,5.0,15.0,0.3,12.058000000000002,11.657666666666664,-0.40033333333333376,373.5,0.010819336240482888,50,32,46.0,61
20,seeded_random_10,20261036,10,5.0,15.0,0.3,12.132666666666669,11.567333333333334,-0.5653333333333331,248.0,0.00016993105632826297,50,32,46.0,61
20,seeded_random_10,20261037,10,5.0,15.0,0.3,12.193333333333337,11.620999999999997,-0.5723333333333336,278.5,0.0005290344312454096,50,32,46.0,61
20,seeded_random_10,20261038,10,5.0,15.0,0.3,12.177666666666669,11.76,-0.41766666666666696,319.5,0.003560905486143195,50,32,46.0,61
20,seeded_random_10,20261039,10,5.0,15.0,0.3,12.146,11.509666666666668,-0.6363333333333331,221.0,0.00016706553407935636,50,32,46.0,61
20,seeded_random_10,20261040,10,5.0,15.0,0.3,12.175666666666666,11.730999999999996,-0.4446666666666667,335.0,0.003498811243340649,50,32,46.0,61
20,seeded_random_10,20261041,10,5.0,15.0,0.3,12.049333333333331,11.622000000000003,-0.42733333333333307,421.5,0.037047358339636884,50,32,46.0,61
20,seeded_random_10,20261042,10,5.0,15.0,0.3,12.125,11.713999999999999,-0.4109999999999999,345.0,0.0077920369563528515,50,32,46.0,61
20,seeded_random_10,20261043,10,5.0,15.0,0.3,12.067,11.432,-0.6349999999999999,218.5,5.2353258223899476e-05,50,32,46.0,61
20,seeded_random_10,20261044,10,5.0,15.0,0.3,12.154000000000002,11.735333333333335,-0.41866666666666646,332.0,0.003186363685812443,50,32,46.0,61
20,seeded_random_10,20261045,10,5.0,15.0,0.3,12.248,11.640666666666666,-0.6073333333333333,245.0,0.00015126825728920286,50,32,46.0,61
20,seeded_random_10,20261046,10,5.0,15.0,0.3,12.062666666666665,11.777333333333333,-0.28533333333333294,460.5,0.1305200642965821,50,32,46.0,61
20,seeded_random_10,20261047,10,5.0,15.0,0.3,12.226666666666665,11.909999999999998,-0.3166666666666666,372.0,0.0167393396013803,50,32,46.0,61
20,seeded_random_10,20261048,10,5.0,15.0,0.3,12.014666666666665,11.693000000000001,-0.3216666666666667,432.0,0.04728256542085892,50,32,46.0,61
20,seeded_random_10,20261049,10,5.0,15.0,0.3,12.277000000000001,11.683333333333332,-0.5936666666666669,238.0,0.00011497642006714821,50,32,46.0,61
20,seeded_random_10,20261050,10,5.0,15.0,0.3,12.033000000000001,11.584000000000001,-0.4489999999999996,344.0,0.004606965162369556,50,32,46.0,61
20,seeded_random_10,20261051,10,5.0,15.0,0.3,12.253333333333332,11.608333333333333,-0.645,214.0,4.346678031093224e-05,50,32,46.0,61
20,seeded_random_10,20261052,10,5.0,15.0,0.3,12.018000000000002,11.544666666666666,-0.47333333333333344,292.0,0.0006207713421488847,50,32,46.0,61
20,seeded_random_10,20261053,10,5.0,15.0,0.3,12.142666666666663,11.646,-0.4966666666666669,285.5,0.0006787216881170612,50,32,46.0,61
20,seeded_random_10,20261054,10,5.0,15.0,0.3,12.075999999999999,11.588666666666665,-0.4873333333333339,348.0,0.00851109996567174,50,32,46.0,61
20,seeded_random_10,20261055,10,5.0,15.0,0.3,11.978000000000002,11.625333333333334,-0.35266666666666674,364.5,0.008403658103732507,50,32,46.0,61
20,seeded_random_10,20261056,10,5.0,15.0,0.3,12.235666666666667,11.747333333333334,-0.4883333333333331,297.5,0.0010301071474756243,50,32,46.0,61
20,seeded_random_10,20261057,10,5.0,15.0,0.3,12.237,11.507666666666669,-0.7293333333333333,205.5,3.0421326848428814e-05,50,32,46.0,61
20,seeded_random_10,20261058,10,5.0,15.0,0.3,12.148666666666665,11.795333333333334,-0.3533333333333333,335.0,0.0057723110224808406,50,32,46.0,61
20,seeded_random_10,20261059,10,5.0,15.0,0.3,12.124333333333334,11.739666666666666,-0.3846666666666665,373.0,0.010669170437912065,50,32,46.0,61
20,seeded_random_10,20261060,10,5.0,15.0,0.3,12.154000000000002,11.615333333333336,-0.5386666666666671,311.0,0.0016219848987436391,50,32,46.0,61
20,seeded_random_10,20261061,10,5.0,15.0,0.3,12.07933333333333,11.471333333333334,-0.6079999999999999,261.5,0.00028375498244655574,50,32,46.0,61
20,seeded_random_10,20261062,10,5.0,15.0,0.3,12.148666666666667,11.607333333333331,-0.5413333333333333,308.0,0.001468352876198469,50,32,46.0,61
20,seeded_random_10,20261063,10,5.0,15.0,0.3,11.849666666666664,11.674333333333333,-0.17533333333333348,495.5,0.17044306747917404,50,32,46.0,61
20,seeded_random_10,20261064,10,5.0,15.0,0.3,12.052333333333332,11.809666666666669,-0.24266666666666661,457.0,0.0814284404692865,50,32,46.0,61
20,seeded_random_10,20261065,10,5.0,15.0,0.3,12.070999999999996,11.502333333333333,-0.5686666666666663,309.5,0.0015438495256022912,50,32,46.0,61
20,seeded_random_10,20261066,10,5.0,15.0,0.3,12.126333333333331,11.594333333333333,-0.5320000000000001,319.0,0.003505179431575122,50,32,46.0,61
20,seeded_random_10,20261067,10,5.0,15.0,0.3,12.09233333333333,11.558666666666667,-0.5336666666666668,283.0,0.0006212414028350482,50,32,46.0,61
20,seeded_random_10,20261068,10,5.0,15.0,0.3,12.068333333333333,11.718333333333335,-0.3499999999999997,397.0,0.020249383046083883,50,32,46.0,61
20,seeded_random_10,20261069,10,5.0,15.0,0.3,12.181333333333333,11.602666666666666,-0.5786666666666664,232.0,9.057623493232476e-05,50,32,46.0,61
20,seeded_random_10,20261070,10,5.0,15.0,0.3,12.078666666666669,11.731999999999998,-0.34666666666666646,386.0,0.015187774073267638,50,32,46.0,61
20,seeded_random_10,20261071,10,5.0,15.0,0.3,12.182333333333334,11.630333333333335,-0.5520000000000002,261.5,0.0002836388075439085,50,32,46.0,61
20,seeded_random_10,20261072,10,5.0,15.0,0.3,12.113,11.678666666666665,-0.43433333333333307,365.5,0.008646530639927447,50,32,46.0,61
20,seeded_random_10,20261073,10,5.0,15.0,0.3,12.002666666666665,11.630999999999998,-0.3716666666666668,372.5,0.010521306510482713,50,32,46.0,61
20,seeded_random_10,20261074,10,5.0,15.0,0.3,12.187333333333333,11.588,-0.5993333333333329,223.0,6.297486741806157e-05,50,32,46.0,61
20,seeded_random_10,20261075,10,5.0,15.0,0.3,12.038666666666666,11.566999999999998,-0.4716666666666666,329.0,0.004799930988867057,50,32,46.0,61
20,seeded_random_10,20261076,10,5.0,15.0,0.3,12.234000000000002,11.609000000000002,-0.6249999999999999,248.5,0.00029362534429840684,50,32,46.0,61
20,seeded_random_10,20261077,10,5.0,15.0,0.3,12.131000000000002,11.782333333333334,-0.34866666666666674,342.0,0.00433662943342243,50,32,46.0,61
20,seeded_random_10,20261078,10,5.0,15.0,0.3,12.024666666666665,11.753666666666668,-0.2710000000000005,356.0,0.006578485716760933,50,32,46.0,61
20,seeded_random_10,20261079,10,5.0,15.0,0.3,12.195000000000002,11.584666666666667,-0.6103333333333335,248.5,0.00017319420051185614,50,32,46.0,61
20,seeded_random_10,20261080,10,5.0,15.0,0.3,12.214333333333334,11.783666666666665,-0.43066666666666664,352.5,0.005937148913814309,50,32,46.0,61
20,seeded_random_10,20261081,10,5.0,15.0,0.3,12.123333333333333,11.548666666666668,-0.5746666666666667,262.0,0.00028903658025769454,50,32,46.0,61
20,seeded_random_10,20261082,10,5.0,15.0,0.3,12.193,11.805666666666669,-0.3873333333333337,365.0,0.013816424394513197,50,32,46.0,61
20,seeded_random_10,20261083,10,5.0,15.0,0.3,12.186,11.711000000000002,-0.4750000000000001,317.5,0.002007495638394905,50,32,46.0,61
20,seeded_random_10,20261084,10,5.0,15.0,0.3,12.111999999999998,11.730666666666666,-0.3813333333333335,379.5,0.012753660783486139,50,32,46.0,61
20,seeded_random_10,20261085,10,5.0,15.0,0.3,12.070666666666666,11.683666666666666,-0.38699999999999973,367.5,0.009149536912949932,50,32,46.0,61
20,seeded_random_10,20261086,10,5.0,15.0,0.3,12.082666666666666,11.67633333333333,-0.4063333333333333,349.5,0.005431579186737339,50,32,46.0,61
20,seeded_random_10,20261087,10,5.0,15.0,0.3,12.171000000000001,11.731333333333332,-0.43966666666666643,280.0,0.0015824645213087598,50,32,46.0,61
20,seeded_random_10,20261088,10,5.0,15.0,0.3,12.136666666666665,11.611666666666668,-0.525,275.0,0.0004664221020022998,50,32,46.0,61
20,seeded_random_10,20261089,10,5.0,15.0,0.3,12.18,11.776666666666666,-0.40333333333333315,360.0,0.00738588784787852,50,32,46.0,61
20,seeded_random_10,20261090,10,5.0,15.0,0.3,12.089,11.639333333333333,-0.44966666666666655,339.5,0.006613673413102794,50,32,46.0,61
20,seeded_random_10,20261091,10,5.0,15.0,0.3,12.129000000000001,11.606333333333332,-0.5226666666666668,296.5,0.000995461234391963,50,32,46.0,61
20,seeded_random_10,20261092,10,5.0,15.0,0.3,11.992333333333336,11.802999999999999,-0.18933333333333366,482.0,0.1333313600207392,50,32,46.0,61
20,seeded_random_10,20261093,10,5.0,15.0,0.3,12.149999999999999,11.714,-0.4360000000000001,332.5,0.003236845691552142,50,32,46.0,61
20,seeded_random_10,20261094,10,5.0,15.0,0.3,12.175,11.728666666666665,-0.4463333333333332,285.0,0.0011225582084552137,50,32,46.0,61
20,seeded_random_10,20261095,10,5.0,15.0,0.3,12.236666666666663,11.64033333333333,-0.5963333333333335,324.0,0.002049094724295486,50,32,46.0,61
20,seeded_random_10,20261096,10,5.0,15.0,0.3,12.164000000000001,11.608333333333334,-0.5556666666666668,213.0,4.169791843913608e-05,50,32,46.0,61
20,seeded_random_10,20261097,10,5.0,15.0,0.3,11.899333333333335,11.62466666666667,-0.27466666666666684,395.0,0.04775532629976151,50,32,46.0,61
20,seeded_random_10,20261098,10,5.0,15.0,0.3,12.219000000000003,11.648666666666665,-0.5703333333333331,263.5,0.00030578734162501714,50,32,46.0,61
20,seeded_random_10,20261099,10,5.0,15.0,0.3,12.164000000000001,11.588999999999999,-0.5749999999999997,261.5,0.00028377822155827655,50,32,46.0,61
20,seeded_random_10,20261100,10,5.0,15.0,0.3,12.169,11.668333333333333,-0.500666666666667,216.5,4.8198308568657545e-05,50,32,46.0,61
20,seeded_random_10,20261101,10,5.0,15.0,0.3,12.125000000000002,11.589333333333332,-0.5356666666666666,315.0,0.0014846473444478647,50,32,46.0,61
20,seeded_random_10,20261102,10,5.0,15.0,0.3,12.061666666666666,11.531666666666665,-0.5300000000000002,312.0,0.0016769558972247512,50,32,46.0,61
20,seeded_random_10,20261103,10,5.0,15.0,0.3,12.088666666666665,11.662,-0.4266666666666668,319.0,0.002107561531055814,50,32,46.0,61
20,seeded_random_10,20261104,10,5.0,15.0,0.3,12.189999999999998,11.517333333333333,-0.6726666666666665,180.0,1.003460287319663e-05,50,32,46.0,61
20,seeded_random_10,20261105,10,5.0,15.0,0.3,12.139,11.738333333333333,-0.40066666666666684,362.0,0.00782401876920712,50,32,46.0,61
20,seeded_random_10,20261106,10,5.0,15.0,0.3,12.10233333333333,11.652666666666667,-0.4496666666666668,401.5,0.022711485462036895,50,32,46.0,61
20,seeded_random_10,20261107,10,5.0,15.0,0.3,12.213,11.606333333333334,-0.606666666666667,252.0,0.00011374680137699045,50,32,46.0,61
20,seeded_random_10,20261108,10,5.0,15.0,0.3,12.335999999999999,11.639666666666667,-0.6963333333333334,210.0,3.6769127809996907e-05,50,32,46.0,61
20,seeded_random_10,20261109,10,5.0,15.0,0.3,12.086000000000002,11.748000000000001,-0.33800000000000024,393.0,0.018259712697993608,50,32,46.0,61
20,seeded_random_10,20261110,10,5.0,15.0,0.3,12.10533333333333,11.601,-0.5043333333333333,342.5,0.004402944444755292,50,32,46.0,61
20,seeded_random_10,20261111,10,5.0,15.0,0.3,12.182333333333334,11.523666666666667,-0.6586666666666667,182.0,1.096839403685421e-05,50,32,46.0,61
20,seeded_random_10,20261112,10,5.0,15.0,0.3,12.045333333333334,11.461333333333332,-0.5839999999999999,309.5,0.0015438495256022912,50,32,46.0,61
20,seeded_random_10,20261113,10,5.0,15.0,0.3,12.133666666666665,11.539666666666667,-0.5940000000000001,277.5,0.0005104715382263487,50,32,46.0,61
20,seeded_random_10,20261114,10,5.0,15.0,0.3,12.149000000000001,11.625999999999998,-0.5229999999999998,331.0,0.002614123910062105,50,32,46.0,61
20,seeded_random_10,20261115,10,5.0,15.0,0.3,12.165666666666668,11.663333333333334,-0.5023333333333337,291.5,0.0008375627187749973,50,32,46.0,61
20,seeded_random_10,20261116,10,5.0,15.0,0.3,12.112333333333336,11.711666666666666,-0.4006666666666668,337.5,0.003778096516564245,50,32,46.0,61
20,seeded_random_10,20261117,10,5.0,15.0,0.3,12.312999999999999,11.536333333333332,-0.7766666666666667,163.0,4.638491844070522e-06,50,32,46.0,61
20,seeded_random_10,20261118,10,5.0,15.0,0.3,12.112333333333334,11.751666666666665,-0.3606666666666671,419.0,0.03492269109845425,50,32,46.0,61
20,seeded_random_10,20261119,10,5.0,15.0,0.3,12.255333333333331,11.524,-0.7313333333333337,127.0,8.302735254453683e-07,50,32,46.0,61
20,seeded_random_10,20261120,10,5.0,15.0,0.3,12.049666666666669,11.658666666666665,-0.39099999999999996,401.5,0.022713065793864437,50,32,46.0,61
20,seeded_random_10,20261121,10,5.0,15.0,0.3,12.107666666666667,11.441999999999998,-0.6656666666666667,213.0,4.168072811682553e-05,50,32,46.0,61
20,seeded_random_10,20261122,10,5.0,15.0,0.3,11.920000000000002,11.613666666666665,-0.3063333333333331,465.5,0.09683348464685065,50,32,46.0,61
20,seeded_random_10,20261123,10,5.0,15.0,0.3,11.948333333333332,11.693,-0.2553333333333334,462.0,0.09023295686870952,50,32,46.0,61
20,seeded_random_10,20261124,10,5.0,15.0,0.3,12.014666666666667,11.636666666666667,-0.37799999999999984,386.5,0.015393475028251433,50,32,46.0,61
20,seeded_random_10,20261125,10,5.0,15.0,0.3,12.353666666666665,11.595666666666666,-0.7579999999999998,170.0,1.4543591948523726e-06,50,32,46.0,61
20,seeded_random_10,20261126,10,5.0,15.0,0.3,12.225666666666669,11.692666666666666,-0.5330000000000001,287.5,0.001225358427668277,50,32,46.0,61
20,seeded_random_10,20261127,10,5.0,15.0,0.3,12.072333333333333,11.427333333333333,-0.6449999999999997,271.0,0.0002624791416003802,50,32,46.0,61
20,seeded_random_10,20261128,10,5.0,15.0,0.3,12.215333333333334,11.67333333333333,-0.5420000000000001,244.5,0.000148369524529933,50,32,46.0,61
20,seeded_random_10,20261129,10,5.0,15.0,0.3,12.209666666666667,11.701666666666664,-0.5080000000000001,342.5,0.004402714998898893,50,32,46.0,61
20,seeded_random_10,20261130,10,5.0,15.0,0.3,12.017999999999999,11.455666666666666,-0.5623333333333332,337.0,0.0037215906390180653,50,32,46.0,61
20,seeded_random_10,20261131,10,5.0,15.0,0.3,12.122333333333334,11.470999999999998,-0.6513333333333332,228.0,7.714204465975211e-05,50,32,46.0,61
20,seeded_random_10,20261132,10,5.0,15.0,0.3,12.167,11.599666666666668,-0.5673333333333331,265.5,0.0003293603425183764,50,32,46.0,61
20,seeded_random_10,20261133,10,5.0,15.0,0.3,12.219333333333333,11.716000000000001,-0.5033333333333332,305.0,0.0013281473070124133,50,32,46.0,61
20,seeded_random_10,20261134,10,5.0,15.0,0.3,12.28066666666667,11.463000000000001,-0.8176666666666668,146.0,2.089041998200067e-06,50,32,46.0,61
20,seeded_random_10,20261135,10,5.0,15.0,0.3,12.040666666666668,11.723999999999998,-0.3166666666666666,352.0,0.005850240445396472,50,32,46.0,61
20,seeded_random_10,20261136,10,5.0,15.0,0.3,12.152666666666669,11.593333333333332,-0.5593333333333333,283.0,0.0006211503195859073,50,32,46.0,61
20,seeded_random_10,20261137,10,5.0,15.0,0.3,12.181333333333335,11.785333333333334,-0.3959999999999998,383.0,0.014016303845191537,50,32,46.0,61
20,seeded_random_10,20261138,10,5.0,15.0,0.3,12.074000000000003,11.571666666666667,-0.5023333333333332,329.5,0.002946530282101868,50,32,46.0,61
20,seeded_random_10,20261139,10,5.0,15.0,0.3,12.164666666666667,11.521666666666668,-0.643,245.0,0.00015126825728920286,50,32,46.0,61
20,seeded_random_10,20261140,10,5.0,15.0,0.3,12.256666666666666,11.513666666666666,-0.7430000000000001,178.5,9.377039381030816e-06,50,32,46.0,61
20,seeded_random_10,20261141,10,5.0,15.0,0.3,12.030999999999997,11.697666666666667,-0.3333333333333334,399.0,0.021315600493477003,50,32,46.0,61
20,seeded_random_10,20261142,10,5.0,15.0,0.3,12.159666666666666,11.834666666666667,-0.32499999999999996,364.0,0.008285275011414961,50,32,46.0,61
20,seeded_random_10,20261143,10,5.0,15.0,0.3,12.199666666666667,11.652666666666667,-0.547,281.5,0.0005888750292351963,50,32,46.0,61
20,seeded_random_10,20261144,10,5.0,15.0,0.3,12.178999999999998,11.662666666666665,-0.5163333333333333,313.0,0.0017324479980604707,50,32,46.0,61
20,seeded_random_10,20261145,10,5.0,15.0,0.3,12.174666666666667,11.703999999999999,-0.4706666666666666,290.5,0.0008087993206268162,50,32,46.0,61
20,seeded_random_10,20261146,10,5.0,15.0,0.3,12.175666666666666,11.688333333333333,-0.4873333333333332,286.5,0.0007028661378937086,50,32,46.0,61
20,seeded_random_10,20261147,10,5.0,15.0,0.3,12.144333333333334,11.674000000000001,-0.47033333333333316,334.5,0.0034448111895941055,50,32,46.0,61
20,seeded_random_10,20261148,10,5.0,15.0,0.3,12.074666666666669,11.565666666666669,-0.5090000000000002,286.0,0.000690596052082271,50,32,46.0,61
20,seeded_random_10,20261149,10,5.0,15.0,0.3,12.033999999999999,11.663333333333332,-0.3706666666666669,381.5,0.013461315421126555,50,32,46.0,61
20,seeded_random_10,20261150,10,5.0,15.0,0.3,12.098999999999997,11.509,-0.59,281.0,0.000578554021149482,50,32,46.0,61
20,seeded_random_10,20261151,10,5.0,15.0,0.3,12.075999999999999,11.551666666666668,-0.5243333333333337,341.5,0.004271221222983447,50,32,46.0,61
20,seeded_random_10,20261152,10,5.0,15.0,0.3,12.070666666666664,11.511,-0.5596666666666669,292.5,0.0014567022164274316,50,32,46.0,61
20,seeded_random_10,20261153,10,5.0,15.0,0.3,12.088,11.565333333333335,-0.5226666666666666,312.0,0.0016762222440681817,50,32,46.0,61
20,seeded_random_10,20261154,10,5.0,15.0,0.3,12.038,11.550333333333333,-0.4876666666666669,288.5,0.0007543763017789126,50,32,46.0,61
20,seeded_random_10,20261155,10,5.0,15.0,0.3,12.032333333333334,11.731,-0.3013333333333337,390.5,0.02721770061084866,50,32,46.0,61
20,seeded_random_10,20261156,10,5.0,15.0,0.3,12.128666666666668,11.640666666666668,-0.48800000000000027,287.0,0.001203942178527226,50,32,46.0,61
20,seeded_random_10,20261157,10,5.0,15.0,0.3,12.111333333333333,11.769,-0.342333333333333,407.5,0.0263945061765601,50,32,46.0,61
20,seeded_random_10,20261158,10,5.0,15.0,0.3,12.244666666666667,11.456333333333331,-0.7883333333333331,179.5,1.6525061946698447e-05,50,32,46.0,61
20,seeded_random_10,20261159,10,5.0,15.0,0.3,12.165666666666667,11.754999999999997,-0.4106666666666667,384.0,0.023027087750177443,50,32,46.0,61
20,seeded_random_10,20261160,10,5.0,15.0,0.3,12.082666666666666,11.555666666666665,-0.5269999999999998,301.5,0.0011803099041242926,50,32,46.0,61
20,seeded_random_10,20261161,10,5.0,15.0,0.3,12.007333333333335,11.678666666666665,-0.3286666666666666,438.5,0.05472716638763549,50,32,46.0,61
20,seeded_random_10,20261162,10,5.0,15.0,0.3,12.138666666666667,11.58,-0.5586666666666668,189.0,1.4928029916907835e-05,50,32,46.0,61
20,seeded_random_10,20261163,10,5.0,15.0,0.3,12.040999999999999,11.51666666666667,-0.524333333333333,278.0,0.0005194996779429483,50,32,46.0,61
20,seeded_random_10,20261164,10,5.0,15.0,0.3,12.092,11.568666666666665,-0.5233333333333333,292.5,0.0008671509725944007,50,32,46.0,61
20,seeded_random_10,20261165,10,5.0,15.0,0.3,12.041666666666663,11.760666666666669,-0.2809999999999999,452.5,0.07412080241146982,50,32,46.0,61
20,seeded_random_10,20261166,10,5.0,15.0,0.3,12.029333333333334,11.674666666666665,-0.3546666666666667,405.0,0.024806653154170084,50,32,46.0,61
20,seeded_random_10,20261167,10,5.0,15.0,0.3,12.059000000000001,11.717,-0.34199999999999975,399.0,0.021315600493477003,50,32,46.0,61
20,seeded_random_10,20261168,10,5.0,15.0,0.3,12.095333333333336,11.778666666666666,-0.31666666666666654,417.0,0.03328962570206317,50,32,46.0,61
20,seeded_random_10,20261169,10,5.0,15.0,0.3,12.194333333333335,11.721333333333334,-0.4729999999999998,311.0,0.002707206763324835,50,32,46.0,61
20,seeded_random_10,20261170,10,5.0,15.0,0.3,12.153999999999998,11.612666666666666,-0.5413333333333332,222.5,6.169627639823727e-05,50,32,46.0,61
20,seeded_random_10,20261171,10,5.0,15.0,0.3,12.131666666666668,11.620666666666667,-0.5110000000000001,299.5,0.0018484430541136645,50,32,46.0,61
20,seeded_random_10,20261172,10,5.0,15.0,0.3,12.093666666666667,11.710666666666667,-0.38299999999999984,429.0,0.04414282590803331,50,32,46.0,61
20,seeded_random_10,20261173,10,5.0,15.0,0.3,12.09333333333333,11.614666666666666,-0.47866666666666674,346.0,0.004893727738598007,50,32,46.0,61
20,seeded_random_10,20261174,10,5.0,15.0,0.3,12.113333333333333,11.722999999999997,-0.39033333333333325,343.0,0.007344002022433212,50,32,46.0,61
20,seeded_random_10,20261175,10,5.0,15.0,0.3,12.177,11.763333333333332,-0.4136666666666667,346.5,0.004966948227568916,50,32,46.0,61
20,seeded_random_10,20261176,10,5.0,15.0,0.3,12.153666666666666,11.602333333333334,-0.5513333333333335,215.5,4.625647607946977e-05,50,32,46.0,61
20,seeded_random_10,20261177,10,5.0,15.0,0.3,12.12533333333333,11.752,-0.373333333333333,402.0,0.023004472374226752,50,32,46.0,61
20,seeded_random_10,20261178,10,5.0,15.0,0.3,12.097666666666667,11.552333333333333,-0.5453333333333333,301.5,0.0011806230394560656,50,32,46.0,61
20,seeded_random_10,20261179,10,5.0,15.0,0.3,12.142000000000001,11.838666666666665,-0.30333333333333357,434.0,0.049470878038425765,50,32,46.0,61
20,seeded_random_10,20261180,10,5.0,15.0,0.3,12.163666666666668,11.465333333333335,-0.6983333333333337,200.5,2.45791019136115e-05,50,32,46.0,61
20,seeded_random_10,20261181,10,5.0,15.0,0.3,12.117666666666667,11.649000000000001,-0.46866666666666673,349.0,0.005351378453410316,50,32,46.0,61
20,seeded_random_10,20261182,10,5.0,15.0,0.3,12.081000000000001,11.717666666666666,-0.36333333333333323,357.5,0.0068720674575658185,50,32,46.0,61
20,seeded_random_10,20261183,10,5.0,15.0,0.3,12.105666666666666,11.552666666666667,-0.5529999999999999,275.5,0.0004749377410615877,50,32,46.0,61
20,seeded_random_10,20261184,10,5.0,15.0,0.3,12.026333333333332,11.742666666666665,-0.2836666666666667,446.5,0.06520636509400966,50,32,46.0,61
20,seeded_random_10,20261185,10,5.0,15.0,0.3,12.094,11.727666666666666,-0.3663333333333337,379.0,0.012581464355409836,50,32,46.0,61
20,seeded_random_10,20261186,10,5.0,15.0,0.3,12.057,11.546666666666667,-0.5103333333333336,303.0,0.0012417362430703067,50,32,46.0,61
20,seeded_random_10,20261187,10,5.0,15.0,0.3,12.05,11.662666666666668,-0.3873333333333332,354.0,0.006204297753328277,50,32,46.0,61
20,seeded_random_10,20261188,10,5.0,15.0,0.3,12.031333333333334,11.602333333333334,-0.4289999999999998,351.0,0.0050721514649119115,50,32,46.0,61
20,seeded_random_10,20261189,10,5.0,15.0,0.3,12.117,11.483666666666668,-0.6333333333333333,209.5,3.600532246721925e-05,50,32,46.0,61
20,seeded_random_10,20261190,10,5.0,15.0,0.3,12.068666666666667,11.604,-0.46466666666666656,368.0,0.008587735636506721,50,32,46.0,61
20,seeded_random_10,20261191,10,5.0,15.0,0.3,12.211333333333336,11.563000000000002,-0.6483333333333333,236.5,0.00010836536670194473,50,32,46.0,61
20,seeded_random_10,20261192,10,5.0,15.0,0.3,12.054666666666668,11.519000000000004,-0.5356666666666662,245.5,0.0002615242462638005,50,32,46.0,61
20,seeded_random_10,20261193,10,5.0,15.0,0.3,12.071666666666667,11.626,-0.44566666666666666,294.0,0.0009132917343293038,50,32,46.0,61
20,seeded_random_10,20261194,10,5.0,15.0,0.3,12.174333333333331,11.588999999999999,-0.5853333333333332,270.5,0.0006689566560506921,50,32,46.0,61
20,seeded_random_10,20261195,10,5.0,15.0,0.3,12.17066666666667,11.622,-0.5486666666666671,273.0,0.0004337304466921076,50,32,46.0,61
20,seeded_random_10,20261196,10,5.0,15.0,0.3,12.119333333333332,11.560333333333332,-0.5590000000000004,270.5,0.00039581810566581555,50,32,46.0,61
20,seeded_random_10,20261197,10,5.0,15.0,0.3,12.104666666666665,11.601666666666667,-0.5029999999999998,302.5,0.0012208596869538277,50,32,46.0,61
20,seeded_random_10,20261198,10,5.0,15.0,0.3,12.058666666666666,11.591000000000001,-0.4676666666666667,338.0,0.0038380579892290543,50,32,46.0,61
20,seeded_random_10,20261199,10,5.0,15.0,0.3,12.163,11.819666666666663,-0.34333333333333355,410.0,0.02808237590183069,50,32,46.0,61
20,seeded_random_10,20261200,10,5.0,15.0,0.3,12.118333333333332,11.659333333333334,-0.45900000000000035,328.0,0.002810627389208458,50,32,46.0,61
20,seeded_random_10,20261201,10,5.0,15.0,0.3,12.043333333333335,11.819333333333335,-0.22400000000000003,492.0,0.16014722233944534,50,32,46.0,61
20,seeded_random_10,20261202,10,5.0,15.0,0.3,12.060333333333332,11.641000000000002,-0.4193333333333334,333.5,0.0033392627083586282,50,32,46.0,61
20,seeded_random_10,20261203,10,5.0,15.0,0.3,12.078666666666669,11.654666666666667,-0.4240000000000003,327.5,0.002766404171064021,50,32,46.0,61
20,seeded_random_10,20261204,10,5.0,15.0,0.3,12.116666666666665,11.558666666666666,-0.5580000000000002,259.5,0.00044565226989189355,50,32,46.0,61
20,seeded_random_10,20261205,10,5.0,15.0,0.3,12.018999999999998,11.799333333333333,-0.21966666666666643,477.5,0.12245476701747708,50,32,46.0,61
20,seeded_random_10,20261206,10,5.0,15.0,0.3,12.030666666666667,11.696999999999997,-0.33366666666666656,381.5,0.013464025011784255,50,32,46.0,61
20,seeded_random_10,20261207,10,5.0,15.0,0.3,12.206,11.582666666666666,-0.6233333333333337,250.0,0.000183468720826141,50,32,46.0,61
20,seeded_random_10,20261208,10,5.0,15.0,0.3,12.151000000000002,11.680666666666664,-0.4703333333333336,297.0,0.00169878182880021,50,32,46.0,61
20,seeded_random_10,20261209,10,5.0,15.0,0.3,12.218666666666666,11.720999999999998,-0.4976666666666664,290.0,0.0013360501489529128,50,32,46.0,61
20,seeded_random_10,20261210,10,5.0,15.0,0.3,12.136666666666667,11.583000000000002,-0.5536666666666666,208.5,5.849369674425223e-05,50,32,46.0,61
20,seeded_random_10,20261211,10,5.0,15.0,0.3,12.18,11.705666666666668,-0.4743333333333334,335.5,0.0035529998598112416,50,32,46.0,61
20,seeded_random_10,20261212,10,5.0,15.0,0.3,12.195000000000002,11.687333333333335,-0.507666666666667,310.5,0.0015957785040885087,50,32,46.0,61
20,seeded_random_10,20261213,10,5.0,15.0,0.3,12.372666666666667,11.569333333333335,-0.8033333333333335,208.0,3.381753410509024e-05,50,32,46.0,61
20,seeded_random_10,20261214,10,5.0,15.0,0.3,12.223000000000003,11.581333333333331,-0.6416666666666668,226.0,0.00020484361849024414,50,32,46.0,61
20,seeded_random_10,20261215,10,5.0,15.0,0.3,12.245,11.631999999999998,-0.613,137.0,1.3539732643255439e-06,50,32,46.0,61
20,seeded_random_10,20261216,10,5.0,15.0,0.3,12.138666666666664,11.776666666666667,-0.3619999999999996,340.5,0.00414242593712859,50,32,46.0,61
20,seeded_random_10,20261217,10,5.0,15.0,0.3,12.139333333333333,11.658333333333333,-0.48100000000000065,295.0,0.0009453488343406407,50,32,46.0,61
20,seeded_random_10,20261218,10,5.0,15.0,0.3,12.018999999999998,11.613666666666665,-0.40533333333333327,311.5,0.0016494151612101093,50,32,46.0,61
20,seeded_random_10,20261219,10,5.0,15.0,0.3,12.129666666666662,11.516333333333334,-0.6133333333333332,245.5,0.00015424761059696425,50,32,46.0,61
20,seeded_random_10,20261220,10,5.0,15.0,0.3,11.982666666666667,11.662666666666667,-0.32000000000000006,414.5,0.03133980241145024,50,32,46.0,61
20,seeded_random_10,20261221,10,5.0,15.0,0.3,12.210666666666668,11.649999999999999,-0.5606666666666668,228.0,7.71568976632145e-05,50,32,46.0,61
20,seeded_random_10,20261222,10,5.0,15.0,0.3,12.054333333333334,11.631999999999998,-0.42233333333333356,378.5,0.012411839716375016,50,32,46.0,61
20,seeded_random_10,20261223,10,5.0,15.0,0.3,12.191666666666668,11.638,-0.5536666666666666,274.0,0.00044981649317315186,50,32,46.0,61
20,seeded_random_10,20261224,10,5.0,15.0,0.3,12.148666666666667,11.568,-0.5806666666666667,242.0,0.00013458362750326923,50,32,46.0,61
20,seeded_random_10,20261225,10,5.0,15.0,0.3,12.152000000000001,11.59066666666667,-0.5613333333333337,211.5,3.914578854345923e-05,50,32,46.0,61
20,seeded_random_10,20261226,10,5.0,15.0,0.3,12.164666666666669,11.730666666666668,-0.4339999999999998,344.5,0.004677494248080849,50,32,46.0,61
20,seeded_random_10,20261227,10,5.0,15.0,0.3,12.047333333333334,11.625333333333334,-0.4220000000000001,367.0,0.009020993898662793,50,32,46.0,61
20,seeded_random_10,20261228,10,5.0,15.0,0.3,12.252333333333333,11.555,-0.6973333333333332,244.0,0.00014545825695083873,50,32,46.0,61
20,seeded_random_10,20261229,10,5.0,15.0,0.3,12.125000000000002,11.488333333333333,-0.636666666666667,255.5,0.00022632592322215878,50,32,46.0,61
20,seeded_random_10,20261230,10,5.0,15.0,0.3,12.085,11.646333333333333,-0.4386666666666666,294.5,0.0009291281660036434,50,32,46.0,61
20,seeded_random_10,20261231,10,5.0,15.0,0.3,12.205,11.564666666666668,-0.6403333333333334,217.0,4.923038040655522e-05,50,32,46.0,61
20,seeded_random_10,20261232,10,5.0,15.0,0.3,11.97633333333333,11.739666666666666,-0.23666666666666697,421.0,0.03661709284600558,50,32,46.0,61
20,seeded_random_10,20261233,10,5.0,15.0,0.3,12.132,11.827,-0.3049999999999999,416.5,0.051208304348243874,50,32,46.0,61
20,seeded_random_10,20261234,10,5.0,15.0,0.3,12.057333333333334,11.692,-0.3653333333333333,397.0,0.020252297759774,50,32,46.0,61
20,seeded_random_10,20261235,10,5.0,15.0,0.3,12.249333333333333,11.729333333333335,-0.5199999999999997,205.0,5.041968685512055e-05,50,32,46.0,61
20,seeded_random_10,20261236,10,5.0,15.0,0.3,12.105666666666666,11.524666666666667,-0.5809999999999996,300.0,0.0011220019771839497,50,32,46.0,61
20,seeded_random_10,20261237,10,5.0,15.0,0.3,11.992666666666667,11.542333333333334,-0.4503333333333332,337.5,0.003778908955572295,50,32,46.0,61
20,seeded_random_10,20261238,10,5.0,15.0,0.3,12.134333333333332,11.802333333333332,-0.332,399.0,0.021316356114462295,50,32,46.0,61
20,seeded_random_10,20261239,10,5.0,15.0,0.3,12.174666666666665,11.712666666666669,-0.462,267.0,0.0003480892100474568,50,32,46.0,61
20,seeded_random_10,20261240,10,5.0,15.0,0.3,12.133999999999999,11.465000000000002,-0.6690000000000004,206.5,3.173291563488063e-05,50,32,46.0,61
20,seeded_random_10,20261241,10,5.0,15.0,0.3,12.168000000000001,11.618666666666666,-0.5493333333333337,261.5,0.00028377822155827655,50,32,46.0,61
20,seeded_random_10,20261242,10,5.0,15.0,0.3,12.298666666666668,11.567,-0.7316666666666666,146.5,2.1379684865464577e-06,50,32,46.0,61
20,seeded_random_10,20261243,10,5.0,15.0,0.3,12.102333333333334,11.619333333333337,-0.48300000000000026,326.5,0.0026798574429270673,50,32,46.0,61
20,seeded_random_10,20261244,10,5.0,15.0,0.3,12.083,11.620000000000003,-0.46299999999999986,269.5,0.00038166454454278286,50,32,46.0,61
20,seeded_random_10,20261245,10,5.0,15.0,0.3,12.22766666666667,11.649666666666668,-0.5779999999999998,263.5,0.00030566340452137296,50,32,46.0,61
20,seeded_random_10,20261246,10,5.0,15.0,0.3,12.03466666666667,11.520666666666665,-0.5139999999999998,271.5,0.00041062119623211753,50,32,46.0,61
20,seeded_random_10,20261247,10,5.0,15.0,0.3,12.162333333333336,11.532,-0.6303333333333333,208.5,9.926377436430509e-05,50,32,46.0,61
20,seeded_random_10,20261248,10,5.0,15.0,0.3,12.104000000000001,11.552666666666664,-0.5513333333333332,286.0,0.0006909449406366776,50,32,46.0,61
20,seeded_random_10,20261249,10,5.0,15.0,0.3,12.144,11.568999999999999,-0.5749999999999998,220.5,5.68517254123589e-05,50,32,46.0,61
20,seeded_random_10,20261250,10,5.0,15.0,0.3,12.134666666666664,11.652333333333333,-0.4823333333333337,263.0,0.0005077315425000912,50,32,46.0,61
20,seeded_random_10,20261251,10,5.0,15.0,0.3,12.035666666666668,11.581333333333335,-0.45433333333333353,327.5,0.002766404171064021,50,32,46.0,61
20,seeded_random_10,20261252,10,5.0,15.0,0.3,12.207666666666666,11.588333333333335,-0.6193333333333334,230.5,0.00014474657552559275,50,32,46.0,61
20,seeded_random_10,20261253,10,5.0,15.0,0.3,12.159,11.711666666666668,-0.44733333333333336,356.5,0.006675386806968426,50,32,46.0,61
20,seeded_random_10,20261254,10,5.0,15.0,0.3,12.072000000000001,11.700666666666667,-0.3713333333333335,420.5,0.03619003148141548,50,32,46.0,61
20,seeded_random_10,20261255,10,5.0,15.0,0.3,12.025666666666668,11.818,-0.20766666666666705,505.5,0.20257304136209664,50,32,46.0,61
20,seeded_random_10,20261256,10,5.0,15.0,0.3,12.108333333333334,11.66966666666667,-0.4386666666666665,305.5,0.0013508851733187864,50,32,46.0,61
20,seeded_random_10,20261257,10,5.0,15.0,0.3,12.188999999999998,11.60966666666667,-0.5793333333333335,285.5,0.0006785252998533323,50,32,46.0,61
20,seeded_random_10,20261258,10,5.0,15.0,0.3,12.216000000000001,11.572000000000001,-0.6440000000000002,193.5,1.818529544902534e-05,50,32,46.0,61
20,seeded_random_10,20261259,10,5.0,15.0,0.3,12.118666666666668,11.664333333333333,-0.45433333333333314,309.0,0.0015180386065792935,50,32,46.0,61
20,seeded_random_10,20261260,10,5.0,15.0,0.3,11.940666666666665,11.564666666666668,-0.3760000000000004,400.5,0.02214371394200333,50,32,46.0,61
20,seeded_random_10,20261261,10,5.0,15.0,0.3,12.113333333333333,11.582666666666666,-0.530666666666667,281.5,0.0005890491128149302,50,32,46.0,61
20,seeded_random_10,20261262,10,5.0,15.0,0.3,12.000666666666667,11.65933333333333,-0.3413333333333332,340.5,0.00414242593712859,50,32,46.0,61
20,seeded_random_10,20261263,10,5.0,15.0,0.3,12.148666666666665,11.544666666666666,-0.6040000000000001,227.5,7.559276569467907e-05,50,32,46.0,61
20,seeded_random_10,20261264,10,5.0,15.0,0.3,12.018999999999998,11.817,-0.20200000000000007,485.0,0.14098481133934285,50,32,46.0,61
20,seeded_random_10,20261265,10,5.0,15.0,0.3,12.104333333333335,11.687999999999999,-0.41633333333333356,330.5,0.003040720673919844,50,32,46.0,61
20,seeded_random_10,20261266,10,5.0,15.0,0.3,12.1,11.59233333333333,-0.5076666666666666,284.0,0.0006436204219167681,50,32,46.0,61
20,seeded_random_10,20261267,10,5.0,15.0,0.3,12.156666666666668,11.633333333333333,-0.5233333333333331,306.0,0.0013735366474127253,50,32,46.0,61
20,seeded_random_10,20261268,10,5.0,15.0,0.3,12.136666666666665,11.518999999999998,-0.6176666666666667,273.5,0.00044168813101761535,50,32,46.0,61
20,seeded_random_10,20261269,10,5.0,15.0,0.3,12.054666666666664,11.619666666666667,-0.43500000000000016,334.0,0.0033917564213319473,50,32,46.0,61
20,seeded_random_10,20261270,10,5.0,15.0,0.3,12.056000000000001,11.631666666666666,-0.4243333333333337,365.0,0.008524321706419612,50,32,46.0,61
20,seeded_random_10,20261271,10,5.0,15.0,0.3,12.031,11.676333333333334,-0.35466666666666674,384.0,0.023023699284832055,50,32,46.0,61
20,seeded_random_10,20261272,10,5.0,15.0,0.3,12.271,11.499666666666664,-0.7713333333333332,177.0,8.773394621327368e-06,50,32,46.0,61
20,seeded_random_10,20261273,10,5.0,15.0,0.3,12.175999999999998,11.48466666666667,-0.6913333333333332,143.0,3.0057263227753742e-06,50,32,46.0,61
20,seeded_random_10,20261274,10,5.0,15.0,0.3,12.238333333333333,11.545333333333334,-0.6930000000000004,190.0,1.5608741101256203e-05,50,32,46.0,61
20,seeded_random_10,20261275,10,5.0,15.0,0.3,12.05,11.645666666666665,-0.40433333333333366,378.0,0.0122432354828053,50,32,46.0,61
20,seeded_random_10,20261276,10,5.0,15.0,0.3,12.180000000000001,11.51633333333333,-0.6636666666666668,225.5,6.971877118763701e-05,50,32,46.0,61
20,seeded_random_10,20261277,10,5.0,15.0,0.3,12.109000000000004,11.563000000000002,-0.5460000000000003,309.5,0.001543653763366604,50,32,46.0,61
20,seeded_random_10,20261278,10,5.0,15.0,0.3,12.077666666666666,11.677666666666667,-0.3999999999999999,333.0,0.003287872567357913,50,32,46.0,61
20,seeded_random_10,20261279,10,5.0,15.0,0.3,12.040999999999999,11.463333333333333,-0.5776666666666667,282.0,0.000599411650175142,50,32,46.0,61
20,seeded_random_10,20261280,10,5.0,15.0,0.3,12.13533333333333,11.726999999999999,-0.40833333333333344,360.5,0.007495831492107102,50,32,46.0,61
20,seeded_random_10,20261281,10,5.0,15.0,0.3,12.153666666666663,11.626333333333337,-0.5273333333333331,301.5,0.001180388182813693,50,32,46.0,61
20,seeded_random_10,20261282,10,5.0,15.0,0.3,12.061333333333332,11.616,-0.4453333333333333,297.0,0.0010126814205514928,50,32,46.0,61
20,seeded_random_10,20261283,10,5.0,15.0,0.3,11.993999999999998,11.638666666666664,-0.3553333333333337,347.5,0.005118185938624057,50,32,46.0,61
20,seeded_random_10,20261284,10,5.0,15.0,0.3,12.100999999999999,11.802333333333333,-0.2986666666666667,437.5,0.053522857494159144,50,32,46.0,61
20,seeded_random_10,20261285,10,5.0,15.0,0.3,12.04,11.643999999999998,-0.39599999999999996,366.5,0.008894064406931967,50,32,46.0,61
20,seeded_random_10,20261286,10,5.0,15.0,0.3,12.239333333333335,11.552,-0.6873333333333334,251.5,0.00019436454162956966,50,32,46.0,61
20,seeded_random_10,20261287,10,5.0,15.0,0.3,12.057666666666666,11.491666666666665,-0.5660000000000003,304.0,0.0012842289614678035,50,32,46.0,61
20,seeded_random_10,20261288,10,5.0,15.0,0.3,12.10866666666667,11.690333333333333,-0.4183333333333335,291.0,0.0008230067304271331,50,32,46.0,61
20,seeded_random_10,20261289,10,5.0,15.0,0.3,12.195666666666666,11.606333333333334,-0.5893333333333333,227.0,7.409441870922961e-05,50,32,46.0,61
20,seeded_random_10,20261290,10,5.0,15.0,0.3,12.240666666666668,11.512666666666666,-0.7280000000000001,205.5,5.152514113527109e-05,50,32,46.0,61
20,seeded_random_10,20261291,10,5.0,15.0,0.3,12.20266666666667,11.703666666666665,-0.49900000000000005,270.0,0.00038860484600411927,50,32,46.0,61
20,seeded_random_10,20261292,10,5.0,15.0,0.3,11.996666666666668,11.623666666666665,-0.373,329.5,0.004875386185762581,50,32,46.0,61
20,seeded_random_10,20261293,10,5.0,15.0,0.3,12.13,11.79,-0.3399999999999997,417.5,0.033689315044600175,50,32,46.0,61
20,seeded_random_10,20261294,10,5.0,15.0,0.3,12.299333333333331,11.781666666666665,-0.5176666666666668,320.5,0.002212051443080594,50,32,46.0,61
20,seeded_random_10,20261295,10,5.0,15.0,0.3,12.283,11.671666666666663,-0.6113333333333333,264.5,0.00031726663258666276,50,32,46.0,61
20,seeded_random_10,20261296,10,5.0,15.0,0.3,12.192333333333334,11.492666666666667,-0.6996666666666664,175.0,8.019323247641967e-06,50,32,46.0,61
20,seeded_random_10,20261297,10,5.0,15.0,0.3,12.083333333333336,11.56033333333333,-0.523,302.0,0.0012004662679087745,50,32,46.0,61
20,seeded_random_10,20261298,10,5.0,15.0,0.3,12.206,11.610333333333331,-0.5956666666666666,233.0,0.0001599937631283793,50,32,46.0,61
20,seeded_random_10,20261299,10,5.0,15.0,0.3,12.260666666666665,11.606333333333334,-0.6543333333333335,221.0,5.7983206369501874e-05,50,32,46.0,61
20,seeded_random_10,20261300,10,5.0,15.0,0.3,12.013666666666667,11.71733333333333,-0.2963333333333332,451.0,0.07237748012944856,50,32,46.0,61
20,seeded_random_10,20261301,10,5.0,15.0,0.3,12.158666666666669,11.665333333333333,-0.4933333333333334,352.0,0.005849953336195398,50,32,46.0,61
20,seeded_random_10,20261302,10,5.0,15.0,0.3,12.130666666666668,11.682666666666664,-0.4479999999999996,317.5,0.0020076172202815067,50,32,46.0,61
20,seeded_random_10,20261303,10,5.0,15.0,0.3,12.076333333333334,11.727666666666666,-0.3486666666666667,290.5,0.0013585008676363062,50,32,46.0,61
20,seeded_random_10,20261304,10,5.0,15.0,0.3,12.185666666666664,11.651666666666667,-0.534,290.5,0.0008089132566688535,50,32,46.0,61
20,seeded_random_10,20261305,10,5.0,15.0,0.3,12.128333333333332,11.729333333333335,-0.3990000000000001,415.5,0.03210785446822627,50,32,46.0,61
20,seeded_random_10,20261306,10,5.0,15.0,0.3,12.238666666666665,11.652666666666667,-0.5860000000000002,228.0,7.71568976632145e-05,50,32,46.0,61
20,seeded_random_10,20261307,10,5.0,15.0,0.3,12.218000000000002,11.711666666666668,-0.5063333333333336,293.5,0.0008974571342739655,50,32,46.0,61
20,seeded_random_10,20261308,10,5.0,15.0,0.3,12.145,11.626333333333335,-0.5186666666666666,311.0,0.0016224948379440027,50,32,46.0,61
20,seeded_random_10,20261309,10,5.0,15.0,0.3,12.242333333333333,11.616,-0.6263333333333333,204.0,2.8545570127441495e-05,50,32,46.0,61
20,seeded_random_10,20261310,10,5.0,15.0,0.3,12.197333333333333,11.587000000000003,-0.6103333333333337,204.0,8.197034852325449e-05,50,32,46.0,61
20,seeded_random_10,20261311,10,5.0,15.0,0.3,12.033999999999999,11.686333333333332,-0.34766666666666685,385.0,0.01478591596590956,50,32,46.0,61
20,seeded_random_10,20261312,10,5.0,15.0,0.3,12.228,11.543999999999999,-0.684,192.0,1.7036649895824982e-05,50,32,46.0,61
20,seeded_random_10,20261313,10,5.0,15.0,0.3,12.165666666666667,11.629333333333333,-0.5363333333333337,281.5,0.0005889185467801803,50,32,46.0,61
20,seeded_random_10,20261314,10,5.0,15.0,0.3,12.158000000000001,11.697666666666667,-0.46033333333333376,385.5,0.014989179294240394,50,32,46.0,61
20,seeded_random_10,20261315,10,5.0,15.0,0.3,12.019666666666668,11.632666666666669,-0.387,327.0,0.0045107815716006255,50,32,46.0,61
20,seeded_random_10,20261316,10,5.0,15.0,0.3,12.04566666666667,11.673666666666666,-0.3719999999999999,326.0,0.004372814249261942,50,32,46.0,61
20,seeded_random_10,20261317,10,5.0,15.0,0.3,12.101999999999999,11.645999999999999,-0.45600000000000007,358.0,0.006971525063219735,50,32,46.0,61
20,seeded_random_10,20261318,10,5.0,15.0,0.3,12.149333333333335,11.660666666666666,-0.48866666666666647,361.5,0.007713692280690672,50,32,46.0,61
20,seeded_random_10,20261319,10,5.0,15.0,0.3,12.146333333333335,11.540000000000003,-0.6063333333333332,180.0,1.0029829680206884e-05,50,32,46.0,61
20,seeded_random_10,20261320,10,5.0,15.0,0.3,12.185333333333332,11.553666666666668,-0.6316666666666666,267.5,0.0005994589309375553,50,32,46.0,61
20,seeded_random_10,20261321,10,5.0,15.0,0.3,12.052666666666667,11.644,-0.4086666666666669,389.5,0.01666198557653335,50,32,46.0,61
20,seeded_random_10,20261322,10,5.0,15.0,0.3,12.211666666666668,11.68233333333333,-0.5293333333333333,227.5,0.000128258140512814,50,32,46.0,61
20,seeded_random_10,20261323,10,5.0,15.0,0.3,12.223333333333334,11.652000000000001,-0.5713333333333332,267.5,0.00035456927279120347,50,32,46.0,61
20,seeded_random_10,20261324,10,5.0,15.0,0.3,11.948666666666668,11.732333333333333,-0.21633333333333338,483.5,0.13711690062016643,50,32,46.0,61
20,seeded_random_10,20261325,10,5.0,15.0,0.3,12.04833333333333,11.520333333333333,-0.528,291.5,0.0014073429840948284,50,32,46.0,61
20,seeded_random_10,20261326,10,5.0,15.0,0.3,12.333666666666666,11.659666666666666,-0.674,203.0,2.7356721442046948e-05,50,32,46.0,61
20,seeded_random_10,20261327,10,5.0,15.0,0.3,12.152000000000003,11.819666666666667,-0.3323333333333335,417.0,0.033284492678889215,50,32,46.0,61
20,seeded_random_10,20261328,10,5.0,15.0,0.3,12.196666666666667,11.519333333333334,-0.6773333333333333,227.5,7.56073545292755e-05,50,32,46.0,61
20,seeded_random_10,20261329,10,5.0,15.0,0.3,12.137666666666664,11.715666666666666,-0.4220000000000003,344.0,0.004607203019727676,50,32,46.0,61
20,seeded_random_10,20261330,10,5.0,15.0,0.3,12.132333333333333,11.699000000000002,-0.4333333333333331,334.0,0.0033919426674941695,50,32,46.0,61
20,seeded_random_10,20261331,10,5.0,15.0,0.3,12.055333333333333,11.584000000000001,-0.4713333333333336,371.5,0.010231026576580083,50,32,46.0,61
20,seeded_random_10,20261332,10,5.0,15.0,0.3,12.161666666666667,11.612333333333334,-0.5493333333333332,294.5,0.0015598187762787723,50,32,46.0,61
20,seeded_random_10,20261333,10,5.0,15.0,0.3,12.011000000000001,11.629000000000001,-0.38200000000000034,385.5,0.014989179294240394,50,32,46.0,61
20,seeded_random_10,20261334,10,5.0,15.0,0.3,12.179333333333334,11.714666666666666,-0.4646666666666667,321.0,0.002248234432401758,50,32,46.0,61
20,seeded_random_10,20261335,10,5.0,15.0,0.3,12.084000000000001,11.802666666666667,-0.2813333333333336,435.5,0.051175198785651334,50,32,46.0,61
20,seeded_random_10,20261336,10,5.0,15.0,0.3,12.11266666666667,11.416333333333334,-0.6963333333333336,214.0,4.346231987605965e-05,50,32,46.0,61
20,seeded_random_10,20261337,10,5.0,15.0,0.3,11.980666666666664,11.663,-0.3176666666666666,376.0,0.011589888008777844,50,32,46.0,61
20,seeded_random_10,20261338,10,5.0,15.0,0.3,12.095999999999998,11.715666666666666,-0.3803333333333332,344.5,0.012506611555788947,50,32,46.0,61
20,seeded_random_10,20261339,10,5.0,15.0,0.3,12.138000000000002,11.483333333333334,-0.6546666666666668,196.5,2.0707658056294972e-05,50,32,46.0,61
20,seeded_random_10,20261340,10,5.0,15.0,0.3,12.098999999999998,11.754666666666667,-0.3443333333333332,407.5,0.026398892313092993,50,32,46.0,61
20,seeded_random_10,20261341,10,5.0,15.0,0.3,12.085333333333331,11.604,-0.4813333333333333,317.0,0.001975361660571786,50,32,46.0,61
20,seeded_random_10,20261342,10,5.0,15.0,0.3,12.056666666666665,11.481,-0.5756666666666667,197.0,2.115683976936643e-05,50,32,46.0,61
20,seeded_random_10,20261343,10,5.0,15.0,0.3,12.072333333333333,11.661333333333332,-0.4110000000000001,313.0,0.001732986491082002,50,32,46.0,61
20,seeded_random_10,20261344,10,5.0,15.0,0.3,12.111999999999998,11.524666666666667,-0.5873333333333334,274.0,0.00044974736884251183,50,32,46.0,61
20,seeded_random_10,20261345,10,5.0,15.0,0.3,11.979000000000003,11.521333333333335,-0.4576666666666668,318.0,0.001654895925714328,50,32,46.0,61
20,seeded_random_10,20261346,10,5.0,15.0,0.3,12.000333333333337,11.58,-0.4203333333333332,346.5,0.004966695787229881,50,32,46.0,61
20,seeded_random_10,20261347,10,5.0,15.0,0.3,12.195,11.589,-0.606,232.0,0.00015364093432607525,50,32,46.0,61
20,seeded_random_10,20261348,10,5.0,15.0,0.3,12.053000000000003,11.592666666666668,-0.4603333333333336,355.5,0.010573041775488755,50,32,46.0,61
20,seeded_random_10,20261349,10,5.0,15.0,0.3,12.093333333333335,11.783666666666665,-0.30966666666666665,394.5,0.030113772077539493,50,32,46.0,61
20,seeded_random_10,20261350,10,5.0,15.0,0.3,12.115,11.605666666666666,-0.5093333333333334,300.0,0.0011217769192612271,50,32,46.0,61
20,seeded_random_10,20261351,10,5.0,15.0,0.3,12.059333333333337,11.668666666666665,-0.3906666666666668,382.5,0.013829656631268752,50,32,46.0,61
20,seeded_random_10,20261352,10,5.0,15.0,0.3,12.18,11.613333333333335,-0.5666666666666668,284.5,0.000655208221720213,50,32,46.0,61
20,seeded_random_10,20261353,10,5.0,15.0,0.3,12.204999999999998,11.737,-0.46800000000000014,313.5,0.0017616975542120734,50,32,46.0,61
20,seeded_random_10,20261354,10,5.0,15.0,0.3,12.198666666666666,11.640666666666666,-0.5579999999999999,292.0,0.0008522377689317828,50,32,46.0,61
20,seeded_random_10,20261355,10,5.0,15.0,0.3,12.162333333333331,11.641333333333334,-0.5209999999999999,304.0,0.001284396954378955,50,32,46.0,61
20,seeded_random_10,20261356,10,5.0,15.0,0.3,12.152333333333333,11.786333333333335,-0.3660000000000003,306.0,0.0013728261221236475,50,32,46.0,61
20,seeded_random_10,20261357,10,5.0,15.0,0.3,12.03433333333333,11.417333333333334,-0.6170000000000001,214.5,7.523376829271028e-05,50,32,46.0,61
20,seeded_random_10,20261358,10,5.0,15.0,0.3,12.182,11.640333333333333,-0.5416666666666663,227.0,0.00012565404544819393,50,32,46.0,61
20,seeded_random_10,20261359,10,5.0,15.0,0.3,12.296,11.6,-0.6960000000000002,169.0,1.726311426205963e-05,50,32,46.0,61
20,seeded_random_10,20261360,10,5.0,15.0,0.3,12.320333333333336,11.585333333333333,-0.735,185.0,1.2526880381259456e-05,50,32,46.0,61
20,seeded_random_10,20261361,10,5.0,15.0,0.3,12.131333333333334,11.552999999999999,-0.5783333333333331,189.0,1.4940000712138794e-05,50,32,46.0,61
20,seeded_random_10,20261362,10,5.0,15.0,0.3,12.142999999999999,11.453,-0.6900000000000002,210.5,3.7552214909571444e-05,50,32,46.0,61
20,seeded_random_10,20261363,10,5.0,15.0,0.3,12.128333333333336,11.559666666666667,-0.5686666666666667,251.5,0.00019434781547990516,50,32,46.0,61
20,seeded_random_10,20261364,10,5.0,15.0,0.3,12.088333333333335,11.804,-0.2843333333333335,402.5,0.02329669736014178,50,32,46.0,61
20,seeded_random_10,20261365,10,5.0,15.0,0.3,12.136333333333333,11.778333333333334,-0.3579999999999998,385.0,0.014789400161472002,50,32,46.0,61
20,seeded_random_10,20261366,10,5.0,15.0,0.3,12.088666666666668,11.688666666666666,-0.3999999999999998,343.0,0.004469945037819741,50,32,46.0,61
20,seeded_random_10,20261367,10,5.0,15.0,0.3,12.059333333333331,11.586333333333332,-0.473,286.0,0.0006908950919998138,50,32,46.0,61
20,seeded_random_10,20261368,10,5.0,15.0,0.3,12.085666666666667,11.549333333333337,-0.5363333333333332,273.0,0.0004335294713978979,50,32,46.0,61
20,seeded_random_10,20261369,10,5.0,15.0,0.3,12.197000000000001,11.682333333333334,-0.5146666666666668,309.5,0.0015439474127280767,50,32,46.0,61
20,seeded_random_10,20261370,10,5.0,15.0,0.3,12.143666666666668,11.706,-0.4376666666666666,393.0,0.01826241978293241,50,32,46.0,61
20,seeded_random_10,20261371,10,5.0,15.0,0.3,12.155666666666667,11.443000000000001,-0.7126666666666667,173.0,7.324763141950156e-06,50,32,46.0,61
20,seeded_random_10,20261372,10,5.0,15.0,0.3,12.034,11.671666666666667,-0.36233333333333306,357.0,0.011034743322740778,50,32,46.0,61
20,seeded_random_10,20261373,10,5.0,15.0,0.3,12.181999999999999,11.514666666666665,-0.6673333333333334,201.5,2.5652996703801626e-05,50,32,46.0,61
20,seeded_random_10,20261374,10,5.0,15.0,0.3,12.174000000000001,11.463,-0.7109999999999996,215.5,4.625647607946977e-05,50,32,46.0,61
20,seeded_random_10,20261375,10,5.0,15.0,0.3,12.106,11.64733333333333,-0.45866666666666656,316.0,0.0019118071106302601,50,32,46.0,61
20,seeded_random_10,20261376,10,5.0,15.0,0.3,12.242,11.525333333333332,-0.7166666666666667,168.5,5.9702421968717945e-06,50,32,46.0,61
20,seeded_random_10,20261377,10,5.0,15.0,0.3,12.101333333333335,11.651666666666666,-0.44966666666666655,305.5,0.0022587691014355187,50,32,46.0,61
20,seeded_random_10,20261378,10,5.0,15.0,0.3,12.179333333333332,11.539333333333332,-0.64,224.0,6.559476470924877e-05,50,32,46.0,61
20,seeded_random_10,20261379,10,5.0,15.0,0.3,11.957666666666666,11.698,-0.2596666666666667,418.5,0.05362434753397223,50,32,46.0,61
20,seeded_random_10,20261380,10,5.0,15.0,0.3,12.126,11.496333333333332,-0.6296666666666669,233.5,9.615046026635496e-05,50,32,46.0,61
20,seeded_random_10,20261381,10,5.0,15.0,0.3,12.206666666666667,11.730999999999996,-0.47566666666666685,258.0,0.00024884995130389627,50,32,46.0,61
20,seeded_random_10,20261382,10,5.0,15.0,0.3,12.025666666666666,11.540666666666667,-0.4850000000000001,347.0,0.0050426933165116814,50,32,46.0,61
20,seeded_random_10,20261383,10,5.0,15.0,0.3,12.151666666666667,11.751666666666667,-0.40000000000000013,290.5,0.0008087993206268162,50,32,46.0,61
20,seeded_random_10,20261384,10,5.0,15.0,0.3,12.17,11.624666666666664,-0.5453333333333334,258.0,0.00024882921354774383,50,32,46.0,61
20,seeded_random_10,20261385,10,5.0,15.0,0.3,12.138666666666666,11.667666666666669,-0.4709999999999998,268.5,0.00036792741547479865,50,32,46.0,61
20,seeded_random_10,20261386,10,5.0,15.0,0.3,12.133999999999999,11.57,-0.564,273.5,0.00044165410387949543,50,32,46.0,61
20,seeded_random_10,20261387,10,5.0,15.0,0.3,12.115,11.526666666666666,-0.5883333333333332,278.0,0.0005196561035596933,50,32,46.0,61
20,seeded_random_10,20261388,10,5.0,15.0,0.3,12.117,11.736333333333333,-0.38066666666666693,350.0,0.005513411590372399,50,32,46.0,61
20,seeded_random_10,20261389,10,5.0,15.0,0.3,12.166000000000002,11.589333333333334,-0.5766666666666667,335.0,0.003498047485498472,50,32,46.0,61
20,seeded_random_10,20261390,10,5.0,15.0,0.3,12.142999999999999,11.69,-0.45299999999999985,314.0,0.0017902920549380298,50,32,46.0,61
20,seeded_random_10,20261391,10,5.0,15.0,0.3,12.122,11.638,-0.48399999999999976,307.0,0.001420443657559087,50,32,46.0,61
20,seeded_random_10,20261392,10,5.0,15.0,0.3,12.048,11.856000000000003,-0.1920000000000003,497.0,0.17500327358789936,50,32,46.0,61
20,seeded_random_10,20261393,10,5.0,15.0,0.3,12.142333333333333,11.694333333333335,-0.44800000000000023,337.0,0.003721189357561089,50,32,46.0,61
20,seeded_random_10,20261394,10,5.0,15.0,0.3,12.184,11.694333333333331,-0.4896666666666667,302.0,0.0012006250606078886,50,32,46.0,61
20,seeded_random_10,20261395,10,5.0,15.0,0.3,12.218666666666666,11.774000000000001,-0.44466666666666654,269.0,0.0010683456381047603,50,32,46.0,61
20,seeded_random_10,20261396,10,5.0,15.0,0.3,12.019666666666668,11.466666666666665,-0.5530000000000003,226.0,0.00020480408668531808,50,32,46.0,61
20,seeded_random_10,20261397,10,5.0,15.0,0.3,12.087,11.718000000000002,-0.36899999999999955,384.0,0.01439913380047578,50,32,46.0,61
20,seeded_random_10,20261398,10,5.0,15.0,0.3,12.203,11.717666666666668,-0.4853333333333334,338.0,0.0038378523370924825,50,32,46.0,61
20,seeded_random_10,20261399,10,5.0,15.0,0.3,12.120999999999999,11.887,-0.2339999999999996,480.5,0.12962051178929385,50,32,46.0,61
20,seeded_random_10,20261400,10,5.0,15.0,0.3,12.136666666666665,11.613666666666665,-0.5230000000000004,305.0,0.0022209028619152586,50,32,46.0,61
20,seeded_random_10,20261401,10,5.0,15.0,0.3,12.031333333333334,11.535666666666666,-0.49566666666666664,310.5,0.0015957785040885087,50,32,46.0,61
20,seeded_random_10,20261402,10,5.0,15.0,0.3,12.117333333333331,11.581333333333335,-0.5359999999999998,282.0,0.0005996325753856602,50,32,46.0,61
20,seeded_random_10,20261403,10,5.0,15.0,0.3,12.151333333333334,11.639666666666665,-0.5116666666666664,332.5,0.0032366663297555484,50,32,46.0,61
20,seeded_random_10,20261404,10,5.0,15.0,0.3,12.292333333333335,11.572666666666668,-0.7196666666666667,180.0,1.0032216047270912e-05,50,32,46.0,61
20,seeded_random_10,20261405,10,5.0,15.0,0.3,12.195666666666664,11.773666666666667,-0.4220000000000001,318.5,0.002074083587027447,50,32,46.0,61
20,seeded_random_10,20261406,10,5.0,15.0,0.3,12.083666666666668,11.636999999999999,-0.4466666666666669,324.0,0.0024753533020201294,50,32,46.0,61
20,seeded_random_10,20261407,10,5.0,15.0,0.3,12.268333333333334,11.481,-0.7873333333333337,151.0,2.6474857159833638e-06,50,32,46.0,61
20,seeded_random_10,20261408,10,5.0,15.0,0.3,12.228,11.580666666666666,-0.6473333333333333,208.0,3.380327810286813e-05,50,32,46.0,61
20,seeded_random_10,20261409,10,5.0,15.0,0.3,12.128999999999998,11.611,-0.5180000000000001,302.0,0.001200307489063073,50,32,46.0,61
20,seeded_random_10,20261410,10,5.0,15.0,0.3,12.008999999999999,11.619000000000002,-0.38999999999999985,359.0,0.011678874285543862,50,32,46.0,61
20,seeded_random_10,20261411,10,5.0,15.0,0.3,12.115333333333332,11.557666666666664,-0.5576666666666664,303.5,0.0012626104917938293,50,32,46.0,61
20,seeded_random_10,20261412,10,5.0,15.0,0.3,12.157333333333334,11.63166666666667,-0.5256666666666666,238.5,0.00011720250716635375,50,32,46.0,61
20,seeded_random_10,20261413,10,5.0,15.0,0.3,12.160333333333334,11.579666666666666,-0.5806666666666668,211.0,3.8339142704598626e-05,50,32,46.0,61
20,seeded_random_10,20261414,10,5.0,15.0,0.3,12.199333333333332,11.389333333333337,-0.8099999999999997,174.0,7.662657035511373e-06,50,32,46.0,61
20,seeded_random_10,20261415,10,5.0,15.0,0.3,12.178333333333335,11.558666666666666,-0.6196666666666667,266.0,0.000567354650211134,50,32,46.0,61
20,seeded_random_10,20261416,10,5.0,15.0,0.3,12.130333333333333,11.599,-0.5313333333333334,250.0,0.00018335740402398423,50,32,46.0,61
20,seeded_random_10,20261417,10,5.0,15.0,0.3,12.11,11.597000000000001,-0.513,287.0,0.0007154412497500905,50,32,46.0,61
20,seeded_random_10,20261418,10,5.0,15.0,0.3,12.063000000000002,11.633333333333335,-0.42966666666666625,359.0,0.007177367572224786,50,32,46.0,61
20,seeded_random_10,20261419,10,5.0,15.0,0.3,12.03533333333333,11.321666666666667,-0.7136666666666669,205.5,3.042456945163326e-05,50,32,46.0,61
20,seeded_random_10,20261420,10,5.0,15.0,0.3,12.120333333333333,11.692333333333336,-0.4279999999999999,298.0,0.0010478102279536418,50,32,46.0,61
20,seeded_random_10,20261421,10,5.0,15.0,0.3,12.158333333333333,11.606666666666666,-0.5516666666666664,258.5,0.0002535830113071198,50,32,46.0,61
20,seeded_random_10,20261422,10,5.0,15.0,0.3,12.112,11.762666666666668,-0.3493333333333335,361.0,0.007603005966187082,50,32,46.0,61
20,seeded_random_10,20261423,10,5.0,15.0,0.3,12.209666666666665,11.622333333333334,-0.5873333333333334,280.0,0.000558208146522569,50,32,46.0,61
20,seeded_random_10,20261424,10,5.0,15.0,0.3,11.999333333333334,11.472666666666663,-0.5266666666666668,279.0,0.000367116559868208,50,32,46.0,61
20,seeded_random_10,20261425,10,5.0,15.0,0.3,12.10966666666667,11.637666666666666,-0.47200000000000003,292.5,0.0008671509725944007,50,32,46.0,61
20,seeded_random_10,20261426,10,5.0,15.0,0.3,12.193333333333333,11.754666666666667,-0.43866666666666687,391.5,0.01756027461455051,50,32,46.0,61
20,seeded_random_10,20261427,10,5.0,15.0,0.3,12.265000000000002,11.755333333333335,-0.5096666666666669,166.0,5.323266610004528e-06,50,32,46.0,61
20,seeded_random_10,20261428,10,5.0,15.0,0.3,12.031666666666665,11.665333333333331,-0.36633333333333357,368.0,0.009278071210283984,50,32,46.0,61
20,seeded_random_10,20261429,10,5.0,15.0,0.3,12.135666666666665,11.628999999999998,-0.5066666666666666,269.5,0.00038166454454278286,50,32,46.0,61
20,seeded_random_10,20261430,10,5.0,15.0,0.3,12.243,11.715666666666666,-0.5273333333333332,244.0,0.00024671493328857824,50,32,46.0,61
20,seeded_random_10,20261431,10,5.0,15.0,0.3,12.307666666666664,11.556666666666667,-0.7510000000000002,135.0,1.2291146297856443e-06,50,32,46.0,61
20,seeded_random_10,20261432,10,5.0,15.0,0.3,12.062333333333333,11.546666666666667,-0.5156666666666667,324.0,0.002475064685988668,50,32,46.0,61
20,seeded_random_10,20261433,10,5.0,15.0,0.3,12.141333333333334,11.580000000000002,-0.5613333333333334,288.0,0.0007411142058431179,50,32,46.0,61
20,seeded_random_10,20261434,10,5.0,15.0,0.3,12.082,11.491666666666665,-0.5903333333333332,217.5,5.025285199500795e-05,50,32,46.0,61
20,seeded_random_10,20261435,10,5.0,15.0,0.3,12.254000000000001,11.713333333333333,-0.5406666666666666,265.0,0.0003232866401391307,50,32,46.0,61
20,seeded_random_10,20261436,10,5.0,15.0,0.3,11.969999999999997,11.731,-0.23899999999999985,445.0,0.0631249675745413,50,32,46.0,61
20,seeded_random_10,20261437,10,5.0,15.0,0.3,12.088333333333333,11.543000000000001,-0.5453333333333331,252.0,0.00033561811629720004,50,32,46.0,61
20,seeded_random_10,20261438,10,5.0,15.0,0.3,12.115,11.608666666666668,-0.5063333333333331,268.0,0.00036121926598031977,50,32,46.0,61
20,seeded_random_10,20261439,10,5.0,15.0,0.3,12.020333333333333,11.669999999999998,-0.35033333333333355,407.0,0.026072339669091008,50,32,46.0,61
20,seeded_random_10,20261440,10,5.0,15.0,0.3,12.12733333333333,11.598666666666663,-0.5286666666666665,247.0,0.00016343400215082106,50,32,46.0,61
20,seeded_random_10,20261441,10,5.0,15.0,0.3,12.368333333333332,11.742333333333333,-0.6259999999999999,199.5,2.3555794774482545e-05,50,32,46.0,61
20,seeded_random_10,20261442,10,5.0,15.0,0.3,12.187333333333333,11.514333333333333,-0.6730000000000002,222.5,6.170846100235848e-05,50,32,46.0,61
20,seeded_random_10,20261443,10,5.0,15.0,0.3,12.099666666666668,11.764666666666665,-0.33500000000000013,410.5,0.02842773642660331,50,32,46.0,61
20,seeded_random_10,20261444,10,5.0,15.0,0.3,12.103000000000002,11.674333333333331,-0.4286666666666665,319.0,0.002107814604974993,50,32,46.0,61
20,seeded_random_10,20261445,10,5.0,15.0,0.3,12.186333333333337,11.684333333333335,-0.502,289.0,0.0007675854850158584,50,32,46.0,61
20,seeded_random_10,20261446,10,5.0,15.0,0.3,12.067333333333334,11.523,-0.5443333333333333,258.5,0.00025351977617208224,50,32,46.0,61
20,seeded_random_10,20261447,10,5.0,15.0,0.3,12.171666666666667,11.534333333333334,-0.6373333333333332,234.0,9.811312974529442e-05,50,32,46.0,61
20,seeded_random_10,20261448,10,5.0,15.0,0.3,12.135333333333334,11.630333333333333,-0.5050000000000001,310.5,0.0015956778993507308,50,32,46.0,61
20,seeded_random_10,20261449,10,5.0,15.0,0.3,12.088999999999999,11.754333333333332,-0.3346666666666669,349.0,0.0053524494364796905,50,32,46.0,61
20,seeded_random_10,20261450,10,5.0,15.0,0.3,12.030666666666667,11.625,-0.40566666666666656,365.5,0.008646530639927447,50,32,46.0,61
20,seeded_random_10,20261451,10,5.0,15.0,0.3,12.232666666666669,11.651999999999997,-0.5806666666666672,221.5,0.00010046572093138093,50,32,46.0,61
20,seeded_random_10,20261452,10,5.0,15.0,0.3,12.132666666666667,11.637666666666666,-0.49500000000000016,306.0,0.0022967910990027048,50,32,46.0,61
20,seeded_random_10,20261453,10,5.0,15.0,0.3,12.063666666666668,11.598666666666666,-0.4650000000000002,285.5,0.0006787707912934544,50,32,46.0,61
20,seeded_random_10,20261454,10,5.0,15.0,0.3,12.122333333333334,11.564333333333334,-0.5579999999999997,258.0,0.00024880847705021443,50,32,46.0,61
20,seeded_random_10,20261455,10,5.0,15.0,0.3,12.029000000000002,11.550333333333333,-0.4786666666666669,336.5,0.0036642723055893547,50,32,46.0,61
20,seeded_random_10,20261456,10,5.0,15.0,0.3,12.155333333333333,11.603,-0.552333333333333,275.0,0.0004662794978657123,50,32,46.0,61
20,seeded_random_10,20261457,10,5.0,15.0,0.3,12.256666666666668,11.595,-0.6616666666666668,258.0,0.00024880847705021443,50,32,46.0,61
20,seeded_random_10,20261458,10,5.0,15.0,0.3,12.089,11.557,-0.5319999999999999,287.0,0.0007155439511646058,50,32,46.0,61
20,seeded_random_10,20261459,10,5.0,15.0,0.3,12.048333333333336,11.689333333333334,-0.35899999999999965,394.0,0.018743133376767848,50,32,46.0,61
20,seeded_random_10,20261460,10,5.0,15.0,0.3,12.119333333333334,11.800999999999998,-0.3183333333333335,397.5,0.020510931825276073,50,32,46.0,61
20,seeded_random_10,20261461,10,5.0,15.0,0.3,12.067333333333334,11.652999999999999,-0.4143333333333334,332.5,0.003236845691552142,50,32,46.0,61
20,seeded_random_10,20261462,10,5.0,15.0,0.3,12.241666666666667,11.678666666666665,-0.563,165.5,8.72712481236921e-06,50,32,46.0,61
20,seeded_random_10,20261463,10,5.0,15.0,0.3,12.218000000000002,11.486,-0.732,156.5,3.4273965621421936e-06,50,32,46.0,61
20,seeded_random_10,20261464,10,5.0,15.0,0.3,12.256333333333334,11.594333333333331,-0.6619999999999996,187.0,2.3097821071178267e-05,50,32,46.0,61
20,seeded_random_10,20261465,10,5.0,15.0,0.3,12.044666666666666,11.623000000000001,-0.4216666666666664,317.5,0.0020076172202815067,50,32,46.0,61
20,seeded_random_10,20261466,10,5.0,15.0,0.3,12.255666666666668,11.673666666666664,-0.5820000000000002,273.0,0.0004337304466921076,50,32,46.0,61
20,seeded_random_10,20261467,10,5.0,15.0,0.3,12.169,11.649999999999999,-0.519,243.0,0.00013985867091483134,50,32,46.0,61
20,seeded_random_10,20261468,10,5.0,15.0,0.3,12.156333333333333,11.584333333333333,-0.5719999999999998,219.5,9.250418965217414e-05,50,32,46.0,61
20,seeded_random_10,20261469,10,5.0,15.0,0.3,12.109333333333332,11.818999999999999,-0.29033333333333305,472.0,0.11011152592748345,50,32,46.0,61
20,seeded_random_10,20261470,10,5.0,15.0,0.3,12.073,11.583666666666666,-0.48933333333333323,284.5,0.0011033564137843215,50,32,46.0,61
20,seeded_random_10,20261471,10,5.0,15.0,0.3,12.213333333333335,11.592333333333334,-0.6209999999999998,152.0,2.7746847392429148e-06,50,32,46.0,61
20,seeded_random_10,20261472,10,5.0,15.0,0.3,12.236333333333334,11.56766666666667,-0.6686666666666669,166.0,8.93134139170347e-06,50,32,46.0,61
20,seeded_random_10,20261473,10,5.0,15.0,0.3,12.029333333333334,11.556333333333333,-0.4730000000000001,222.0,6.042433126025728e-05,50,32,46.0,61
20,seeded_random_10,20261474,10,5.0,15.0,0.3,12.125,11.590000000000002,-0.5350000000000004,260.5,0.0002732149998190942,50,32,46.0,61
20,seeded_random_10,20261475,10,5.0,15.0,0.3,12.095333333333333,11.655,-0.4403333333333336,309.5,0.001543653763366604,50,32,46.0,61
20,seeded_random_10,20261476,10,5.0,15.0,0.3,12.283000000000001,11.538333333333332,-0.7446666666666666,172.5,7.157254100826926e-06,50,32,46.0,61
20,seeded_random_10,20261477,10,5.0,15.0,0.3,12.151666666666666,11.865666666666668,-0.28600000000000003,470.0,0.10588854962162991,50,32,46.0,61
20,seeded_random_10,20261478,10,5.0,15.0,0.3,12.21066666666667,11.516333333333332,-0.6943333333333334,182.5,1.1210862793079748e-05,50,32,46.0,61
20,seeded_random_10,20261479,10,5.0,15.0,0.3,12.132333333333335,11.779000000000002,-0.3533333333333333,323.0,0.003979560197612222,50,32,46.0,61
20,seeded_random_10,20261480,10,5.0,15.0,0.3,12.274000000000001,11.696000000000002,-0.5779999999999997,223.0,6.298727575692412e-05,50,32,46.0,61
20,seeded_random_10,20261481,10,5.0,15.0,0.3,12.137,11.559333333333337,-0.5776666666666666,273.0,0.0007324711278493843,50,32,46.0,61
20,seeded_random_10,20261482,10,5.0,15.0,0.3,12.187666666666667,11.552333333333333,-0.6353333333333335,209.0,3.5267700460088254e-05,50,32,46.0,61
20,seeded_random_10,20261483,10,5.0,15.0,0.3,12.036999999999999,11.729333333333335,-0.3076666666666668,427.0,0.04214732897590816,50,32,46.0,61
20,seeded_random_10,20261484,10,5.0,15.0,0.3,12.169666666666666,11.510000000000002,-0.6596666666666668,165.0,5.08619270001405e-06,50,32,46.0,61
20,seeded_random_10,20261485,10,5.0,15.0,0.3,12.113,11.600333333333333,-0.5126666666666668,347.0,0.004459422606641894,50,32,46.0,61
20,seeded_random_10,20261486,10,5.0,15.0,0.3,12.277333333333333,11.530999999999999,-0.7463333333333333,246.0,0.0002665417856473588,50,32,46.0,61
20,seeded_random_10,20261487,10,5.0,15.0,0.3,12.205666666666664,11.464333333333332,-0.741333333333333,186.5,1.3384046665519711e-05,50,32,46.0,61
20,seeded_random_10,20261488,10,5.0,15.0,0.3,12.336999999999998,11.671000000000001,-0.6659999999999999,237.5,0.00011274887585571957,50,32,46.0,61
20,seeded_random_10,20261489,10,5.0,15.0,0.3,12.151333333333334,11.645,-0.5063333333333335,286.0,0.0004885945525092694,50,32,46.0,61
20,seeded_random_10,20261490,10,5.0,15.0,0.3,12.018666666666666,11.533999999999999,-0.48466666666666636,302.0,0.001200386876754275,50,32,46.0,61
20,seeded_random_10,20261491,10,5.0,15.0,0.3,12.203,11.626000000000001,-0.5770000000000001,241.0,0.0001294265250961665,50,32,46.0,61
20,seeded_random_10,20261492,10,5.0,15.0,0.3,12.095,11.611999999999998,-0.48300000000000004,267.0,0.0005884202580550568,50,32,46.0,61
20,seeded_random_10,20261493,10,5.0,15.0,0.3,12.044666666666666,11.741333333333332,-0.3033333333333331,377.5,0.01940126419964432,50,32,46.0,61
20,seeded_random_10,20261494,10,5.0,15.0,0.3,12.076333333333332,11.60233333333333,-0.47400000000000003,302.5,0.001221020732255647,50,32,46.0,61
20,seeded_random_10,20261495,10,5.0,15.0,0.3,12.025333333333332,11.53533333333333,-0.49,229.0,8.028488487319519e-05,50,32,46.0,61
20,seeded_random_10,20261496,10,5.0,15.0,0.3,12.058666666666667,11.537333333333331,-0.5213333333333331,302.5,0.0012212623264437974,50,32,46.0,61
20,seeded_random_10,20261497,10,5.0,15.0,0.3,12.079333333333334,11.589666666666666,-0.4896666666666663,275.5,0.0013491339602462885,50,32,46.0,61
20,seeded_random_10,20261498,10,5.0,15.0,0.3,12.183000000000003,11.543000000000001,-0.6400000000000001,239.0,0.0001196223660547897,50,32,46.0,61
20,seeded_random_10,20261499,10,5.0,15.0,0.3,12.225999999999999,11.616000000000001,-0.6099999999999995,232.0,9.058479371177062e-05,50,32,46.0,61
20,seeded_random_10,20261500,10,5.0,15.0,0.3,12.060333333333336,11.649666666666667,-0.4106666666666666,340.0,0.004079681110648766,50,32,46.0,61
20,seeded_random_10,20261501,10,5.0,15.0,0.3,12.171333333333335,11.499666666666666,-0.6716666666666667,215.5,4.6242332711362396e-05,50,32,46.0,61
20,seeded_random_10,20261502,10,5.0,15.0,0.3,12.096666666666666,11.678666666666665,-0.4179999999999998,307.0,0.001420260975758705,50,32,46.0,61
20,seeded_random_10,20261503,10,5.0,15.0,0.3,12.221333333333334,11.668333333333333,-0.5529999999999999,232.5,0.00015683129742945524,50,32,46.0,61
20,seeded_random_10,20261504,10,5.0,15.0,0.3,12.059333333333335,11.653666666666666,-0.4056666666666666,336.0,0.0036083436855284838,50,32,46.0,61
20,seeded_random_10,20261505,10,5.0,15.0,0.3,12.186000000000002,11.558333333333332,-0.6276666666666665,209.0,3.5260298995182506e-05,50,32,46.0,61
20,seeded_random_10,20261506,10,5.0,15.0,0.3,12.095,11.624666666666666,-0.4703333333333336,250.0,0.0003108393582321195,50,32,46.0,61
20,seeded_random_10,20261507,10,5.0,15.0,0.3,12.167,11.643666666666663,-0.5233333333333333,262.0,0.0004889814839330154,50,32,46.0,61
20,seeded_random_10,20261508,10,5.0,15.0,0.3,12.323333333333332,11.683333333333335,-0.6400000000000002,174.0,1.2884908654406738e-05,50,32,46.0,61
20,seeded_random_10,20261509,10,5.0,15.0,0.3,12.053333333333333,11.686000000000002,-0.3673333333333332,293.0,0.0008821832379053632,50,32,46.0,61
20,seeded_random_10,20261510,10,5.0,15.0,0.3,12.117333333333333,11.520666666666665,-0.5966666666666665,259.5,0.00026323815543009284,50,32,46.0,61
20,seeded_random_10,20261511,10,5.0,15.0,0.3,12.071666666666667,11.534333333333336,-0.5373333333333334,262.5,0.0004982343969806112,50,32,46.0,61
20,seeded_random_10,20261512,10,5.0,15.0,0.3,12.175,11.560666666666666,-0.6143333333333331,205.0,8.551789851319964e-05,50,32,46.0,61
20,seeded_random_10,20261513,10,5.0,15.0,0.3,12.083666666666666,11.690999999999999,-0.39266666666666666,361.5,0.00771333640917578,50,32,46.0,61
20,seeded_random_10,20261514,10,5.0,15.0,0.3,12.035,11.678333333333333,-0.3566666666666664,390.0,0.0168844503145774,50,32,46.0,61
20,seeded_random_10,20261515,10,5.0,15.0,0.3,12.046666666666667,11.589666666666666,-0.4570000000000003,332.0,0.003186540798597418,50,32,46.0,61
20,seeded_random_10,20261516,10,5.0,15.0,0.3,12.142666666666667,11.609333333333334,-0.5333333333333335,299.5,0.0011027717564683164,50,32,46.0,61
20,seeded_random_10,20261517,10,5.0,15.0,0.3,12.220000000000002,11.588333333333333,-0.6316666666666668,219.0,5.34478343960888e-05,50,32,46.0,61
20,seeded_random_10,20261518,10,5.0,15.0,0.3,12.237333333333336,11.673666666666664,-0.5636666666666664,224.5,6.694962646429674e-05,50,32,46.0,61
20,seeded_random_10,20261519,10,5.0,15.0,0.3,12.143333333333334,11.759333333333334,-0.38399999999999984,337.5,0.003778908955572295,50,32,46.0,61
20,seeded_random_10,20261520,10,5.0,15.0,0.3,12.124666666666666,11.636666666666667,-0.4879999999999998,288.0,0.000741061302692002,50,32,46.0,61
20,seeded_random_10,20261521,10,5.0,15.0,0.3,11.993333333333334,11.753999999999998,-0.23933333333333315,450.0,0.07029574170923218,50,32,46.0,61
20,seeded_random_10,20261522,10,5.0,15.0,0.3,12.223333333333334,11.705333333333336,-0.5179999999999998,326.5,0.0026803193131925205,50,32,46.0,61
20,seeded_random_10,20261523,10,5.0,15.0,0.3,12.079999999999998,11.781999999999998,-0.2979999999999999,406.0,0.02542883161879549,50,32,46.0,61
20,seeded_random_10,20261524,10,5.0,15.0,0.3,12.013,11.738333333333333,-0.2746666666666663,444.5,0.06244756720056984,50,32,46.0,61
20,seeded_random_10,20261525,10,5.0,15.0,0.3,12.22833333333333,11.707666666666666,-0.5206666666666666,198.0,2.2083198641917787e-05,50,32,46.0,61
20,seeded_random_10,20261526,10,5.0,15.0,0.3,12.090666666666666,11.765,-0.3256666666666665,368.0,0.009279710889831275,50,32,46.0,61
20,seeded_random_10,20261527,10,5.0,15.0,0.3,12.068333333333337,11.710999999999999,-0.35733333333333284,390.5,0.01710628155071308,50,32,46.0,61
20,seeded_random_10,20261528,10,5.0,15.0,0.3,12.030333333333335,11.621333333333334,-0.40900000000000036,365.5,0.008645365357188933,50,32,46.0,61
20,seeded_random_10,20261529,10,5.0,15.0,0.3,12.037,11.744333333333334,-0.29266666666666685,451.0,0.07180090661382703,50,32,46.0,61
20,seeded_random_10,20261530,10,5.0,15.0,0.3,11.927333333333333,11.62,-0.3073333333333334,371.0,0.010092067477495886,50,32,46.0,61
20,seeded_random_10,20261531,10,5.0,15.0,0.3,12.141000000000002,11.502333333333333,-0.6386666666666667,222.0,2.6885878247284722e-05,50,32,46.0,61
20,seeded_random_10,20261532,10,5.0,15.0,0.3,12.157333333333334,11.67233333333333,-0.485,225.5,6.972556091326764e-05,50,32,46.0,61
20,seeded_random_10,20261533,10,5.0,15.0,0.3,12.238333333333333,11.437666666666669,-0.8006666666666661,152.0,2.7761648571683746e-06,50,32,46.0,61
20,seeded_random_10,20261534,10,5.0,15.0,0.3,12.177666666666669,11.599666666666664,-0.5780000000000002,243.5,0.00014269004874789765,50,32,46.0,61
20,seeded_random_10,20261535,10,5.0,15.0,0.3,12.319333333333335,11.722666666666663,-0.596666666666667,178.0,1.5443911055955518e-05,50,32,46.0,61
20,seeded_random_10,20261536,10,5.0,15.0,0.3,12.161,11.533666666666665,-0.6273333333333329,247.0,0.00016344837994274183,50,32,46.0,61
20,seeded_random_10,20261537,10,5.0,15.0,0.3,12.038333333333334,11.700333333333335,-0.338,403.5,0.023889190479616042,50,32,46.0,61
20,seeded_random_10,20261538,10,5.0,15.0,0.3,12.264666666666667,11.626,-0.6386666666666668,266.0,0.0003354331971313705,50,32,46.0,61
20,seeded_random_10,20261539,10,5.0,15.0,0.3,12.069,11.711333333333332,-0.35766666666666636,359.0,0.007176694330019164,50,32,46.0,61
20,seeded_random_10,20261540,10,5.0,15.0,0.3,12.123666666666665,11.489,-0.6346666666666667,278.5,0.0005290741455979457,50,32,46.0,61
20,seeded_random_10,20261541,10,5.0,15.0,0.3,12.239333333333331,11.819999999999999,-0.4193333333333334,346.5,0.00496720067509997,50,32,46.0,61
20,seeded_random_10,20261542,10,5.0,15.0,0.3,12.134666666666668,11.637333333333334,-0.49733333333333346,306.0,0.0013738031562105346,50,32,46.0,61
20,seeded_random_10,20261543,10,5.0,15.0,0.3,12.059666666666667,11.806333333333333,-0.2533333333333333,445.5,0.06381618362694928,50,32,46.0,61
20,seeded_random_10,20261544,10,5.0,15.0,0.3,12.117666666666665,11.492,-0.6256666666666666,158.0,6.1494354104420735e-06,50,32,46.0,61
20,seeded_random_10,20261545,10,5.0,15.0,0.3,12.026333333333332,11.637666666666668,-0.38866666666666705,386.5,0.01539227909693852,50,32,46.0,61
20,seeded_random_10,20261546,10,5.0,15.0,0.3,12.078333333333335,11.604333333333335,-0.47400000000000025,344.0,0.004607440884050815,50,32,46.0,61
20,seeded_random_10,20261547,10,5.0,15.0,0.3,12.040333333333333,11.633000000000003,-0.4073333333333335,361.0,0.00760406183601162,50,32,46.0,61
20,seeded_random_10,20261548,10,5.0,15.0,0.3,12.215333333333334,11.530666666666667,-0.6846666666666666,232.0,9.058479371177062e-05,50,32,46.0,61
20,seeded_random_10,20261549,10,5.0,15.0,0.3,12.200000000000003,11.482333333333331,-0.7176666666666667,206.5,3.174301913688106e-05,50,32,46.0,61
20,seeded_random_10,20261550,10,5.0,15.0,0.3,12.292666666666667,11.71566666666667,-0.5770000000000001,206.0,3.1055676590125146e-05,50,32,46.0,61
20,seeded_random_10,20261551,10,5.0,15.0,0.3,12.051666666666666,11.695333333333332,-0.35633333333333383,345.5,0.0048197617372842125,50,32,46.0,61
20,seeded_random_10,20261552,10,5.0,15.0,0.3,12.154333333333332,11.722666666666667,-0.43166666666666664,283.5,0.0006323156708420137,50,32,46.0,61
20,seeded_random_10,20261553,10,5.0,15.0,0.3,12.123999999999999,11.711999999999998,-0.4119999999999998,371.0,0.010092504367322784,50,32,46.0,61
20,seeded_random_10,20261554,10,5.0,15.0,0.3,12.164333333333332,11.652666666666669,-0.5116666666666668,297.5,0.0017274944454000064,50,32,46.0,61
20,seeded_random_10,20261555,10,5.0,15.0,0.3,12.127666666666666,11.665999999999999,-0.46166666666666645,328.5,0.0028548465002194395,50,32,46.0,61
20,seeded_random_10,20261556,10,5.0,15.0,0.3,12.037,11.510333333333334,-0.5266666666666666,279.5,0.0005484302269188104,50,32,46.0,61
20,seeded_random_10,20261557,10,5.0,15.0,0.3,12.262,11.593,-0.6689999999999999,255.5,0.00022636412232790337,50,32,46.0,61
20,seeded_random_10,20261558,10,5.0,15.0,0.3,12.190333333333335,11.578333333333335,-0.6120000000000003,260.0,0.00026827156513446824,50,32,46.0,61
20,seeded_random_10,20261559,10,5.0,15.0,0.3,12.170666666666666,11.495333333333333,-0.6753333333333333,169.0,1.7265314489674447e-05,50,32,46.0,61
20,seeded_random_10,20261560,10,5.0,15.0,0.3,12.246333333333334,11.485,-0.7613333333333335,199.5,2.354548568970861e-05,50,32,46.0,61
20,seeded_random_10,20261561,10,5.0,15.0,0.3,12.087,11.632666666666664,-0.45433333333333364,306.0,0.001373625479932177,50,32,46.0,61
20,seeded_random_10,20261562,10,5.0,15.0,0.3,12.115999999999996,11.779333333333334,-0.33666666666666656,368.0,0.009276431674690656,50,32,46.0,61
20,seeded_random_10,20261563,10,5.0,15.0,0.3,12.209000000000001,11.602333333333336,-0.6066666666666665,194.5,3.20908737011923e-05,50,32,46.0,61
20,seeded_random_10,20261564,10,5.0,15.0,0.3,12.120999999999999,11.678333333333335,-0.4426666666666669,362.5,0.007933942072892722,50,32,46.0,61
20,seeded_random_10,20261565,10,5.0,15.0,0.3,12.073999999999998,11.656333333333334,-0.4176666666666665,370.0,0.009813648071571247,50,32,46.0,61
20,seeded_random_10,20261566,10,5.0,15.0,0.3,12.215333333333335,11.601333333333333,-0.6140000000000001,228.0,7.716432498422274e-05,50,32,46.0,61
20,seeded_random_10,20261567,10,5.0,15.0,0.3,12.104999999999997,11.472333333333335,-0.6326666666666669,224.0,6.55754703976131e-05,50,32,46.0,61
20,seeded_random_10,20261568,10,5.0,15.0,0.3,11.980333333333332,11.690000000000003,-0.29033333333333333,411.0,0.028780480466270162,50,32,46.0,61
20,seeded_random_10,20261569,10,5.0,15.0,0.3,12.113999999999999,11.564333333333332,-0.5496666666666671,275.0,0.0004662082073157333,50,32,46.0,61
20,seeded_random_10,20261570,10,5.0,15.0,0.3,12.152666666666669,11.514333333333333,-0.6383333333333332,246.5,0.00016027370734655375,50,32,46.0,61
20,seeded_random_10,20261571,10,5.0,15.0,0.3,12.124333333333333,11.665333333333335,-0.4590000000000002,290.0,0.0007949881830860046,50,32,46.0,61
20,seeded_random_10,20261572,10,5.0,15.0,0.3,12.114333333333331,11.594666666666667,-0.5196666666666665,344.5,0.0046772535221249155,50,32,46.0,61
20,seeded_random_10,20261573,10,5.0,15.0,0.3,12.100666666666664,11.649333333333335,-0.45133333333333325,314.5,0.001820435816942553,50,32,46.0,61
20,seeded_random_10,20261574,10,5.0,15.0,0.3,12.126666666666667,11.738666666666665,-0.38799999999999996,324.0,0.004106925415888454,50,32,46.0,61
20,seeded_random_10,20261575,10,5.0,15.0,0.3,12.081999999999999,11.582333333333336,-0.4996666666666666,294.0,0.0009132286207193061,50,32,46.0,61
20,seeded_random_10,20261576,10,5.0,15.0,0.3,12.080666666666666,11.721000000000002,-0.3596666666666668,377.5,0.012074162229721783,50,32,46.0,61
20,seeded_random_10,20261577,10,5.0,15.0,0.3,12.219000000000001,11.724333333333334,-0.49466666666666653,290.0,0.0007949881830860046,50,32,46.0,61
20,seeded_random_10,20261578,10,5.0,15.0,0.3,11.955666666666668,11.676666666666666,-0.2790000000000001,449.0,0.06880692447718223,50,32,46.0,61
20,seeded_random_10,20261579,10,5.0,15.0,0.3,12.065666666666665,11.693666666666665,-0.37200000000000016,353.5,0.006113870285154708,50,32,46.0,61
20,seeded_random_10,20261580,10,5.0,15.0,0.3,12.173,11.627666666666666,-0.5453333333333336,245.0,0.0001512548219135375,50,32,46.0,61
20,seeded_random_10,20261581,10,5.0,15.0,0.3,12.063999999999998,11.719333333333333,-0.34466666666666684,332.0,0.008646843216232679,50,32,46.0,61
20,seeded_random_10,20261582,10,5.0,15.0,0.3,12.148,11.738666666666665,-0.4093333333333333,303.5,0.0012628589486258883,50,32,46.0,61
20,seeded_random_10,20261583,10,5.0,15.0,0.3,12.078333333333335,11.608333333333333,-0.46999999999999986,335.0,0.0034986202946596656,50,32,46.0,61
20,seeded_random_10,20261584,10,5.0,15.0,0.3,12.091666666666667,11.456,-0.6356666666666665,197.0,2.11334453734829e-05,50,32,46.0,61
20,seeded_random_10,20261585,10,5.0,15.0,0.3,12.175666666666666,11.587333333333332,-0.5883333333333333,231.0,8.703678390775511e-05,50,32,46.0,61
20,seeded_random_10,20261586,10,5.0,15.0,0.3,12.01233333333333,11.515999999999998,-0.4963333333333334,217.0,4.922041318682919e-05,50,32,46.0,61
20,seeded_random_10,20261587,10,5.0,15.0,0.3,12.058000000000002,11.580333333333334,-0.4776666666666671,389.0,0.016442718502678012,50,32,46.0,61
20,seeded_random_10,20261588,10,5.0,15.0,0.3,12.052999999999999,11.628999999999996,-0.42400000000000004,334.5,0.0034449997748119358,50,32,46.0,61
20,seeded_random_10,20261589,10,5.0,15.0,0.3,12.230333333333336,11.587333333333335,-0.6430000000000001,220.0,9.446507156340932e-05,50,32,46.0,61
20,seeded_random_10,20261590,10,5.0,15.0,0.3,12.014000000000001,11.763666666666667,-0.2503333333333333,475.0,0.11671705043646405,50,32,46.0,61
20,seeded_random_10,20261591,10,5.0,15.0,0.3,12.136333333333333,11.572000000000003,-0.5643333333333334,263.0,0.0003000728751272413,50,32,46.0,61
20,seeded_random_10,20261592,10,5.0,15.0,0.3,12.117333333333331,11.674666666666667,-0.44266666666666665,381.0,0.013281756476832232,50,32,46.0,61
20,seeded_random_10,20261593,10,5.0,15.0,0.3,12.071333333333332,11.594666666666667,-0.47666666666666685,267.0,0.00034797831800502865,50,32,46.0,61
20,seeded_random_10,20261594,10,5.0,15.0,0.3,12.147333333333334,11.485,-0.6623333333333333,133.5,1.1419620876792866e-06,50,32,46.0,61
20,seeded_random_10,20261595,10,5.0,15.0,0.3,12.086333333333334,11.515666666666666,-0.5706666666666669,283.5,0.0010651006864560333,50,32,46.0,61
20,seeded_random_10,20261596,10,5.0,15.0,0.3,12.158333333333335,11.655,-0.5033333333333335,294.5,0.0009291922037972545,50,32,46.0,61
20,seeded_random_10,20261597,10,5.0,15.0,0.3,12.224333333333334,11.593333333333332,-0.6310000000000003,251.0,0.00019067776997857785,50,32,46.0,61
20,seeded_random_10,20261598,10,5.0,15.0,0.3,12.030333333333335,11.625333333333334,-0.40500000000000036,349.5,0.005432662770191072,50,32,46.0,61
20,seeded_random_10,20261599,10,5.0,15.0,0.3,12.267666666666663,11.583,-0.684666666666667,265.5,0.0003293074782624567,50,32,46.0,61
20,seeded_random_10,20261600,10,5.0,15.0,0.3,12.054,11.706999999999999,-0.3470000000000003,402.0,0.03625801406273376,50,32,46.0,61
20,seeded_random_10,20261601,10,5.0,15.0,0.3,12.079,11.700666666666669,-0.3783333333333333,372.0,0.010377495674537746,50,32,46.0,61
20,seeded_random_10,20261602,10,5.0,15.0,0.3,12.174000000000001,11.821999999999997,-0.3520000000000001,411.0,0.028777688437538952,50,32,46.0,61
20,seeded_random_10,20261603,10,5.0,15.0,0.3,12.126666666666665,11.550999999999998,-0.5756666666666669,224.5,6.692997933464873e-05,50,32,46.0,61
20,seeded_random_10,20261604,10,5.0,15.0,0.3,12.271666666666668,11.690666666666665,-0.5809999999999998,242.0,0.00022823773096044585,50,32,46.0,61
20,seeded_random_10,20261605,10,5.0,15.0,0.3,12.071000000000002,11.653999999999998,-0.4170000000000001,376.0,0.010879562807692977,50,32,46.0,61
20,seeded_random_10,20261606,10,5.0,15.0,0.3,12.153333333333334,11.61266666666667,-0.5406666666666667,282.0,0.0005994558306995046,50,32,46.0,61
20,seeded_random_10,20261607,10,5.0,15.0,0.3,12.099,11.67333333333333,-0.42566666666666664,295.0,0.001587000101848889,50,32,46.0,61
20,seeded_random_10,20261608,10,5.0,15.0,0.3,12.184333333333335,11.719333333333333,-0.4649999999999996,332.5,0.003236845691552142,50,32,46.0,61
20,seeded_random_10,20261609,10,5.0,15.0,0.3,12.323000000000002,11.721333333333334,-0.6016666666666667,174.5,7.838575627794938e-06,50,32,46.0,61
20,seeded_random_10,20261610,10,5.0,15.0,0.3,12.057666666666666,11.651333333333334,-0.40633333333333355,334.0,0.0033917564213319473,50,32,46.0,61
20,seeded_random_10,20261611,10,5.0,15.0,0.3,12.007333333333332,11.533333333333335,-0.4740000000000002,336.5,0.0036646686613830857,50,32,46.0,61
20,seeded_random_10,20261612,10,5.0,15.0,0.3,12.088333333333331,11.565666666666669,-0.5226666666666665,280.0,0.0005582497237033994,50,32,46.0,61
20,seeded_random_10,20261613,10,5.0,15.0,0.3,12.143999999999998,11.511666666666665,-0.6323333333333333,202.0,2.6215048109630238e-05,50,32,46.0,61
20,seeded_random_10,20261614,10,5.0,15.0,0.3,12.113,11.521999999999998,-0.591,271.5,0.00041065316023133083,50,32,46.0,61
20,seeded_random_10,20261615,10,5.0,15.0,0.3,12.248666666666669,11.649999999999999,-0.5986666666666666,240.0,0.00012441084401071658,50,32,46.0,61
20,seeded_random_10,20261616,10,5.0,15.0,0.3,12.206,11.644666666666668,-0.5613333333333336,287.5,0.0007283812120265408,50,32,46.0,61
20,seeded_random_10,20261617,10,5.0,15.0,0.3,12.357666666666667,11.571,-0.7866666666666668,191.5,1.6658052363585326e-05,50,32,46.0,61
20,seeded_random_10,20261618,10,5.0,15.0,0.3,12.085666666666663,11.390333333333333,-0.6953333333333334,167.0,5.575105494227834e-06,50,32,46.0,61
20,seeded_random_10,20261619,10,5.0,15.0,0.3,12.156333333333334,11.561666666666666,-0.5946666666666671,234.5,0.00010008546675197876,50,32,46.0,61
20,seeded_random_10,20261620,10,5.0,15.0,0.3,12.167333333333334,11.628000000000002,-0.5393333333333333,279.5,0.0005483483264317155,50,32,46.0,61
20,seeded_random_10,20261621,10,5.0,15.0,0.3,12.156,11.733333333333333,-0.42266666666666697,318.5,0.002074083587027447,50,32,46.0,61
20,seeded_random_10,20261622,10,5.0,15.0,0.3,12.029666666666667,11.736666666666665,-0.2929999999999997,486.0,0.14360732369267454,50,32,46.0,61
20,seeded_random_10,20261623,10,5.0,15.0,0.3,11.968333333333332,11.709000000000001,-0.25933333333333364,477.5,0.1224591219431692,50,32,46.0,61
20,seeded_random_10,20261624,10,5.0,15.0,0.3,12.298333333333336,11.617,-0.6813333333333332,190.5,1.5955534863340747e-05,50,32,46.0,61
20,seeded_random_10,20261625,10,5.0,15.0,0.3,12.123,11.617333333333336,-0.5056666666666666,252.0,0.000198101213970289,50,32,46.0,61
20,seeded_random_10,20261626,10,5.0,15.0,0.3,12.109999999999998,11.472999999999999,-0.6370000000000001,233.5,0.00016317042816002775,50,32,46.0,61
20,seeded_random_10,20261627,10,5.0,15.0,0.3,12.204666666666666,11.719666666666667,-0.4849999999999997,311.0,0.0016219848987436391,50,32,46.0,61
20,seeded_random_10,20261628,10,5.0,15.0,0.3,12.133,11.724333333333332,-0.40866666666666646,296.0,0.0016416877339405463,50,32,46.0,61
20,seeded_random_10,20261629,10,5.0,15.0,0.3,12.067666666666666,11.55,-0.5176666666666666,296.0,0.0009783787220010757,50,32,46.0,61
20,seeded_random_10,20261630,10,5.0,15.0,0.3,12.107666666666667,11.775333333333332,-0.3323333333333335,363.0,0.008052611744925487,50,32,46.0,61
20,seeded_random_10,20261631,10,5.0,15.0,0.3,12.066,11.551000000000002,-0.5149999999999999,336.5,0.0036646686613830857,50,32,46.0,61
20,seeded_random_10,20261632,10,5.0,15.0,0.3,12.175999999999998,11.588333333333333,-0.5876666666666668,258.0,0.0002487670078308558,50,32,46.0,61
20,seeded_random_10,20261633,10,5.0,15.0,0.3,12.105666666666666,11.549666666666667,-0.5559999999999999,316.5,0.0019433460435267693,50,32,46.0,61
20,seeded_random_10,20261634,10,5.0,15.0,0.3,12.063333333333334,11.542333333333334,-0.5210000000000004,305.0,0.001328233689330624,50,32,46.0,61
20,seeded_random_10,20261635,10,5.0,15.0,0.3,12.022333333333334,11.635000000000002,-0.3873333333333335,317.5,0.002007860397953997,50,32,46.0,61
20,seeded_random_10,20261636,10,5.0,15.0,0.3,12.245666666666668,11.575333333333331,-0.6703333333333332,219.0,5.346392356031115e-05,50,32,46.0,61
20,seeded_random_10,20261637,10,5.0,15.0,0.3,12.14466666666667,11.711333333333332,-0.43333333333333335,316.0,0.0019116903191555205,50,32,46.0,61
20,seeded_random_10,20261638,10,5.0,15.0,0.3,12.22,11.705666666666666,-0.5143333333333332,301.0,0.0011607753790879366,50,32,46.0,61
20,seeded_random_10,20261639,10,5.0,15.0,0.3,12.079999999999998,11.57633333333333,-0.5036666666666668,198.5,3.815389827843277e-05,50,32,46.0,61
20,seeded_random_10,20261640,10,5.0,15.0,0.3,12.064,11.559666666666665,-0.5043333333333332,295.5,0.001613968741316033,50,32,46.0,61
20,seeded_random_10,20261641,10,5.0,15.0,0.3,12.287666666666668,11.707333333333333,-0.580333333333333,187.5,1.3987882501043749e-05,50,32,46.0,61
20,seeded_random_10,20261642,10,5.0,15.0,0.3,12.151999999999997,11.772999999999998,-0.3789999999999998,385.0,0.014788819437338585,50,32,46.0,61
20,seeded_random_10,20261643,10,5.0,15.0,0.3,12.117333333333333,11.693333333333335,-0.4240000000000002,282.5,0.000610258218847443,50,32,46.0,61
20,seeded_random_10,20261644,10,5.0,15.0,0.3,12.138,11.60533333333333,-0.5326666666666666,238.5,0.00011727771323373766,50,32,46.0,61
20,seeded_random_10,20261645,10,5.0,15.0,0.3,12.253,11.55533333333333,-0.6976666666666668,156.0,3.3490589958012786e-06,50,32,46.0,61
20,seeded_random_10,20261646,10,5.0,15.0,0.3,12.135,11.652000000000001,-0.4829999999999998,302.5,0.0012211817915496188,50,32,46.0,61
20,seeded_random_10,20261647,10,5.0,15.0,0.3,12.076,11.572999999999997,-0.5030000000000002,283.0,0.0006213324953273364,50,32,46.0,61
20,seeded_random_10,20261648,10,5.0,15.0,0.3,12.09,11.639666666666669,-0.4503333333333336,293.0,0.0014819251811209425,50,32,46.0,61
20,seeded_random_10,20261649,10,5.0,15.0,0.3,12.122,11.622333333333334,-0.49966666666666654,293.0,0.0008821219403935043,50,32,46.0,61
20,seeded_random_10,20261650,10,5.0,15.0,0.3,12.232333333333333,11.593333333333335,-0.6390000000000005,214.5,4.4379960592833585e-05,50,32,46.0,61
20,seeded_random_10,20261651,10,5.0,15.0,0.3,12.013,11.664333333333333,-0.3486666666666663,401.5,0.02271464616601387,50,32,46.0,61
20,seeded_random_10,20261652,10,5.0,15.0,0.3,12.11,11.650333333333332,-0.4596666666666666,288.5,0.0007539467587536652,50,32,46.0,61
20,seeded_random_10,20261653,10,5.0,15.0,0.3,12.04833333333333,11.704666666666666,-0.34366666666666645,432.0,0.07256912279996991,50,32,46.0,61
20,seeded_random_10,20261654,10,5.0,15.0,0.3,12.013333333333332,11.611666666666665,-0.40166666666666645,344.5,0.0046772535221249155,50,32,46.0,61
20,seeded_random_10,20261655,10,5.0,15.0,0.3,12.100666666666669,11.718333333333335,-0.3823333333333332,420.0,0.03576401284644462,50,32,46.0,61
20,seeded_random_10,20261656,10,5.0,15.0,0.3,11.923333333333336,11.666666666666663,-0.2566666666666667,452.0,0.07332907731099954,50,32,46.0,61
20,seeded_random_10,20261657,10,5.0,15.0,0.3,12.354666666666667,11.729333333333331,-0.6253333333333329,201.5,2.566413048331969e-05,50,32,46.0,61
20,seeded_random_10,20261658,10,5.0,15.0,0.3,12.208,11.65,-0.5580000000000005,230.0,8.362039750576806e-05,50,32,46.0,61
20,seeded_random_10,20261659,10,5.0,15.0,0.3,12.190333333333333,11.737,-0.453333333333333,342.5,0.00723270148408389,50,32,46.0,61
20,seeded_random_10,20261660,10,5.0,15.0,0.3,12.142000000000001,11.516666666666666,-0.6253333333333333,245.5,0.00015426127815738354,50,32,46.0,61
20,seeded_random_10,20261661,10,5.0,15.0,0.3,12.153666666666663,11.633333333333333,-0.5203333333333334,262.5,0.00029457834419995113,50,32,46.0,61
20,seeded_random_10,20261662,10,5.0,15.0,0.3,12.052333333333333,11.603,-0.44933333333333325,364.0,0.008283395303342106,50,32,46.0,61
20,seeded_random_10,20261663,10,5.0,15.0,0.3,12.071666666666665,11.517333333333333,-0.5543333333333331,232.5,9.239656370149286e-05,50,32,46.0,61
20,seeded_random_10,20261664,10,5.0,15.0,0.3,12.030999999999999,11.595666666666668,-0.4353333333333333,334.0,0.0033919426674941695,50,32,46.0,61
20,seeded_random_10,20261665,10,5.0,15.0,0.3,11.995,11.691333333333333,-0.30366666666666675,421.0,0.03661599934721987,50,32,46.0,61
20,seeded_random_10,20261666,10,5.0,15.0,0.3,12.181999999999999,11.552333333333335,-0.6296666666666668,188.0,4.268415494834699e-06,50,32,46.0,61
20,seeded_random_10,20261667,10,5.0,15.0,0.3,12.137999999999998,11.702666666666666,-0.4353333333333334,262.5,0.00029457834419995113,50,32,46.0,61
20,seeded_random_10,20261668,10,5.0,15.0,0.3,12.180666666666664,11.583,-0.5976666666666666,261.0,0.00027842690549414036,50,32,46.0,61
20,seeded_random_10,20261669,10,5.0,15.0,0.3,12.129333333333333,11.879666666666669,-0.2496666666666666,422.5,0.08960163058886454,50,32,46.0,61
20,seeded_random_10,20261670,10,5.0,15.0,0.3,11.968,11.680666666666664,-0.2873333333333335,434.0,0.04946690122179181,50,32,46.0,61
20,seeded_random_10,20261671,10,5.0,15.0,0.3,12.103666666666667,11.579,-0.5246666666666667,328.5,0.0028548465002194395,50,32,46.0,61
20,seeded_random_10,20261672,10,5.0,15.0,0.3,12.155333333333333,11.777666666666667,-0.3776666666666671,321.0,0.0037346756354312985,50,32,46.0,61
20,seeded_random_10,20261673,10,5.0,15.0,0.3,12.086999999999998,11.631333333333332,-0.45566666666666633,302.0,0.0012006250606078886,50,32,46.0,61
20,seeded_random_10,20261674,10,5.0,15.0,0.3,12.030333333333333,11.666333333333332,-0.3640000000000001,332.0,0.0031858323827219457,50,32,46.0,61
20,seeded_random_10,20261675,10,5.0,15.0,0.3,12.089,11.635666666666669,-0.4533333333333333,324.0,0.004106003437794497,50,32,46.0,61
20,seeded_random_10,20261676,10,5.0,15.0,0.3,12.218000000000002,11.687666666666669,-0.5303333333333335,225.5,0.00011829791775887027,50,32,46.0,61
20,seeded_random_10,20261677,10,5.0,15.0,0.3,12.120333333333335,11.516000000000002,-0.6043333333333333,300.0,0.0011218519352416696,50,32,46.0,61
20,seeded_random_10,20261678,10,5.0,15.0,0.3,12.228333333333337,11.685666666666668,-0.5426666666666666,257.0,0.0004055949489937557,50,32,46.0,61
20,seeded_random_10,20261679,10,5.0,15.0,0.3,12.219,11.515000000000002,-0.7039999999999996,216.5,8.175316038392728e-05,50,32,46.0,61
20,seeded_random_10,20261680,10,5.0,15.0,0.3,12.124,11.674333333333333,-0.44966666666666666,308.5,0.0014931957466291373,50,32,46.0,61
20,seeded_random_10,20261681,10,5.0,15.0,0.3,11.940999999999999,11.613999999999999,-0.3270000000000002,347.0,0.008265210943922602,50,32,46.0,61
20,seeded_random_10,20261682,10,5.0,15.0,0.3,12.153333333333334,11.587,-0.5663333333333336,294.0,0.0009132917343293038,50,32,46.0,61
20,seeded_random_10,20261683,10,5.0,15.0,0.3,12.078000000000001,11.478333333333335,-0.5996666666666668,235.0,0.00010207616828990702,50,32,46.0,61
20,seeded_random_10,20261684,10,5.0,15.0,0.3,12.145333333333332,11.517666666666667,-0.6276666666666668,183.0,1.9334358499367872e-05,50,32,46.0,61
20,seeded_random_10,20261685,10,5.0,15.0,0.3,12.253,11.677,-0.5760000000000002,255.5,0.00022636412232790337,50,32,46.0,61
20,seeded_random_10,20261686,10,5.0,15.0,0.3,12.249666666666666,11.628666666666666,-0.6209999999999996,226.0,7.112637852346889e-05,50,32,46.0,61
20,seeded_random_10,20261687,10,5.0,15.0,0.3,12.142999999999999,11.531666666666668,-0.6113333333333333,266.5,0.0003417746334187273,50,32,46.0,61
20,seeded_random_10,20261688,10,5.0,15.0,0.3,12.031999999999998,11.675666666666666,-0.3563333333333333,401.0,0.022429561198568627,50,32,46.0,61
20,seeded_random_10,20261689,10,5.0,15.0,0.3,12.226666666666665,11.657333333333334,-0.5693333333333335,268.0,0.00036101893331928303,50,32,46.0,61
20,seeded_random_10,20261690,10,5.0,15.0,0.3,12.115999999999996,11.652000000000003,-0.4639999999999996,354.0,0.00620550026179271,50,32,46.0,61
20,seeded_random_10,20261691,10,5.0,15.0,0.3,12.09166666666667,11.79733333333333,-0.2943333333333331,412.0,0.04609806815080779,50,32,46.0,61
20,seeded_random_10,20261692,10,5.0,15.0,0.3,12.064666666666664,11.603666666666665,-0.46100000000000013,339.0,0.003956983060958818,50,32,46.0,61
20,seeded_random_10,20261693,10,5.0,15.0,0.3,12.081000000000003,11.617666666666665,-0.4633333333333336,333.0,0.0032876909327714423,50,32,46.0,61
20,seeded_random_10,20261694,10,5.0,15.0,0.3,12.149333333333335,11.773333333333333,-0.3760000000000001,334.5,0.0034442454705517654,50,32,46.0,61
20,seeded_random_10,20261695,10,5.0,15.0,0.3,12.002666666666666,11.501,-0.5016666666666665,314.5,0.001820547993846187,50,32,46.0,61
20,seeded_random_10,20261696,10,5.0,15.0,0.3,12.135666666666665,11.760666666666669,-0.37499999999999983,377.0,0.011913087589251244,50,32,46.0,61
20,seeded_random_10,20261697,10,5.0,15.0,0.3,12.107666666666667,11.796666666666665,-0.31099999999999983,429.5,0.04465335025242347,50,32,46.0,61
20,seeded_random_10,20261698,10,5.0,15.0,0.3,12.038999999999998,11.592666666666666,-0.4463333333333333,398.0,0.020120643634562896,50,32,46.0,61
20,seeded_random_10,20261699,10,5.0,15.0,0.3,12.284,11.472333333333333,-0.8116666666666668,184.5,1.225584866852782e-05,50,32,46.0,61
20,seeded_random_10,20261700,10,5.0,15.0,0.3,12.032666666666666,11.729333333333335,-0.30333333333333323,395.5,0.01948070090330502,50,32,46.0,61
20,seeded_random_10,20261701,10,5.0,15.0,0.3,12.142666666666663,11.490333333333332,-0.6523333333333337,222.0,6.0442274743106854e-05,50,32,46.0,61
20,seeded_random_10,20261702,10,5.0,15.0,0.3,12.194666666666667,11.735999999999999,-0.4586666666666666,313.5,0.0017618067368256006,50,32,46.0,61
20,seeded_random_10,20261703,10,5.0,15.0,0.3,12.140333333333336,11.628666666666666,-0.5116666666666668,274.5,0.0004579788774675617,50,32,46.0,61
20,seeded_random_10,20261704,10,5.0,15.0,0.3,12.258000000000003,11.624333333333334,-0.6336666666666667,216.0,4.723953423089919e-05,50,32,46.0,61
20,seeded_random_10,20261705,10,5.0,15.0,0.3,12.187666666666665,11.709000000000001,-0.4786666666666666,329.0,0.0029008504608866023,50,32,46.0,61
20,seeded_random_10,20261706,10,5.0,15.0,0.3,11.986666666666668,11.607333333333337,-0.37933333333333363,391.5,0.01756159058514478,50,32,46.0,61
20,seeded_random_10,20261707,10,5.0,15.0,0.3,12.084333333333333,11.58033333333333,-0.5039999999999999,266.5,0.0003417200541042909,50,32,46.0,61
20,seeded_random_10,20261708,10,5.0,15.0,0.3,12.122666666666667,11.634,-0.4886666666666666,316.5,0.0019434644211033692,50,32,46.0,61
20,seeded_random_10,20261709,10,5.0,15.0,0.3,12.165,11.434666666666667,-0.7303333333333331,240.0,0.00012439952558633145,50,32,46.0,61
20,seeded_random_10,20261710,10,5.0,15.0,0.3,12.095999999999998,11.677333333333332,-0.4186666666666666,291.0,0.0008227177162487178,50,32,46.0,61
20,seeded_random_10,20261711,10,5.0,15.0,0.3,12.070000000000002,11.64466666666667,-0.42533333333333323,397.0,0.020250840382640935,50,32,46.0,61
20,seeded_random_10,20261712,10,5.0,15.0,0.3,12.234000000000002,11.451666666666668,-0.7823333333333334,117.0,3.623269506647375e-08,50,32,46.0,61
20,seeded_random_10,20261713,10,5.0,15.0,0.3,11.993333333333334,11.628000000000002,-0.36533333333333345,406.0,0.025433961242609365,50,32,46.0,61
20,seeded_random_10,20261714,10,5.0,15.0,0.3,11.993,11.538333333333332,-0.45466666666666655,317.5,0.002007374061141335,50,32,46.0,61
20,seeded_random_10,20261715,10,5.0,15.0,0.3,12.001666666666667,11.701999999999998,-0.29966666666666664,466.0,0.09781164996975966,50,32,46.0,61
20,seeded_random_10,20261716,10,5.0,15.0,0.3,12.119000000000002,11.662666666666667,-0.456333333333333,339.0,0.003956983060958818,50,32,46.0,61
20,seeded_random_10,20261717,10,5.0,15.0,0.3,12.149333333333335,11.666333333333334,-0.4829999999999997,310.5,0.0015957785040885087,50,32,46.0,61
20,seeded_random_10,20261718,10,5.0,15.0,0.3,12.093333333333332,11.481000000000002,-0.6123333333333336,195.5,1.982757007225822e-05,50,32,46.0,61
20,seeded_random_10,20261719,10,5.0,15.0,0.3,12.113999999999999,11.513666666666664,-0.6003333333333335,229.0,8.028488487319519e-05,50,32,46.0,61
20,seeded_random_10,20261720,10,5.0,15.0,0.3,12.207,11.813000000000002,-0.39400000000000046,370.5,0.009952207043640115,50,32,46.0,61
20,seeded_random_10,20261721,10,5.0,15.0,0.3,12.150333333333336,11.835999999999999,-0.3143333333333331,436.5,0.05233665650218433,50,32,46.0,61
20,seeded_random_10,20261722,10,5.0,15.0,0.3,12.179333333333334,11.332666666666668,-0.8466666666666671,178.5,9.384899483061786e-06,50,32,46.0,61
20,seeded_random_10,20261723,10,5.0,15.0,0.3,12.320666666666666,11.602333333333334,-0.7183333333333334,210.0,3.6769127809996907e-05,50,32,46.0,61
20,seeded_random_10,20261724,10,5.0,15.0,0.3,12.032333333333336,11.653666666666666,-0.37866666666666676,338.0,0.0063206209514819044,50,32,46.0,61
20,seeded_random_10,20261725,10,5.0,15.0,0.3,12.330333333333334,11.665333333333335,-0.6650000000000001,233.0,4.6469730756726335e-05,50,32,46.0,61
20,seeded_random_10,20261726,10,5.0,15.0,0.3,12.149,11.673333333333332,-0.4756666666666664,244.0,0.00014543229255005325,50,32,46.0,61
20,seeded_random_10,20261727,10,5.0,15.0,0.3,12.028999999999996,11.732333333333333,-0.29666666666666663,421.5,0.03705397039450606,50,32,46.0,61
20,seeded_random_10,20261728,10,5.0,15.0,0.3,12.134333333333334,11.693000000000001,-0.44133333333333397,244.0,0.00024671493328857824,50,32,46.0,61
20,seeded_random_10,20261729,10,5.0,15.0,0.3,12.048,11.615333333333336,-0.43266666666666653,362.5,0.007934305790564623,50,32,46.0,61
20,seeded_random_10,20261730,10,5.0,15.0,0.3,12.068333333333333,11.582,-0.48633333333333356,266.0,0.000335460052625104,50,32,46.0,61
20,seeded_random_10,20261731,10,5.0,15.0,0.3,12.153333333333332,11.579999999999998,-0.5733333333333331,252.0,0.00019803319494186283,50,32,46.0,61
20,seeded_random_10,20261732,10,5.0,15.0,0.3,12.121666666666668,11.584000000000001,-0.5376666666666668,256.0,0.00023069504904698373,50,32,46.0,61
20,seeded_random_10,20261733,10,5.0,15.0,0.3,12.106333333333332,11.567333333333334,-0.539,289.0,0.001291014496212381,50,32,46.0,61
20,seeded_random_10,20261734,10,5.0,15.0,0.3,12.26533333333333,11.708333333333332,-0.5569999999999997,276.0,0.00048348790933575123,50,32,46.0,61
20,seeded_random_10,20261735,10,5.0,15.0,0.3,12.119000000000002,11.543666666666665,-0.5753333333333334,262.0,0.0002889893565881477,50,32,46.0,61
20,seeded_random_10,20261736,10,5.0,15.0,0.3,12.291333333333334,11.712666666666669,-0.5786666666666664,239.0,0.00011963330130997179,50,32,46.0,61
20,seeded_random_10,20261737,10,5.0,15.0,0.3,12.017000000000001,11.587999999999997,-0.42899999999999994,365.0,0.008524321706419612,50,32,46.0,61
20,seeded_random_10,20261738,10,5.0,15.0,0.3,12.069333333333336,11.572000000000001,-0.4973333333333334,293.0,0.0014817242540557446,50,32,46.0,61
20,seeded_random_10,20261739,10,5.0,15.0,0.3,12.009333333333332,11.642666666666663,-0.36666666666666686,379.0,0.01258197975279645,50,32,46.0,61
20,seeded_random_10,20261740,10,5.0,15.0,0.3,12.024333333333331,11.559333333333331,-0.4649999999999996,335.5,0.0035529998598112416,50,32,46.0,61
20,seeded_random_10,20261741,10,5.0,15.0,0.3,12.216,11.679666666666668,-0.5363333333333334,279.5,0.0009245586113282568,50,32,46.0,61
20,seeded_random_10,20261742,10,5.0,15.0,0.3,12.159,11.700666666666663,-0.45833333333333326,295.0,0.0009452188896254215,50,32,46.0,61
20,seeded_random_10,20261743,10,5.0,15.0,0.3,12.137666666666668,11.747333333333334,-0.3903333333333332,375.0,0.01127496025494518,50,32,46.0,61
20,seeded_random_10,20261744,10,5.0,15.0,0.3,11.941,11.712666666666667,-0.22833333333333322,479.0,0.1259858217347865,50,32,46.0,61
20,seeded_random_10,20261745,10,5.0,15.0,0.3,12.09333333333333,11.701666666666664,-0.39166666666666683,340.0,0.006714715171737197,50,32,46.0,61
20,seeded_random_10,20261746,10,5.0,15.0,0.3,12.078666666666669,11.688666666666668,-0.3900000000000001,342.0,0.00433662943342243,50,32,46.0,61
20,seeded_random_10,20261747,10,5.0,15.0,0.3,12.111666666666665,11.492333333333333,-0.6193333333333331,251.5,0.00019436454162956966,50,32,46.0,61
20,seeded_random_10,20261748,10,5.0,15.0,0.3,12.021666666666665,11.497666666666667,-0.5240000000000005,210.5,3.753655871988879e-05,50,32,46.0,61
20,seeded_random_10,20261749,10,5.0,15.0,0.3,12.024666666666667,11.731,-0.2936666666666667,422.5,0.03793991635311634,50,32,46.0,61
20,seeded_random_10,20261750,10,5.0,15.0,0.3,12.235666666666667,11.565666666666665,-0.67,177.0,8.774451350369374e-06,50,32,46.0,61
20,seeded_random_10,20261751,10,5.0,15.0,0.3,12.177,11.763333333333335,-0.4136666666666666,340.5,0.004142863122740204,50,32,46.0,61
20,seeded_random_10,20261752,10,5.0,15.0,0.3,12.15,11.726666666666665,-0.4233333333333331,372.5,0.010523109981396307,50,32,46.0,61
20,seeded_random_10,20261753,10,5.0,15.0,0.3,12.114666666666666,11.567666666666666,-0.547,358.0,0.006972841700458436,50,32,46.0,61
20,seeded_random_10,20261754,10,5.0,15.0,0.3,12.043333333333335,11.627333333333333,-0.41600000000000004,343.0,0.007343638190476937,50,32,46.0,61
20,seeded_random_10,20261755,10,5.0,15.0,0.3,12.228666666666665,11.641666666666667,-0.5870000000000001,257.5,0.00041343629542028377,50,32,46.0,61
20,seeded_random_10,20261756,10,5.0,15.0,0.3,12.033999999999999,11.651999999999997,-0.38200000000000034,352.5,0.005937729819289775,50,32,46.0,61
20,seeded_random_10,20261757,10,5.0,15.0,0.3,12.354666666666667,11.422333333333334,-0.9323333333333329,85.5,9.883216219191623e-08,50,32,46.0,61
20,seeded_random_10,20261758,10,5.0,15.0,0.3,12.136666666666667,11.731333333333332,-0.4053333333333334,329.0,0.0029008504608866023,50,32,46.0,61
20,seeded_random_10,20261759,10,5.0,15.0,0.3,12.071,11.55,-0.5209999999999999,326.0,0.004372087343399185,50,32,46.0,61
20,seeded_random_10,20261760,10,5.0,15.0,0.3,12.2,11.596666666666668,-0.6033333333333337,250.5,0.00018702444677652858,50,32,46.0,61
20,seeded_random_10,20261761,10,5.0,15.0,0.3,12.058666666666667,11.594666666666665,-0.46400000000000013,314.5,0.0018203236444308897,50,32,46.0,61
20,seeded_random_10,20261762,10,5.0,15.0,0.3,12.145999999999999,11.612333333333334,-0.5336666666666668,265.5,0.0003293074782624567,50,32,46.0,61
20,seeded_random_10,20261763,10,5.0,15.0,0.3,11.98,11.703333333333335,-0.27666666666666656,416.0,0.03248829219805079,50,32,46.0,61
20,seeded_random_10,20261764,10,5.0,15.0,0.3,12.132666666666667,11.485999999999999,-0.6466666666666667,260.0,0.0002682494302470089,50,32,46.0,61
20,seeded_random_10,20261765,10,5.0,15.0,0.3,12.042333333333332,11.636333333333335,-0.4060000000000001,361.0,0.007603709870948453,50,32,46.0,61
20,seeded_random_10,20261766,10,5.0,15.0,0.3,12.015999999999996,11.546333333333331,-0.4696666666666667,290.5,0.0008088562872840037,50,32,46.0,61
20,seeded_random_10,20261767,10,5.0,15.0,0.3,12.229000000000001,11.589,-0.6399999999999997,208.0,3.381753410509024e-05,50,32,46.0,61
20,seeded_random_10,20261768,10,5.0,15.0,0.3,12.176999999999998,11.614333333333331,-0.5626666666666665,199.5,6.75447836816778e-05,50,32,46.0,61
20,seeded_random_10,20261769,10,5.0,15.0,0.3,12.174999999999997,11.528666666666668,-0.6463333333333334,191.5,1.666560277023768e-05,50,32,46.0,61
20,seeded_random_10,20261770,10,5.0,15.0,0.3,12.211000000000002,11.575666666666667,-0.6353333333333335,188.0,1.4298634271212428e-05,50,32,46.0,61
20,seeded_random_10,20261771,10,5.0,15.0,0.3,12.213999999999999,11.481,-0.7330000000000002,123.5,6.980663480587832e-07,50,32,46.0,61
20,seeded_random_10,20261772,10,5.0,15.0,0.3,12.050999999999998,11.664333333333333,-0.38666666666666716,356.5,0.006675386806968426,50,32,46.0,61
20,seeded_random_10,20261773,10,5.0,15.0,0.3,12.11266666666667,11.570666666666666,-0.542,273.5,0.00044168813101761535,50,32,46.0,61
20,seeded_random_10,20261774,10,5.0,15.0,0.3,12.103666666666665,11.574666666666667,-0.5290000000000002,279.0,0.0005386107244460064,50,32,46.0,61
20,seeded_random_10,20261775,10,5.0,15.0,0.3,12.025333333333332,11.706666666666665,-0.31866666666666693,319.0,0.0035043672478485685,50,32,46.0,61
20,seeded_random_10,20261776,10,5.0,15.0,0.3,12.069333333333335,11.62833333333333,-0.44100000000000006,336.5,0.003664866848703881,50,32,46.0,61
20,seeded_random_10,20261777,10,5.0,15.0,0.3,12.080000000000002,11.691666666666665,-0.3883333333333334,368.5,0.009409876077796284,50,32,46.0,61
20,seeded_random_10,20261778,10,5.0,15.0,0.3,12.083,11.692666666666666,-0.3903333333333331,390.5,0.027221505925491465,50,32,46.0,61
20,seeded_random_10,20261779,10,5.0,15.0,0.3,12.180666666666669,11.551333333333337,-0.6293333333333332,245.5,0.00015423394393759512,50,32,46.0,61
20,seeded_random_10,20261780,10,5.0,15.0,0.3,12.265,11.660666666666666,-0.6043333333333335,238.5,0.00011726696728761636,50,32,46.0,61
20,seeded_random_10,20261781,10,5.0,15.0,0.3,12.058333333333332,11.605666666666668,-0.4526666666666667,333.5,0.003338710968463247,50,32,46.0,61
20,seeded_random_10,20261782,10,5.0,15.0,0.3,12.212999999999997,11.485,-0.7280000000000001,148.0,2.296119278439126e-06,50,32,46.0,61
20,seeded_random_10,20261783,10,5.0,15.0,0.3,12.195,11.537666666666667,-0.6573333333333333,252.0,0.000198101213970289,50,32,46.0,61
20,seeded_random_10,20261784,10,5.0,15.0,0.3,12.081333333333331,11.622666666666667,-0.4586666666666667,272.5,0.00042574188288634903,50,32,46.0,61
20,seeded_random_10,20261785,10,5.0,15.0,0.3,12.205666666666666,11.669666666666666,-0.5360000000000005,305.0,0.001328233689330624,50,32,46.0,61
20,seeded_random_10,20261786,10,5.0,15.0,0.3,12.107999999999999,11.583,-0.5249999999999999,203.0,9.898605478397826e-06,50,32,46.0,61
20,seeded_random_10,20261787,10,5.0,15.0,0.3,11.986,11.683333333333332,-0.30266666666666653,433.0,0.04836827204270572,50,32,46.0,61
20,seeded_random_10,20261788,10,5.0,15.0,0.3,12.062666666666667,11.543666666666669,-0.5189999999999995,302.5,0.0012211817915496188,50,32,46.0,61
20,seeded_random_10,20261789,10,5.0,15.0,0.3,12.139666666666669,11.702999999999998,-0.4366666666666666,316.5,0.0019432276705021552,50,32,46.0,61
20,seeded_random_10,20261790,10,5.0,15.0,0.3,12.147333333333334,11.543333333333333,-0.6040000000000001,280.0,0.0005583744681927959,50,32,46.0,61
20,seeded_random_10,20261791,10,5.0,15.0,0.3,12.086333333333334,11.643333333333334,-0.4430000000000001,337.0,0.0037213899951256133,50,32,46.0,61
20,seeded_random_10,20261792,10,5.0,15.0,0.3,11.994999999999997,11.637,-0.3579999999999998,378.0,0.0122432354828053,50,32,46.0,61
20,seeded_random_10,20261793,10,5.0,15.0,0.3,12.145999999999999,11.569,-0.5769999999999997,231.5,8.877302208386532e-05,50,32,46.0,61
20,seeded_random_10,20261794,10,5.0,15.0,0.3,12.141000000000002,11.688333333333333,-0.4526666666666672,308.0,0.001468446778877409,50,32,46.0,61
20,seeded_random_10,20261795,10,5.0,15.0,0.3,12.119333333333332,11.742666666666665,-0.37666666666666637,347.0,0.008265210943922602,50,32,46.0,61
20,seeded_random_10,20261796,10,5.0,15.0,0.3,12.133333333333335,11.702333333333332,-0.4309999999999999,355.5,0.006481606085538486,50,32,46.0,61
20,seeded_random_10,20261797,10,5.0,15.0,0.3,12.057333333333336,11.789999999999997,-0.26733333333333326,419.5,0.05486764492383383,50,32,46.0,61
20,seeded_random_10,20261798,10,5.0,15.0,0.3,12.185666666666668,11.70466666666667,-0.4809999999999999,327.0,0.002723128806396715,50,32,46.0,61
20,seeded_random_10,20261799,10,5.0,15.0,0.3,12.243333333333332,11.645999999999999,-0.5973333333333335,271.5,0.00041062119623211753,50,32,46.0,61
20,seeded_random_10,20261800,10,5.0,15.0,0.3,12.06966666666667,11.495999999999999,-0.5736666666666665,316.0,0.0019118071106302601,50,32,46.0,61
20,seeded_random_10,20261801,10,5.0,15.0,0.3,12.125333333333334,11.624,-0.5013333333333331,241.0,0.00012934451684766163,50,32,46.0,61
20,seeded_random_10,20261802,10,5.0,15.0,0.3,12.152666666666669,11.709999999999997,-0.44266666666666665,289.5,0.0007810647613201448,50,32,46.0,61
20,seeded_random_10,20261803,10,5.0,15.0,0.3,12.110000000000003,11.758666666666665,-0.3513333333333333,355.5,0.006483472495070835,50,32,46.0,61
20,seeded_random_10,20261804,10,5.0,15.0,0.3,12.084333333333332,11.525,-0.5593333333333333,202.5,4.533373985318404e-05,50,32,46.0,61
20,seeded_random_10,20261805,10,5.0,15.0,0.3,12.162333333333333,11.781666666666665,-0.3806666666666672,347.5,0.005116893592917091,50,32,46.0,61
20,seeded_random_10,20261806,10,5.0,15.0,0.3,12.245,11.575333333333333,-0.6696666666666665,171.0,1.1236771801931734e-05,50,32,46.0,61
20,seeded_random_10,20261807,10,5.0,15.0,0.3,12.124333333333334,11.815666666666669,-0.30866666666666676,438.0,0.05411871242260912,50,32,46.0,61
20,seeded_random_10,20261808,10,5.0,15.0,0.3,12.034999999999998,11.674666666666665,-0.36033333333333323,362.5,0.01288836983680487,50,32,46.0,61
20,seeded_random_10,20261809,10,5.0,15.0,0.3,12.161333333333332,11.716666666666667,-0.4446666666666668,315.0,0.0018503612977608574,50,32,46.0,61
20,seeded_random_10,20261810,10,5.0,15.0,0.3,12.061333333333334,11.476,-0.5853333333333335,297.0,0.0010125437385243156,50,32,46.0,61
20,seeded_random_10,20261811,10,5.0,15.0,0.3,12.02266666666667,11.487,-0.535666666666667,360.0,0.0073879530908285244,50,32,46.0,61
20,seeded_random_10,20261812,10,5.0,15.0,0.3,12.161333333333335,11.580000000000002,-0.5813333333333336,242.0,0.00022825815929099935,50,32,46.0,61
20,seeded_random_10,20261813,10,5.0,15.0,0.3,12.047666666666668,11.628666666666668,-0.41900000000000026,340.5,0.004143081725515319,50,32,46.0,61
20,seeded_random_10,20261814,10,5.0,15.0,0.3,12.225333333333333,11.626666666666667,-0.5986666666666668,227.0,7.409441870922961e-05,50,32,46.0,61
20,seeded_random_10,20261815,10,5.0,15.0,0.3,12.046333333333331,11.653333333333332,-0.3930000000000001,304.0,0.0012844809562393405,50,32,46.0,61
20,seeded_random_10,20261816,10,5.0,15.0,0.3,12.178333333333333,11.716333333333331,-0.4619999999999999,330.0,0.00299320344195586,50,32,46.0,61
20,seeded_random_10,20261817,10,5.0,15.0,0.3,11.941333333333334,11.639000000000001,-0.3023333333333334,427.0,0.0421437349375627,50,32,46.0,61
20,seeded_random_10,20261818,10,5.0,15.0,0.3,12.114666666666665,11.572333333333333,-0.5423333333333333,262.5,0.00029460234830179955,50,32,46.0,61
20,seeded_random_10,20261819,10,5.0,15.0,0.3,12.189333333333334,11.604333333333331,-0.585,270.5,0.00039591102593745703,50,32,46.0,61
20,seeded_random_10,20261820,10,5.0,15.0,0.3,12.127333333333333,11.654666666666664,-0.47266666666666657,229.0,8.033105520948336e-05,50,32,46.0,61
20,seeded_random_10,20261821,10,5.0,15.0,0.3,12.142666666666667,11.540333333333333,-0.6023333333333334,230.5,8.530025209825076e-05,50,32,46.0,61
20,seeded_random_10,20261822,10,5.0,15.0,0.3,12.086666666666668,11.628666666666668,-0.4579999999999999,362.5,0.007937215840703093,50,32,46.0,61
20,seeded_random_10,20261823,10,5.0,15.0,0.3,12.092,11.459000000000001,-0.6330000000000002,211.5,3.9162042709151925e-05,50,32,46.0,61
20,seeded_random_10,20261824,10,5.0,15.0,0.3,12.008666666666665,11.493000000000002,-0.5156666666666664,275.0,0.0004663864480884455,50,32,46.0,61
20,seeded_random_10,20261825,10,5.0,15.0,0.3,12.152333333333333,11.677666666666667,-0.4746666666666666,284.5,0.0006550652747957179,50,32,46.0,61
20,seeded_random_10,20261826,10,5.0,15.0,0.3,12.191666666666668,11.658,-0.5336666666666668,278.5,0.0005290741455979457,50,32,46.0,61
20,seeded_random_10,20261827,10,5.0,15.0,0.3,11.995,11.471666666666666,-0.5233333333333328,302.5,0.002044308971923939,50,32,46.0,61
20,seeded_random_10,20261828,10,5.0,15.0,0.3,12.050999999999998,11.884333333333334,-0.16666666666666655,478.5,0.12480446096233733,50,32,46.0,61
20,seeded_random_10,20261829,10,5.0,15.0,0.3,12.077,11.624333333333334,-0.45266666666666666,279.0,0.0009081867647847886,50,32,46.0,61
20,seeded_random_10,20261830,10,5.0,15.0,0.3,12.187666666666667,11.755333333333333,-0.43233333333333357,355.5,0.006483472495070835,50,32,46.0,61
20,seeded_random_10,20261831,10,5.0,15.0,0.3,12.188999999999998,11.74,-0.4490000000000001,311.5,0.0016492083740529022,50,32,46.0,61
20,seeded_random_10,20261832,10,5.0,15.0,0.3,12.143666666666668,11.45266666666667,-0.6910000000000003,254.5,0.00021794871256631824,50,32,46.0,61
20,seeded_random_10,20261833,10,5.0,15.0,0.3,12.027000000000001,11.618000000000002,-0.4090000000000002,360.5,0.007495483399757712,50,32,46.0,61
20,seeded_random_10,20261834,10,5.0,15.0,0.3,12.042999999999997,11.632,-0.41100000000000025,349.0,0.0053519139301097,50,32,46.0,61
20,seeded_random_10,20261835,10,5.0,15.0,0.3,12.227333333333336,11.50366666666667,-0.7236666666666665,205.5,3.0421326848428814e-05,50,32,46.0,61
20,seeded_random_10,20261836,10,5.0,15.0,0.3,12.148333333333333,11.59333333333333,-0.5549999999999996,247.0,0.00016346275867348768,50,32,46.0,61
20,seeded_random_10,20261837,10,5.0,15.0,0.3,12.202333333333334,11.564666666666668,-0.6376666666666665,184.5,2.0670616564267954e-05,50,32,46.0,61
20,seeded_random_10,20261838,10,5.0,15.0,0.3,12.143333333333333,11.567,-0.5763333333333334,306.0,0.0013738919999695474,50,32,46.0,61
20,seeded_random_10,20261839,10,5.0,15.0,0.3,12.089333333333329,11.731666666666666,-0.35766666666666663,376.5,0.011747074702286505,50,32,46.0,61
20,seeded_random_10,20261840,10,5.0,15.0,0.3,12.150666666666666,11.676666666666666,-0.474,327.5,0.002766404171064021,50,32,46.0,61
20,seeded_random_10,20261841,10,5.0,15.0,0.3,12.001999999999999,11.671666666666665,-0.3303333333333335,389.0,0.016442718502678012,50,32,46.0,61
20,seeded_random_10,20261842,10,5.0,15.0,0.3,12.054333333333332,11.575000000000003,-0.4793333333333332,319.0,0.002107814604974993,50,32,46.0,61
20,seeded_random_10,20261843,10,5.0,15.0,0.3,12.025666666666671,11.738333333333337,-0.2873333333333337,425.0,0.04023097610849608,50,32,46.0,61
20,seeded_random_10,20261844,10,5.0,15.0,0.3,12.130333333333333,11.639333333333331,-0.4910000000000001,314.0,0.001790956015974484,50,32,46.0,61
20,seeded_random_10,20261845,10,5.0,15.0,0.3,12.138333333333332,11.700000000000003,-0.43833333333333313,351.0,0.009288045768598895,50,32,46.0,61
20,seeded_random_10,20261846,10,5.0,15.0,0.3,12.224333333333334,11.553999999999998,-0.6703333333333338,190.5,1.5955534863340747e-05,50,32,46.0,61
20,seeded_random_10,20261847,10,5.0,15.0,0.3,12.187999999999999,11.672333333333336,-0.5156666666666664,268.0,0.0003611620199731854,50,32,46.0,61
20,seeded_random_10,20261848,10,5.0,15.0,0.3,12.095333333333336,11.620333333333331,-0.4750000000000002,341.5,0.004270549331943678,50,32,46.0,61
20,seeded_random_10,20261849,10,5.0,15.0,0.3,12.141666666666666,11.528999999999996,-0.6126666666666665,238.0,0.0001149975430038293,50,32,46.0,61
20,seeded_random_10,20261850,10,5.0,15.0,0.3,12.195,11.708666666666666,-0.48633333333333334,295.5,0.0009618312952858989,50,32,46.0,61
20,seeded_random_10,20261851,10,5.0,15.0,0.3,12.133000000000003,11.517333333333331,-0.6156666666666666,242.0,0.00013452300138181805,50,32,46.0,61
20,seeded_random_10,20261852,10,5.0,15.0,0.3,12.051666666666666,11.595666666666666,-0.45600000000000007,302.0,0.0012006250606078886,50,32,46.0,61
20,seeded_random_10,20261853,10,5.0,15.0,0.3,12.075,11.600000000000005,-0.47499999999999987,257.5,0.00024415904597604906,50,32,46.0,61
20,seeded_random_10,20261854,10,5.0,15.0,0.3,12.033000000000001,11.371000000000002,-0.6620000000000004,154.0,5.093701903098872e-06,50,32,46.0,61
20,seeded_random_10,20261855,10,5.0,15.0,0.3,11.974000000000004,11.588333333333333,-0.38566666666666694,306.0,0.001373714316198093,50,32,46.0,61
20,seeded_random_10,20261856,10,5.0,15.0,0.3,12.124333333333334,11.59066666666667,-0.5336666666666663,315.5,0.0018810842101577006,50,32,46.0,61
20,seeded_random_10,20261857,10,5.0,15.0,0.3,12.15766666666667,11.513333333333335,-0.6443333333333332,293.5,0.0008977059331900729,50,32,46.0,61
20,seeded_random_10,20261858,10,5.0,15.0,0.3,12.190999999999999,11.644666666666668,-0.5463333333333328,301.0,0.0011605438292883001,50,32,46.0,61
20,seeded_random_10,20261859,10,5.0,15.0,0.3,12.131666666666668,11.652666666666667,-0.4789999999999999,230.5,0.00014470540122959167,50,32,46.0,61
20,seeded_random_10,20261860,10,5.0,15.0,0.3,12.193333333333333,11.629666666666667,-0.5636666666666668,269.5,0.0006449157690108469,50,32,46.0,61
20,seeded_random_10,20261861,10,5.0,15.0,0.3,11.999666666666664,11.632333333333333,-0.3673333333333335,410.0,0.028080545454866535,50,32,46.0,61
20,seeded_random_10,20261862,10,5.0,15.0,0.3,12.129666666666667,11.589999999999998,-0.5396666666666665,318.5,0.0020734592626350883,50,32,46.0,61
20,seeded_random_10,20261863,10,5.0,15.0,0.3,12.181666666666667,11.577333333333335,-0.6043333333333333,182.0,1.0969687813065026e-05,50,32,46.0,61
20,seeded_random_10,20261864,10,5.0,15.0,0.3,12.123666666666665,11.799000000000001,-0.32466666666666677,366.0,0.014203152190004608,50,32,46.0,61
20,seeded_random_10,20261865,10,5.0,15.0,0.3,12.030666666666669,11.702666666666666,-0.32800000000000024,367.0,0.014601242031084453,50,32,46.0,61
20,seeded_random_10,20261866,10,5.0,15.0,0.3,12.063666666666668,11.463000000000001,-0.6006666666666667,229.5,8.194837489169448e-05,50,32,46.0,61
20,seeded_random_10,20261867,10,5.0,15.0,0.3,12.236,11.693666666666665,-0.5423333333333331,282.5,0.0010280002891117604,50,32,46.0,61
20,seeded_random_10,20261868,10,5.0,15.0,0.3,12.06033333333333,11.735333333333335,-0.32499999999999973,416.5,0.03288891793185354,50,32,46.0,61
20,seeded_random_10,20261869,10,5.0,15.0,0.3,12.130666666666666,11.662333333333333,-0.46833333333333343,323.5,0.0024359798989712542,50,32,46.0,61
20,seeded_random_10,20261870,10,5.0,15.0,0.3,12.14033333333333,11.542666666666664,-0.5976666666666666,244.5,0.00014834310655804667,50,32,46.0,61
20,seeded_random_10,20261871,10,5.0,15.0,0.3,12.115666666666666,11.529000000000002,-0.5866666666666669,290.0,0.0007949320445712457,50,32,46.0,61
20,seeded_random_10,20261872,10,5.0,15.0,0.3,12.186666666666667,11.417,-0.7696666666666665,185.5,1.2808097163366691e-05,50,32,46.0,61
20,seeded_random_10,20261873,10,5.0,15.0,0.3,12.131999999999998,11.796,-0.3359999999999996,412.0,0.029490637423278423,50,32,46.0,61
20,seeded_random_10,20261874,10,5.0,15.0,0.3,12.215,11.612666666666666,-0.6023333333333335,212.5,4.083298988888328e-05,50,32,46.0,61
20,seeded_random_10,20261875,10,5.0,15.0,0.3,12.167999999999997,11.72733333333333,-0.44066666666666665,316.5,0.0019435828032319962,50,32,46.0,61
20,seeded_random_10,20261876,10,5.0,15.0,0.3,12.173333333333336,11.525666666666668,-0.6476666666666668,252.5,0.00020188805871331088,50,32,46.0,61
20,seeded_random_10,20261877,10,5.0,15.0,0.3,12.210666666666667,11.753,-0.4576666666666666,287.0,0.0012041112003951633,50,32,46.0,61
20,seeded_random_10,20261878,10,5.0,15.0,0.3,12.146333333333333,11.708666666666668,-0.43766666666666654,326.5,0.0026803193131925205,50,32,46.0,61
20,seeded_random_10,20261879,10,5.0,15.0,0.3,12.232000000000001,11.570333333333332,-0.6616666666666664,276.5,0.0004923684788498878,50,32,46.0,61
20,seeded_random_10,20261880,10,5.0,15.0,0.3,12.121666666666668,11.572666666666667,-0.5489999999999999,331.0,0.003088751681285892,50,32,46.0,61
20,seeded_random_10,20261881,10,5.0,15.0,0.3,12.213666666666665,11.519,-0.694666666666667,181.0,1.0493445011717198e-05,50,32,46.0,61
20,seeded_random_10,20261882,10,5.0,15.0,0.3,12.074333333333334,11.699000000000002,-0.37533333333333324,333.5,0.003338710968463247,50,32,46.0,61
20,seeded_random_10,20261883,10,5.0,15.0,0.3,12.059,11.585666666666667,-0.47333333333333316,328.5,0.0028545223979988925,50,32,46.0,61
20,seeded_random_10,20261884,10,5.0,15.0,0.3,12.088333333333333,11.684333333333331,-0.4039999999999999,318.0,0.0033947218104006137,50,32,46.0,61
20,seeded_random_10,20261885,10,5.0,15.0,0.3,12.229,11.635666666666665,-0.5933333333333332,221.0,5.802357622374633e-05,50,32,46.0,61
20,seeded_random_10,20261886,10,5.0,15.0,0.3,12.050666666666666,11.569,-0.481666666666667,323.5,0.0024355526004708073,50,32,46.0,61
20,seeded_random_10,20261887,10,5.0,15.0,0.3,12.271,11.470333333333333,-0.8006666666666666,143.0,1.809599138477e-06,50,32,46.0,61
20,seeded_random_10,20261888,10,5.0,15.0,0.3,12.113666666666667,11.550666666666666,-0.5630000000000003,299.5,0.00184808121495031,50,32,46.0,61
20,seeded_random_10,20261889,10,5.0,15.0,0.3,12.264333333333333,11.583000000000002,-0.6813333333333332,255.5,0.00022636412232790337,50,32,46.0,61
20,seeded_random_10,20261890,10,5.0,15.0,0.3,12.145,11.686999999999996,-0.45800000000000024,324.5,0.002514869129232267,50,32,46.0,61
20,seeded_random_10,20261891,10,5.0,15.0,0.3,12.214333333333334,11.625333333333334,-0.589,311.5,0.0016495185610250704,50,32,46.0,61
20,seeded_random_10,20261892,10,5.0,15.0,0.3,12.267000000000001,11.641333333333332,-0.6256666666666666,231.5,8.878143031901263e-05,50,32,46.0,61
20,seeded_random_10,20261893,10,5.0,15.0,0.3,12.170666666666666,11.560333333333336,-0.6103333333333333,312.5,0.0017044937688428436,50,32,46.0,61
20,seeded_random_10,20261894,10,5.0,15.0,0.3,12.236666666666668,11.471666666666668,-0.7649999999999999,104.5,4.3405468486639913e-07,50,32,46.0,61
20,seeded_random_10,20261895,10,5.0,15.0,0.3,12.080666666666666,11.74,-0.34066666666666684,342.0,0.004335496028395786,50,32,46.0,61
20,seeded_random_10,20261896,10,5.0,15.0,0.3,12.178333333333333,11.640666666666666,-0.5376666666666666,280.0,0.0009411346162562351,50,32,46.0,61
20,seeded_random_10,20261897,10,5.0,15.0,0.3,12.125666666666667,11.598666666666668,-0.5269999999999999,278.5,0.0005291138620346993,50,32,46.0,61
20,seeded_random_10,20261898,10,5.0,15.0,0.3,11.903333333333332,11.594000000000001,-0.30933333333333285,390.5,0.01710499027725686,50,32,46.0,61
20,seeded_random_10,20261899,10,5.0,15.0,0.3,12.157333333333334,11.763666666666671,-0.39366666666666705,352.5,0.0059348256010988195,50,32,46.0,61
20,seeded_random_10,20261900,10,5.0,15.0,0.3,12.144333333333332,11.585,-0.5593333333333336,283.5,0.0006324543842375969,50,32,46.0,61
20,seeded_random_10,20261901,10,5.0,15.0,0.3,12.151000000000002,11.712333333333333,-0.43866666666666704,305.5,0.0022593379645888547,50,32,46.0,61
20,seeded_random_10,20261902,10,5.0,15.0,0.3,12.153666666666666,11.519333333333334,-0.6343333333333331,260.5,0.0002733724640134098,50,32,46.0,61
20,seeded_random_10,20261903,10,5.0,15.0,0.3,12.015666666666666,11.459999999999997,-0.5556666666666668,257.0,0.0006861038122954644,50,32,46.0,61
20,seeded_random_10,20261904,10,5.0,15.0,0.3,12.087666666666669,11.705666666666666,-0.382,363.5,0.008167643831310077,50,32,46.0,61
20,seeded_random_10,20261905,10,5.0,15.0,0.3,12.120666666666667,11.674,-0.4466666666666669,308.0,0.002453738784352772,50,32,46.0,61
20,seeded_random_10,20261906,10,5.0,15.0,0.3,12.213666666666665,11.722666666666669,-0.4910000000000001,344.5,0.0046772535221249155,50,32,46.0,61
20,seeded_random_10,20261907,10,5.0,15.0,0.3,12.048,11.626666666666665,-0.42133333333333367,340.0,0.004080544933137064,50,32,46.0,61
20,seeded_random_10,20261908,10,5.0,15.0,0.3,12.122,11.472333333333331,-0.649666666666667,226.0,7.112637852346889e-05,50,32,46.0,61
20,seeded_random_10,20261909,10,5.0,15.0,0.3,12.069,11.600333333333333,-0.4686666666666667,286.0,0.0011628796429824927,50,32,46.0,61
20,seeded_random_10,20261910,10,5.0,15.0,0.3,12.10166666666667,11.46,-0.641666666666667,275.5,0.00047479290954398123,50,32,46.0,61
20,seeded_random_10,20261911,10,5.0,15.0,0.3,12.192666666666666,11.489666666666666,-0.7030000000000001,215.5,4.625647607946977e-05,50,32,46.0,61
20,seeded_random_10,20261912,10,5.0,15.0,0.3,12.284333333333334,11.734666666666667,-0.5496666666666666,292.0,0.0008521186996909048,50,32,46.0,61
20,seeded_random_10,20261913,10,5.0,15.0,0.3,12.202333333333334,11.554,-0.6483333333333335,209.5,3.601663474466334e-05,50,32,46.0,61
20,seeded_random_10,20261914,10,5.0,15.0,0.3,11.996333333333334,11.571333333333335,-0.4249999999999997,334.0,0.00559891935829493,50,32,46.0,61
20,seeded_random_10,20261915,10,5.0,15.0,0.3,12.118333333333332,11.667666666666667,-0.4506666666666666,331.5,0.0031371237381706348,50,32,46.0,61
20,seeded_random_10,20261916,10,5.0,15.0,0.3,12.046000000000001,11.6,-0.44599999999999956,265.0,0.0005466904364246334,50,32,46.0,61
20,seeded_random_10,20261917,10,5.0,15.0,0.3,12.14633333333333,11.497,-0.6493333333333337,207.5,3.309813437132368e-05,50,32,46.0,61
20,seeded_random_10,20261918,10,5.0,15.0,0.3,12.093000000000002,11.702333333333334,-0.3906666666666666,344.5,0.012507190818876286,50,32,46.0,61
20,seeded_random_10,20261919,10,5.0,15.0,0.3,12.075333333333333,11.573666666666666,-0.5016666666666665,278.5,0.0005289550087927773,50,32,46.0,61
20,seeded_random_10,20261920,10,5.0,15.0,0.3,12.299,11.566333333333334,-0.7326666666666667,142.0,1.7245491662113055e-06,50,32,46.0,61
20,seeded_random_10,20261921,10,5.0,15.0,0.3,12.180000000000001,11.713333333333333,-0.46666666666666673,267.0,0.0005885587998729155,50,32,46.0,61
20,seeded_random_10,20261922,10,5.0,15.0,0.3,12.123333333333335,11.525000000000002,-0.5983333333333333,218.5,5.235852311546313e-05,50,32,46.0,61
20,seeded_random_10,20261923,10,5.0,15.0,0.3,12.070333333333332,11.769,-0.3013333333333332,438.0,0.05411871242260912,50,32,46.0,61
20,seeded_random_10,20261924,10,5.0,15.0,0.3,12.176333333333332,11.633666666666668,-0.542666666666667,307.5,0.0014444465052408494,50,32,46.0,61
20,seeded_random_10,20261925,10,5.0,15.0,0.3,12.164666666666667,11.539666666666667,-0.6250000000000001,235.0,0.00010209519021330815,50,32,46.0,61
20,seeded_random_10,20261926,10,5.0,15.0,0.3,12.184666666666669,11.781333333333333,-0.40333333333333327,349.0,0.0053524494364796905,50,32,46.0,61
20,seeded_random_10,20261927,10,5.0,15.0,0.3,12.275999999999996,11.676333333333337,-0.5996666666666668,234.0,0.00016648404932889424,50,32,46.0,61
20,seeded_random_10,20261928,10,5.0,15.0,0.3,11.978000000000002,11.613999999999999,-0.36399999999999977,346.0,0.004893727738598007,50,32,46.0,61
20,seeded_random_10,20261929,10,5.0,15.0,0.3,12.232666666666665,11.587666666666669,-0.6450000000000001,230.5,8.532460420440928e-05,50,32,46.0,61
20,seeded_random_10,20261930,10,5.0,15.0,0.3,12.137666666666666,11.720666666666668,-0.41700000000000004,348.5,0.005273307155068924,50,32,46.0,61
20,seeded_random_10,20261931,10,5.0,15.0,0.3,12.152999999999999,11.525,-0.6279999999999999,218.0,5.131095359941759e-05,50,32,46.0,61
20,seeded_random_10,20261932,10,5.0,15.0,0.3,12.259666666666664,11.606999999999998,-0.6526666666666664,208.5,3.451541413298999e-05,50,32,46.0,61
20,seeded_random_10,20261933,10,5.0,15.0,0.3,12.281333333333334,11.646,-0.6353333333333333,144.0,1.897104049593262e-06,50,32,46.0,61
20,seeded_random_10,20261934,10,5.0,15.0,0.3,12.154333333333334,11.575,-0.5793333333333331,283.5,0.0006324543842375969,50,32,46.0,61
20,seeded_random_10,20261935,10,5.0,15.0,0.3,12.060333333333332,11.725,-0.3353333333333335,406.5,0.040438253669250655,50,32,46.0,61
20,seeded_random_10,20261936,10,5.0,15.0,0.3,12.133333333333335,11.70466666666667,-0.42866666666666675,372.0,0.010377495674537746,50,32,46.0,61
20,seeded_random_10,20261937,10,5.0,15.0,0.3,12.281333333333334,11.654333333333334,-0.6270000000000002,187.0,1.3683578583048833e-05,50,32,46.0,61
20,seeded_random_10,20261938,10,5.0,15.0,0.3,12.065666666666669,11.783666666666669,-0.2819999999999999,469.0,0.103814790031214,50,32,46.0,61
20,seeded_random_10,20261939,10,5.0,15.0,0.3,12.107666666666667,11.613333333333335,-0.49433333333333335,310.0,0.0015687728413432693,50,32,46.0,61
20,seeded_random_10,20261940,10,5.0,15.0,0.3,12.085666666666668,11.712666666666669,-0.3729999999999999,413.5,0.03058949821866291,50,32,46.0,61
20,seeded_random_10,20261941,10,5.0,15.0,0.3,12.105333333333336,11.672666666666665,-0.43266666666666675,353.0,0.006025512984348637,50,32,46.0,61
20,seeded_random_10,20261942,10,5.0,15.0,0.3,12.056,11.638666666666667,-0.41733333333333333,366.0,0.008770301774992691,50,32,46.0,61
20,seeded_random_10,20261943,10,5.0,15.0,0.3,12.068999999999999,11.579666666666666,-0.4893333333333333,333.5,0.0033385270671884284,50,32,46.0,61
20,seeded_random_10,20261944,10,5.0,15.0,0.3,12.178999999999998,11.617666666666667,-0.5613333333333332,237.5,0.00011275925647746472,50,32,46.0,61
20,seeded_random_10,20261945,10,5.0,15.0,0.3,12.155333333333331,11.750666666666666,-0.40466666666666684,355.0,0.006389389012672524,50,32,46.0,61
20,seeded_random_10,20261946,10,5.0,15.0,0.3,12.03,11.620666666666667,-0.4093333333333333,348.0,0.00851109996567174,50,32,46.0,61
20,seeded_random_10,20261947,10,5.0,15.0,0.3,12.155000000000003,11.671000000000001,-0.48400000000000004,304.0,0.001284396954378955,50,32,46.0,61
20,seeded_random_10,20261948,10,5.0,15.0,0.3,12.091000000000001,11.648666666666665,-0.44233333333333325,343.0,0.00447040949360455,50,32,46.0,61
20,seeded_random_10,20261949,10,5.0,15.0,0.3,12.088,11.638000000000002,-0.4499999999999995,307.0,0.003950479079076572,50,32,46.0,61
20,seeded_random_10,20261950,10,5.0,15.0,0.3,12.087,11.696,-0.39099999999999996,394.5,0.018986222684739856,50,32,46.0,61
20,seeded_random_10,20261951,10,5.0,15.0,0.3,12.257333333333333,11.782666666666664,-0.4746666666666664,312.0,0.0013303578723942167,50,32,46.0,61
20,seeded_random_10,20261952,10,5.0,15.0,0.3,12.036,11.696333333333335,-0.33966666666666656,397.0,0.020250111709290284,50,32,46.0,61
20,seeded_random_10,20261953,10,5.0,15.0,0.3,12.027333333333331,11.436,-0.5913333333333328,192.5,1.7403769791687828e-05,50,32,46.0,61
20,seeded_random_10,20261954,10,5.0,15.0,0.3,12.235333333333333,11.68,-0.5553333333333338,259.5,0.0002631728346848245,50,32,46.0,61
20,seeded_random_10,20261955,10,5.0,15.0,0.3,12.217,11.737333333333336,-0.47966666666666685,360.0,0.007386920431675045,50,32,46.0,61
20,seeded_random_10,20261956,10,5.0,15.0,0.3,12.086666666666668,11.526,-0.5606666666666666,233.5,0.00016320091984853833,50,32,46.0,61
20,seeded_random_10,20261957,10,5.0,15.0,0.3,12.074666666666667,11.584333333333333,-0.4903333333333336,248.5,0.00017316395243490234,50,32,46.0,61
20,seeded_random_10,20261958,10,5.0,15.0,0.3,12.122,11.688000000000002,-0.4339999999999998,351.0,0.005679855690876486,50,32,46.0,61
20,seeded_random_10,20261959,10,5.0,15.0,0.3,12.196333333333332,11.665333333333335,-0.5309999999999998,263.0,0.0003000728751272413,50,32,46.0,61
20,seeded_random_10,20261960,10,5.0,15.0,0.3,12.099666666666668,11.829666666666666,-0.2699999999999998,403.0,0.03715341625462605,50,32,46.0,61
20,seeded_random_10,20261961,10,5.0,15.0,0.3,12.104666666666667,11.647999999999998,-0.4566666666666667,294.0,0.0015334791395677175,50,32,46.0,61
20,seeded_random_10,20261962,10,5.0,15.0,0.3,12.004000000000001,11.609666666666667,-0.3943333333333333,472.5,0.11120084372557502,50,32,46.0,61
20,seeded_random_10,20261963,10,5.0,15.0,0.3,12.186666666666666,11.80766666666667,-0.3790000000000001,406.5,0.025751868040763685,50,32,46.0,61
20,seeded_random_10,20261964,10,5.0,15.0,0.3,12.031666666666665,11.618333333333332,-0.41333333333333333,323.0,0.0023970393985150488,50,32,46.0,61
20,seeded_random_10,20261965,10,5.0,15.0,0.3,12.218333333333332,11.448999999999998,-0.7693333333333334,163.0,4.636716981477716e-06,50,32,46.0,61
20,seeded_random_10,20261966,10,5.0,15.0,0.3,12.304666666666668,11.688666666666668,-0.6160000000000002,212.5,6.92153273813913e-05,50,32,46.0,61
20,seeded_random_10,20261967,10,5.0,15.0,0.3,12.012666666666668,11.694,-0.31866666666666654,460.5,0.0875102252428742,50,32,46.0,61
20,seeded_random_10,20261968,10,5.0,15.0,0.3,12.087666666666667,11.600999999999999,-0.48666666666666664,303.5,0.0012631074375689948,50,32,46.0,61
20,seeded_random_10,20261969,10,5.0,15.0,0.3,12.235999999999999,11.557,-0.6790000000000002,212.5,4.083298988888328e-05,50,32,46.0,61
20,seeded_random_10,20261970,10,5.0,15.0,0.3,12.075666666666669,11.519,-0.5566666666666664,253.0,0.00020584840756074555,50,32,46.0,61
20,seeded_random_10,20261971,10,5.0,15.0,0.3,12.22033333333333,11.763666666666666,-0.4566666666666667,318.5,0.0020737089782474952,50,32,46.0,61
20,seeded_random_10,20261972,10,5.0,15.0,0.3,12.126,11.62333333333333,-0.5026666666666669,277.0,0.0005013628223065848,50,32,46.0,61
20,seeded_random_10,20261973,10,5.0,15.0,0.3,12.209000000000001,11.581999999999999,-0.6270000000000002,214.0,4.347124110208616e-05,50,32,46.0,61
20,seeded_random_10,20261974,10,5.0,15.0,0.3,12.018333333333334,11.744333333333334,-0.27399999999999985,420.0,0.055502034407007635,50,32,46.0,61
20,seeded_random_10,20261975,10,5.0,15.0,0.3,12.167,11.716666666666665,-0.4503333333333332,313.5,0.0029366138292311315,50,32,46.0,61
20,seeded_random_10,20261976,10,5.0,15.0,0.3,12.077333333333334,11.535666666666666,-0.541666666666667,270.5,0.0003958800507904567,50,32,46.0,61
20,seeded_random_10,20261977,10,5.0,15.0,0.3,12.101333333333335,11.586666666666668,-0.5146666666666669,335.5,0.0035524199053440847,50,32,46.0,61
20,seeded_random_10,20261978,10,5.0,15.0,0.3,12.258,11.508666666666668,-0.7493333333333331,181.5,1.0728408850297149e-05,50,32,46.0,61
20,seeded_random_10,20261979,10,5.0,15.0,0.3,12.035666666666668,11.533333333333333,-0.5023333333333335,310.0,0.0015689712564671044,50,32,46.0,61
20,seeded_random_10,20261980,10,5.0,15.0,0.3,12.095000000000002,11.451333333333334,-0.643666666666667,221.5,5.9224167046012596e-05,50,32,46.0,61
20,seeded_random_10,20261981,10,5.0,15.0,0.3,12.207,11.559666666666667,-0.6473333333333333,250.5,0.00018695975630728302,50,32,46.0,61
20,seeded_random_10,20261982,10,5.0,15.0,0.3,12.095333333333333,11.729333333333335,-0.366,392.0,0.017790542454027947,50,32,46.0,61
20,seeded_random_10,20261983,10,5.0,15.0,0.3,12.098666666666668,11.666666666666668,-0.43200000000000016,318.0,0.0020407255379356233,50,32,46.0,61
20,seeded_random_10,20261984,10,5.0,15.0,0.3,12.007666666666667,11.782666666666666,-0.225,521.0,0.26073618284370104,50,32,46.0,61
20,seeded_random_10,20261985,10,5.0,15.0,0.3,12.377666666666666,11.671333333333331,-0.7063333333333327,186.0,1.3090772489241675e-05,50,32,46.0,61
20,seeded_random_10,20261986,10,5.0,15.0,0.3,11.998666666666669,11.648333333333333,-0.35033333333333344,329.0,0.002900522149395565,50,32,46.0,61
20,seeded_random_10,20261987,10,5.0,15.0,0.3,12.073,11.753000000000002,-0.3200000000000001,378.0,0.011529687649083797,50,32,46.0,61
20,seeded_random_10,20261988,10,5.0,15.0,0.3,12.012666666666666,11.596333333333334,-0.41633333333333356,348.0,0.005194438829624517,50,32,46.0,61
20,seeded_random_10,20261989,10,5.0,15.0,0.3,12.067333333333334,11.591666666666663,-0.4756666666666668,339.5,0.00401716011689729,50,32,46.0,61
20,seeded_random_10,20261990,10,5.0,15.0,0.3,12.071,11.806,-0.2649999999999999,431.0,0.04621235895914341,50,32,46.0,61
20,seeded_random_10,20261991,10,5.0,15.0,0.3,12.114666666666665,11.469999999999997,-0.6446666666666668,239.0,0.0001196223660547897,50,32,46.0,61
20,seeded_random_10,20261992,10,5.0,15.0,0.3,12.146333333333335,11.539000000000001,-0.6073333333333333,283.5,0.0006324081441019909,50,32,46.0,61
20,seeded_random_10,20261993,10,5.0,15.0,0.3,12.125,11.760666666666665,-0.3643333333333334,368.0,0.015009754393810444,50,32,46.0,61
20,seeded_random_10,20261994,10,5.0,15.0,0.3,12.12,11.645,-0.47499999999999987,349.5,0.005432933684710797,50,32,46.0,61
20,seeded_random_10,20261995,10,5.0,15.0,0.3,12.082666666666666,11.676666666666668,-0.4059999999999999,359.5,0.00728214780610708,50,32,46.0,61
20,seeded_random_10,20261996,10,5.0,15.0,0.3,12.078333333333335,11.502666666666666,-0.5756666666666667,218.0,5.12902727668301e-05,50,32,46.0,61
20,seeded_random_10,20261997,10,5.0,15.0,0.3,12.184333333333335,11.717,-0.4673333333333333,279.0,0.0005386107244460064,50,32,46.0,61
20,seeded_random_10,20261998,10,5.0,15.0,0.3,12.12,11.536666666666669,-0.5833333333333329,271.0,0.0004030933041343098,50,32,46.0,61
20,seeded_random_10,20261999,10,5.0,15.0,0.3,12.218000000000002,11.614,-0.6040000000000001,225.5,0.0001182749239327468,50,32,46.0,61
