force_level_mvc,selection_strategy,selection_seed,sample_size,fmin,fmax,isicv,normal_mean,dpn_mean,difference,wilcoxon_statistic,p_value,n_pairs,min_eligible_pool,median_eligible_pool,max_eligible_pool
50,seeded_random_10,20261000,10,5.0,15.0,0.3,11.52,11.474999999999998,-0.044999999999999575,24.0,0.76953125,10,32,39.0,49
50,seeded_random_10,20261001,10,5.0,15.0,0.3,11.596666666666666,11.42,-0.17666666666666728,26.5,0.9375,10,32,39.0,49
50,seeded_random_10,20261002,10,5.0,15.0,0.3,11.706666666666665,11.724999999999998,0.018333333333333358,22.0,0.625,10,32,39.0,49
50,seeded_random_10,20261003,10,5.0,15.0,0.3,11.94,11.603333333333333,-0.33666666666666617,20.0,0.4921875,10,32,39.0,49
50,seeded_random_10,20261004,10,5.0,15.0,0.3,11.875,11.758333333333333,-0.11666666666666696,23.0,0.6953125,10,32,39.0,49
50,seeded_random_10,20261005,10,5.0,15.0,0.3,11.505,11.613333333333333,0.10833333333333339,23.0,0.6953125,10,32,39.0,49
50,seeded_random_10,20261006,10,5.0,15.0,0.3,11.85833333333333,11.756666666666666,-0.10166666666666675,27.0,1.0,10,32,39.0,49
50,seeded_random_10,20261007,10,5.0,15.0,0.3,11.846666666666668,12.096666666666668,0.25,19.0,0.431640625,10,32,39.0,49
50,seeded_random_10,20261008,10,5.0,15.0,0.3,11.42,11.634999999999998,0.21500000000000039,23.0,0.6953125,10,32,39.0,49
50,seeded_random_10,20261009,10,5.0,15.0,0.3,11.918333333333333,11.773333333333333,-0.14499999999999957,25.0,0.845703125,10,32,39.0,49
50,seeded_random_10,20261010,10,5.0,15.0,0.3,11.571666666666667,11.456666666666667,-0.11499999999999985,23.0,0.6953125,10,32,39.0,49
50,seeded_random_10,20261011,10,5.0,15.0,0.3,11.516666666666666,11.374999999999996,-0.14166666666666697,26.0,0.921875,10,32,39.0,49
50,seeded_random_10,20261012,10,5.0,15.0,0.3,11.786666666666665,11.593333333333334,-0.1933333333333332,22.0,0.607421875,10,32,39.0,49
50,seeded_random_10,20261013,10,5.0,15.0,0.3,11.806666666666667,11.925,0.11833333333333354,25.0,0.845703125,10,32,39.0,49
50,seeded_random_10,20261014,10,5.0,15.0,0.3,11.851666666666667,11.706666666666667,-0.14499999999999993,27.0,1.0,10,32,39.0,49
50,seeded_random_10,20261015,10,5.0,15.0,0.3,11.513333333333334,12.048333333333334,0.5350000000000004,14.0,0.193359375,10,32,39.0,49
50,seeded_random_10,20261016,10,5.0,15.0,0.3,11.553333333333333,11.581666666666667,0.028333333333333675,20.0,0.4765625,10,32,39.0,49
50,seeded_random_10,20261017,10,5.0,15.0,0.3,11.673333333333336,11.291666666666668,-0.38166666666666665,23.0,0.6953125,10,32,39.0,49
50,seeded_random_10,20261018,10,5.0,15.0,0.3,11.756666666666666,11.425,-0.33166666666666683,15.0,0.232421875,10,32,39.0,49
50,seeded_random_10,20261019,10,5.0,15.0,0.3,11.544999999999998,11.479999999999999,-0.06500000000000057,23.0,0.6953125,10,32,39.0,49
50,seeded_random_10,20261020,10,5.0,15.0,0.3,11.395,11.705,0.3099999999999998,16.0,0.275390625,10,32,39.0,49
50,seeded_random_10,20261021,10,5.0,15.0,0.3,12.233333333333333,11.963333333333335,-0.2700000000000003,24.0,0.76953125,10,32,39.0,49
50,seeded_random_10,20261022,10,5.0,15.0,0.3,12.006666666666664,11.671666666666667,-0.33499999999999963,19.0,0.431640625,10,32,39.0,49
50,seeded_random_10,20261023,10,5.0,15.0,0.3,11.645,11.546666666666665,-0.09833333333333324,26.0,0.921875,10,32,39.0,49
50,seeded_random_10,20261024,10,5.0,15.0,0.3,11.446666666666665,11.875,0.42833333333333334,18.0,0.375,10,32,39.0,49
50,seeded_random_10,20261025,10,5.0,15.0,0.3,11.495000000000001,11.888333333333332,0.3933333333333325,18.0,0.375,10,32,39.0,49
50,seeded_random_10,20261026,10,5.0,15.0,0.3,11.613333333333333,12.088333333333333,0.475,7.0,0.037109375,10,32,39.0,49
50,seeded_random_10,20261027,10,5.0,15.0,0.3,11.503333333333334,11.638333333333332,0.13499999999999995,26.5,0.943359375,10,32,39.0,49
50,seeded_random_10,20261028,10,5.0,15.0,0.3,12.01,11.616666666666665,-0.3933333333333332,17.0,0.322265625,10,32,39.0,49
50,seeded_random_10,20261029,10,5.0,15.0,0.3,11.728333333333333,11.695000000000002,-0.033333333333333215,23.0,0.6953125,10,32,39.0,49
50,seeded_random_10,20261030,10,5.0,15.0,0.3,11.851666666666667,11.673333333333334,-0.17833333333333332,20.0,0.4921875,10,32,39.0,49
50,seeded_random_10,20261031,10,5.0,15.0,0.3,11.74,11.77,0.03000000000000025,26.0,0.921875,10,32,39.0,49
50,seeded_random_10,20261032,10,5.0,15.0,0.3,11.676666666666666,11.576666666666666,-0.10000000000000017,26.0,0.921875,10,32,39.0,49
50,seeded_random_10,20261033,10,5.0,15.0,0.3,11.799999999999999,11.816666666666666,0.016666666666667142,19.0,0.431640625,10,32,39.0,49
50,seeded_random_10,20261034,10,5.0,15.0,0.3,11.67,11.433333333333334,-0.23666666666666672,19.0,0.431640625,10,32,39.0,49
50,seeded_random_10,20261035,10,5.0,15.0,0.3,11.184999999999999,11.35833333333333,0.17333333333333326,23.0,0.6953125,10,32,39.0,49
50,seeded_random_10,20261036,10,5.0,15.0,0.3,12.066666666666668,11.416666666666668,-0.6500000000000004,13.0,0.16015625,10,32,39.0,49
50,seeded_random_10,20261037,10,5.0,15.0,0.3,11.493333333333334,11.65,0.156666666666667,22.0,0.607421875,10,32,39.0,49
50,seeded_random_10,20261038,10,5.0,15.0,0.3,11.365,11.76,0.39499999999999974,17.0,0.322265625,10,32,39.0,49
50,seeded_random_10,20261039,10,5.0,15.0,0.3,11.618333333333334,11.675,0.056666666666665755,26.0,0.921875,10,32,39.0,49
50,seeded_random_10,20261040,10,5.0,15.0,0.3,11.8,11.835,0.035000000000000676,27.0,1.0,10,32,39.0,49
50,seeded_random_10,20261041,10,5.0,15.0,0.3,11.518333333333334,11.815000000000001,0.29666666666666686,19.0,0.431640625,10,32,39.0,49
50,seeded_random_10,20261042,10,5.0,15.0,0.3,11.726666666666665,11.761666666666667,0.035000000000000496,26.0,0.921875,10,32,39.0,49
50,seeded_random_10,20261043,10,5.0,15.0,0.3,11.473333333333333,11.508333333333333,0.03499999999999979,25.0,0.845703125,10,32,39.0,49
50,seeded_random_10,20261044,10,5.0,15.0,0.3,11.881666666666664,11.346666666666668,-0.5349999999999996,13.5,0.169921875,10,32,39.0,49
50,seeded_random_10,20261045,10,5.0,15.0,0.3,11.621666666666666,11.866666666666667,0.24499999999999958,20.0,0.4921875,10,32,39.0,49
50,seeded_random_10,20261046,10,5.0,15.0,0.3,11.538333333333332,11.4,-0.13833333333333275,24.0,0.76953125,10,32,39.0,49
50,seeded_random_10,20261047,10,5.0,15.0,0.3,11.756666666666666,11.393333333333334,-0.3633333333333336,14.0,0.193359375,10,32,39.0,49
50,seeded_random_10,20261048,10,5.0,15.0,0.3,11.638333333333332,11.536666666666665,-0.10166666666666657,27.0,1.0,10,32,39.0,49
50,seeded_random_10,20261049,10,5.0,15.0,0.3,11.651666666666667,11.901666666666667,0.24999999999999983,18.0,0.375,10,32,39.0,49
50,seeded_random_10,20261050,10,5.0,15.0,0.3,11.778333333333334,11.326666666666666,-0.45166666666666694,18.0,0.375,10,32,39.0,49
50,seeded_random_10,20261051,10,5.0,15.0,0.3,11.848333333333333,11.716666666666665,-0.13166666666666665,22.0,0.625,10,32,39.0,49
50,seeded_random_10,20261052,10,5.0,15.0,0.3,11.178333333333333,11.671666666666665,0.4933333333333332,17.0,0.322265625,10,32,39.0,49
50,seeded_random_10,20261053,10,5.0,15.0,0.3,11.826666666666668,11.466666666666665,-0.36000000000000065,21.0,0.556640625,10,32,39.0,49
50,seeded_random_10,20261054,10,5.0,15.0,0.3,11.415,12.046666666666667,0.6316666666666668,14.0,0.193359375,10,32,39.0,49
50,seeded_random_10,20261055,10,5.0,15.0,0.3,11.666666666666668,11.920000000000002,0.253333333333334,23.0,0.6953125,10,32,39.0,49
50,seeded_random_10,20261056,10,5.0,15.0,0.3,11.688333333333334,11.84,0.15166666666666623,25.0,0.845703125,10,32,39.0,49
50,seeded_random_10,20261057,10,5.0,15.0,0.3,11.760000000000002,11.586666666666666,-0.17333333333333342,23.0,0.6953125,10,32,39.0,49
50,seeded_random_10,20261058,10,5.0,15.0,0.3,12.036666666666665,11.703333333333333,-0.33333333333333426,23.0,0.6953125,10,32,39.0,49
50,seeded_random_10,20261059,10,5.0,15.0,0.3,11.598333333333333,11.633333333333333,0.035000000000000496,24.0,0.76953125,10,32,39.0,49
50,seeded_random_10,20261060,10,5.0,15.0,0.3,11.768333333333333,11.646666666666665,-0.12166666666666667,22.0,0.607421875,10,32,39.0,49
50,seeded_random_10,20261061,10,5.0,15.0,0.3,11.945000000000002,11.513333333333334,-0.43166666666666664,15.0,0.232421875,10,32,39.0,49
50,seeded_random_10,20261062,10,5.0,15.0,0.3,11.805000000000001,11.885,0.08000000000000043,24.0,0.76953125,10,32,39.0,49
50,seeded_random_10,20261063,10,5.0,15.0,0.3,11.641666666666667,11.863333333333333,0.2216666666666672,18.0,0.375,10,32,39.0,49
50,seeded_random_10,20261064,10,5.0,15.0,0.3,11.458333333333334,11.533333333333331,0.07499999999999982,25.0,0.826171875,10,32,39.0,49
50,seeded_random_10,20261065,10,5.0,15.0,0.3,11.536666666666667,11.671666666666667,0.13500000000000068,25.0,0.845703125,10,32,39.0,49
50,seeded_random_10,20261066,10,5.0,15.0,0.3,11.6,11.571666666666669,-0.028333333333332968,23.0,0.6953125,10,32,39.0,49
50,seeded_random_10,20261067,10,5.0,15.0,0.3,11.34,11.818333333333332,0.4783333333333328,18.0,0.375,10,32,39.0,49
50,seeded_random_10,20261068,10,5.0,15.0,0.3,11.608333333333334,11.559999999999999,-0.048333333333333076,24.0,0.76953125,10,32,39.0,49
50,seeded_random_10,20261069,10,5.0,15.0,0.3,11.753333333333334,11.266666666666667,-0.4866666666666667,18.0,0.375,10,32,39.0,49
50,seeded_random_10,20261070,10,5.0,15.0,0.3,11.643333333333334,11.643333333333333,-1.7763568394002506e-16,26.0,0.921875,10,32,39.0,49
50,seeded_random_10,20261071,10,5.0,15.0,0.3,11.571666666666669,11.825000000000001,0.2533333333333337,18.5,0.388671875,10,32,39.0,49
50,seeded_random_10,20261072,10,5.0,15.0,0.3,11.75,11.228333333333332,-0.5216666666666672,13.0,0.16015625,10,32,39.0,49
50,seeded_random_10,20261073,10,5.0,15.0,0.3,11.378333333333334,11.785,0.4066666666666663,17.0,0.322265625,10,32,39.0,49
50,seeded_random_10,20261074,10,5.0,15.0,0.3,11.665000000000001,11.673333333333334,0.008333333333333571,26.0,0.921875,10,32,39.0,49
50,seeded_random_10,20261075,10,5.0,15.0,0.3,11.208333333333332,11.346666666666668,0.13833333333333347,26.5,0.943359375,10,32,39.0,49
50,seeded_random_10,20261076,10,5.0,15.0,0.3,11.913333333333332,11.72,-0.19333333333333388,19.0,0.431640625,10,32,39.0,49
50,seeded_random_10,20261077,10,5.0,15.0,0.3,11.67,11.526666666666667,-0.14333333333333317,25.0,0.845703125,10,32,39.0,49
50,seeded_random_10,20261078,10,5.0,15.0,0.3,11.631666666666666,11.895,0.2633333333333335,16.0,0.49609375,10,32,39.0,49
50,seeded_random_10,20261079,10,5.0,15.0,0.3,11.90666666666667,11.966666666666665,0.05999999999999979,24.0,0.76953125,10,32,39.0,49
50,seeded_random_10,20261080,10,5.0,15.0,0.3,11.833333333333332,11.856666666666666,0.02333333333333325,24.0,0.76953125,10,32,39.0,49
50,seeded_random_10,20261081,10,5.0,15.0,0.3,11.516666666666667,11.836666666666668,0.32000000000000084,20.0,0.4765625,10,32,39.0,49
50,seeded_random_10,20261082,10,5.0,15.0,0.3,11.295,11.628333333333334,0.3333333333333332,21.0,0.556640625,10,32,39.0,49
50,seeded_random_10,20261083,10,5.0,15.0,0.3,11.566666666666666,11.473333333333333,-0.09333333333333371,24.0,0.76953125,10,32,39.0,49
50,seeded_random_10,20261084,10,5.0,15.0,0.3,11.678333333333333,11.291666666666666,-0.38666666666666727,17.0,0.322265625,10,32,39.0,49
50,seeded_random_10,20261085,10,5.0,15.0,0.3,11.613333333333333,11.476666666666667,-0.13666666666666671,26.0,0.921875,10,32,39.0,49
50,seeded_random_10,20261086,10,5.0,15.0,0.3,11.165,11.966666666666665,0.8016666666666665,12.0,0.130859375,10,32,39.0,49
50,seeded_random_10,20261087,10,5.0,15.0,0.3,11.898333333333333,11.631666666666666,-0.2666666666666675,21.0,0.556640625,10,32,39.0,49
50,seeded_random_10,20261088,10,5.0,15.0,0.3,11.803333333333335,11.201666666666664,-0.6016666666666672,13.0,0.16015625,10,32,39.0,49
50,seeded_random_10,20261089,10,5.0,15.0,0.3,11.636666666666667,11.7,0.0633333333333331,22.0,0.625,10,32,39.0,49
50,seeded_random_10,20261090,10,5.0,15.0,0.3,11.586666666666668,11.665000000000001,0.07833333333333332,23.0,0.6953125,10,32,39.0,49
50,seeded_random_10,20261091,10,5.0,15.0,0.3,12.071666666666665,11.733333333333333,-0.33833333333333365,21.0,0.556640625,10,32,39.0,49
50,seeded_random_10,20261092,10,5.0,15.0,0.3,11.723333333333333,11.415,-0.30833333333333374,15.0,0.232421875,10,32,39.0,49
50,seeded_random_10,20261093,10,5.0,15.0,0.3,11.863333333333333,11.745,-0.1183333333333337,27.0,1.0,10,32,39.0,49
50,seeded_random_10,20261094,10,5.0,15.0,0.3,11.934999999999999,11.925,-0.00999999999999961,27.0,1.0,10,32,39.0,49
50,seeded_random_10,20261095,10,5.0,15.0,0.3,11.661666666666667,11.445,-0.21666666666666642,20.0,0.4921875,10,32,39.0,49
50,seeded_random_10,20261096,10,5.0,15.0,0.3,11.75,11.623333333333335,-0.12666666666666604,26.0,0.921875,10,32,39.0,49
50,seeded_random_10,20261097,10,5.0,15.0,0.3,11.305,11.754999999999999,0.4499999999999993,17.0,0.322265625,10,32,39.0,49
50,seeded_random_10,20261098,10,5.0,15.0,0.3,11.514999999999997,11.785,0.2700000000000003,21.0,0.556640625,10,32,39.0,49
50,seeded_random_10,20261099,10,5.0,15.0,0.3,11.856666666666666,11.716666666666667,-0.13999999999999932,21.0,0.556640625,10,32,39.0,49
50,seeded_random_10,20261100,10,5.0,15.0,0.3,11.379999999999999,11.698333333333334,0.31833333333333425,20.0,0.4921875,10,32,39.0,49
50,seeded_random_10,20261101,10,5.0,15.0,0.3,11.695,11.373333333333333,-0.3216666666666663,14.0,0.193359375,10,32,39.0,49
50,seeded_random_10,20261102,10,5.0,15.0,0.3,11.995,11.44,-0.5549999999999997,16.0,0.275390625,10,32,39.0,49
50,seeded_random_10,20261103,10,5.0,15.0,0.3,11.845,12.0,0.15500000000000008,23.0,0.6953125,10,32,39.0,49
50,seeded_random_10,20261104,10,5.0,15.0,0.3,11.59,11.796666666666667,0.20666666666666716,21.0,0.556640625,10,32,39.0,49
50,seeded_random_10,20261105,10,5.0,15.0,0.3,11.656666666666668,11.843333333333332,0.1866666666666667,24.0,0.76953125,10,32,39.0,49
50,seeded_random_10,20261106,10,5.0,15.0,0.3,12.01,11.915000000000001,-0.09499999999999975,24.0,0.76953125,10,32,39.0,49
50,seeded_random_10,20261107,10,5.0,15.0,0.3,11.331666666666667,11.738333333333333,0.4066666666666672,22.0,0.625,10,32,39.0,49
50,seeded_random_10,20261108,10,5.0,15.0,0.3,11.853333333333333,11.448333333333334,-0.4049999999999992,15.0,0.232421875,10,32,39.0,49
50,seeded_random_10,20261109,10,5.0,15.0,0.3,11.78,12.078333333333335,0.29833333333333323,24.0,0.76953125,10,32,39.0,49
50,seeded_random_10,20261110,10,5.0,15.0,0.3,11.466666666666665,11.415000000000001,-0.051666666666666215,24.0,0.76953125,10,32,39.0,49
50,seeded_random_10,20261111,10,5.0,15.0,0.3,11.471666666666666,11.691666666666666,0.2200000000000001,18.0,0.375,10,32,39.0,49
50,seeded_random_10,20261112,10,5.0,15.0,0.3,11.431666666666667,11.633333333333333,0.20166666666666605,27.0,1.0,10,32,39.0,49
50,seeded_random_10,20261113,10,5.0,15.0,0.3,11.735000000000001,11.558333333333332,-0.17666666666666728,21.0,0.556640625,10,32,39.0,49
50,seeded_random_10,20261114,10,5.0,15.0,0.3,11.538333333333334,11.676666666666668,0.13833333333333328,26.0,0.921875,10,32,39.0,49
50,seeded_random_10,20261115,10,5.0,15.0,0.3,11.559999999999999,11.748333333333333,0.18833333333333274,22.0,0.625,10,32,39.0,49
50,seeded_random_10,20261116,10,5.0,15.0,0.3,11.465,11.585,0.11999999999999975,25.0,0.845703125,10,32,39.0,49
50,seeded_random_10,20261117,10,5.0,15.0,0.3,11.559999999999999,11.31,-0.25000000000000017,23.0,0.6953125,10,32,39.0,49
50,seeded_random_10,20261118,10,5.0,15.0,0.3,11.668333333333333,11.788333333333334,0.12000000000000063,25.0,0.845703125,10,32,39.0,49
50,seeded_random_10,20261119,10,5.0,15.0,0.3,11.745,11.73,-0.014999999999999325,26.0,0.921875,10,32,39.0,49
50,seeded_random_10,20261120,10,5.0,15.0,0.3,11.879999999999999,11.456666666666667,-0.4233333333333338,18.0,0.375,10,32,39.0,49
50,seeded_random_10,20261121,10,5.0,15.0,0.3,11.71,11.34,-0.3700000000000001,20.0,0.4921875,10,32,39.0,49
50,seeded_random_10,20261122,10,5.0,15.0,0.3,11.676666666666666,11.968333333333334,0.29166666666666696,17.0,0.322265625,10,32,39.0,49
50,seeded_random_10,20261123,10,5.0,15.0,0.3,11.578333333333331,11.870000000000001,0.2916666666666668,21.0,0.556640625,10,32,39.0,49
50,seeded_random_10,20261124,10,5.0,15.0,0.3,11.765,11.601666666666667,-0.16333333333333275,21.0,0.541015625,10,32,39.0,49
50,seeded_random_10,20261125,10,5.0,15.0,0.3,11.868333333333334,11.968333333333334,0.10000000000000017,25.0,0.845703125,10,32,39.0,49
50,seeded_random_10,20261126,10,5.0,15.0,0.3,11.5,11.610000000000001,0.10999999999999996,26.0,0.921875,10,32,39.0,49
50,seeded_random_10,20261127,10,5.0,15.0,0.3,11.346666666666668,11.658333333333335,0.31166666666666726,17.0,0.322265625,10,32,39.0,49
50,seeded_random_10,20261128,10,5.0,15.0,0.3,11.658333333333333,11.621666666666666,-0.03666666666666689,24.0,0.76953125,10,32,39.0,49
50,seeded_random_10,20261129,10,5.0,15.0,0.3,11.431666666666667,11.621666666666666,0.19000000000000092,22.0,0.625,10,32,39.0,49
50,seeded_random_10,20261130,10,5.0,15.0,0.3,11.36,11.36,-1.7763568394002506e-16,27.0,1.0,10,32,39.0,49
50,seeded_random_10,20261131,10,5.0,15.0,0.3,11.218333333333334,11.395,0.17666666666666622,20.0,0.4921875,10,32,39.0,49
50,seeded_random_10,20261132,10,5.0,15.0,0.3,11.896666666666667,11.775,-0.12166666666666633,27.0,1.0,10,32,39.0,49
50,seeded_random_10,20261133,10,5.0,15.0,0.3,11.878333333333334,11.813333333333333,-0.06500000000000075,26.0,0.921875,10,32,39.0,49
50,seeded_random_10,20261134,10,5.0,15.0,0.3,11.806666666666668,11.286666666666665,-0.5200000000000005,11.0,0.10546875,10,32,39.0,49
50,seeded_random_10,20261135,10,5.0,15.0,0.3,11.556666666666667,11.573333333333332,0.01666666666666643,20.5,0.84375,10,32,39.0,49
50,seeded_random_10,20261136,10,5.0,15.0,0.3,11.804999999999998,11.629999999999999,-0.1749999999999991,25.0,0.845703125,10,32,39.0,49
50,seeded_random_10,20261137,10,5.0,15.0,0.3,11.673333333333332,11.528333333333332,-0.1449999999999994,25.0,0.845703125,10,32,39.0,49
50,seeded_random_10,20261138,10,5.0,15.0,0.3,11.645,11.571666666666669,-0.07333333333333289,26.0,0.921875,10,32,39.0,49
50,seeded_random_10,20261139,10,5.0,15.0,0.3,11.391666666666666,11.605,0.21333333333333293,22.0,0.625,10,32,39.0,49
50,seeded_random_10,20261140,10,5.0,15.0,0.3,11.45,11.46166666666667,0.011666666666666714,27.0,1.0,10,32,39.0,49
50,seeded_random_10,20261141,10,5.0,15.0,0.3,11.513333333333334,12.025,0.5116666666666664,9.0,0.064453125,10,32,39.0,49
50,seeded_random_10,20261142,10,5.0,15.0,0.3,11.716666666666667,11.398333333333333,-0.31833333333333336,20.0,0.4921875,10,32,39.0,49
50,seeded_random_10,20261143,10,5.0,15.0,0.3,11.73333333333333,11.638333333333332,-0.09499999999999922,23.0,0.6953125,10,32,39.0,49
50,seeded_random_10,20261144,10,5.0,15.0,0.3,11.614999999999998,11.436666666666667,-0.17833333333333243,21.0,0.556640625,10,32,39.0,49
50,seeded_random_10,20261145,10,5.0,15.0,0.3,11.959999999999997,11.728333333333335,-0.2316666666666663,20.0,0.4921875,10,32,39.0,49
50,seeded_random_10,20261146,10,5.0,15.0,0.3,11.553333333333333,11.923333333333334,0.36999999999999994,18.0,0.375,10,32,39.0,49
50,seeded_random_10,20261147,10,5.0,15.0,0.3,11.870000000000001,11.766666666666667,-0.10333333333333368,24.0,0.76953125,10,32,39.0,49
50,seeded_random_10,20261148,10,5.0,15.0,0.3,11.713333333333335,11.771666666666667,0.05833333333333357,18.0,0.375,10,32,39.0,49
50,seeded_random_10,20261149,10,5.0,15.0,0.3,11.753333333333332,11.966666666666669,0.21333333333333435,19.0,0.431640625,10,32,39.0,49
50,seeded_random_10,20261150,10,5.0,15.0,0.3,11.703333333333335,11.515,-0.18833333333333346,21.0,0.556640625,10,32,39.0,49
50,seeded_random_10,20261151,10,5.0,15.0,0.3,11.748333333333333,11.415000000000001,-0.3333333333333332,14.0,0.193359375,10,32,39.0,49
50,seeded_random_10,20261152,10,5.0,15.0,0.3,11.434999999999999,11.275,-0.16000000000000014,23.0,0.6953125,10,32,39.0,49
50,seeded_random_10,20261153,10,5.0,15.0,0.3,11.611666666666666,11.576666666666666,-0.034999999999999434,26.0,0.921875,10,32,39.0,49
50,seeded_random_10,20261154,10,5.0,15.0,0.3,11.615,11.876666666666667,0.26166666666666616,21.0,0.556640625,10,32,39.0,49
50,seeded_random_10,20261155,10,5.0,15.0,0.3,11.426666666666666,11.343333333333334,-0.08333333333333375,25.0,0.845703125,10,32,39.0,49
50,seeded_random_10,20261156,10,5.0,15.0,0.3,11.596666666666668,11.686666666666666,0.08999999999999986,27.0,1.0,10,32,39.0,49
50,seeded_random_10,20261157,10,5.0,15.0,0.3,11.676666666666668,11.798333333333336,0.1216666666666674,19.0,0.431640625,10,32,39.0,49
50,seeded_random_10,20261158,10,5.0,15.0,0.3,11.763333333333332,11.819999999999999,0.056666666666667,24.0,0.76953125,10,32,39.0,49
50,seeded_random_10,20261159,10,5.0,15.0,0.3,11.101666666666667,12.105,1.0033333333333336,5.0,0.01953125,10,32,39.0,49
50,seeded_random_10,20261160,10,5.0,15.0,0.3,11.961666666666666,11.4,-0.5616666666666663,17.0,0.322265625,10,32,39.0,49
50,seeded_random_10,20261161,10,5.0,15.0,0.3,11.898333333333333,11.491666666666667,-0.406666666666667,18.0,0.375,10,32,39.0,49
50,seeded_random_10,20261162,10,5.0,15.0,0.3,11.633333333333333,11.831666666666667,0.19833333333333342,16.0,0.275390625,10,32,39.0,49
50,seeded_random_10,20261163,10,5.0,15.0,0.3,11.684999999999999,11.835,0.14999999999999983,22.0,0.625,10,32,39.0,49
50,seeded_random_10,20261164,10,5.0,15.0,0.3,11.739999999999998,11.425,-0.31499999999999967,19.0,0.416015625,10,32,39.0,49
50,seeded_random_10,20261165,10,5.0,15.0,0.3,11.473333333333333,11.518333333333333,0.04499999999999975,25.0,0.845703125,10,32,39.0,49
50,seeded_random_10,20261166,10,5.0,15.0,0.3,11.78,11.518333333333334,-0.26166666666666705,16.0,0.275390625,10,32,39.0,49
50,seeded_random_10,20261167,10,5.0,15.0,0.3,11.888333333333334,11.481666666666667,-0.40666666666666645,17.0,0.322265625,10,32,39.0,49
50,seeded_random_10,20261168,10,5.0,15.0,0.3,11.450000000000001,11.658333333333333,0.2083333333333334,21.0,0.556640625,10,32,39.0,49
50,seeded_random_10,20261169,10,5.0,15.0,0.3,11.766666666666666,12.136666666666667,0.3700000000000001,19.5,0.447265625,10,32,39.0,49
50,seeded_random_10,20261170,10,5.0,15.0,0.3,11.953333333333335,11.94,-0.013333333333333997,26.0,0.921875,10,32,39.0,49
50,seeded_random_10,20261171,10,5.0,15.0,0.3,11.680000000000001,11.936666666666667,0.2566666666666668,23.0,0.6953125,10,32,39.0,49
50,seeded_random_10,20261172,10,5.0,15.0,0.3,11.658333333333333,11.416666666666666,-0.24166666666666642,26.0,0.921875,10,32,39.0,49
50,seeded_random_10,20261173,10,5.0,15.0,0.3,11.606666666666666,11.356666666666666,-0.25,22.0,0.625,10,32,39.0,49
50,seeded_random_10,20261174,10,5.0,15.0,0.3,11.375000000000002,11.375,-1.0658141036401502e-15,26.0,0.921875,10,32,39.0,49
50,seeded_random_10,20261175,10,5.0,15.0,0.3,11.553333333333333,11.444999999999999,-0.10833333333333392,27.0,1.0,10,32,39.0,49
50,seeded_random_10,20261176,10,5.0,15.0,0.3,11.581666666666667,11.52,-0.06166666666666672,26.0,0.921875,10,32,39.0,49
50,seeded_random_10,20261177,10,5.0,15.0,0.3,11.641666666666667,11.675,0.033333333333333034,27.0,1.0,10,32,39.0,49
50,seeded_random_10,20261178,10,5.0,15.0,0.3,11.440000000000001,11.771666666666668,0.331666666666667,16.0,0.275390625,10,32,39.0,49
50,seeded_random_10,20261179,10,5.0,15.0,0.3,11.785,11.256666666666668,-0.5283333333333333,12.0,0.25,10,32,39.0,49
50,seeded_random_10,20261180,10,5.0,15.0,0.3,11.441666666666666,11.614999999999998,0.17333333333333306,25.0,0.845703125,10,32,39.0,49
50,seeded_random_10,20261181,10,5.0,15.0,0.3,11.92,11.455,-0.465,22.0,0.603515625,10,32,39.0,49
50,seeded_random_10,20261182,10,5.0,15.0,0.3,11.748333333333335,11.515,-0.23333333333333303,20.0,0.4921875,10,32,39.0,49
50,seeded_random_10,20261183,10,5.0,15.0,0.3,11.741666666666667,11.541666666666668,-0.20000000000000034,17.5,0.333984375,10,32,39.0,49
50,seeded_random_10,20261184,10,5.0,15.0,0.3,11.638333333333332,11.626666666666667,-0.01166666666666707,27.0,1.0,10,32,39.0,49
50,seeded_random_10,20261185,10,5.0,15.0,0.3,11.735,11.508333333333335,-0.22666666666666657,22.0,0.625,10,32,39.0,49
50,seeded_random_10,20261186,10,5.0,15.0,0.3,11.993333333333332,11.768333333333333,-0.22499999999999964,22.5,0.640625,10,32,39.0,49
50,seeded_random_10,20261187,10,5.0,15.0,0.3,11.328333333333333,11.750000000000002,0.42166666666666563,18.0,0.375,10,32,39.0,49
50,seeded_random_10,20261188,10,5.0,15.0,0.3,11.766666666666666,11.753333333333334,-0.013333333333333286,27.0,1.0,10,32,39.0,49
50,seeded_random_10,20261189,10,5.0,15.0,0.3,11.603333333333332,11.988333333333333,0.3850000000000001,17.0,0.322265625,10,32,39.0,49
50,seeded_random_10,20261190,10,5.0,15.0,0.3,11.683333333333334,11.725,0.041666666666666075,25.0,0.845703125,10,32,39.0,49
50,seeded_random_10,20261191,10,5.0,15.0,0.3,11.535,11.489999999999998,-0.04500000000000011,25.0,0.845703125,10,32,39.0,49
50,seeded_random_10,20261192,10,5.0,15.0,0.3,11.516666666666666,11.615,0.09833333333333343,25.0,0.845703125,10,32,39.0,49
50,seeded_random_10,20261193,10,5.0,15.0,0.3,11.305,11.606666666666666,0.3016666666666664,17.0,0.310546875,10,32,39.0,49
50,seeded_random_10,20261194,10,5.0,15.0,0.3,11.865,11.25,-0.6150000000000009,11.0,0.10546875,10,32,39.0,49
50,seeded_random_10,20261195,10,5.0,15.0,0.3,11.888333333333332,11.566666666666666,-0.3216666666666672,23.0,0.6953125,10,32,39.0,49
50,seeded_random_10,20261196,10,5.0,15.0,0.3,11.51,11.698333333333334,0.18833333333333363,22.0,0.625,10,32,39.0,49
50,seeded_random_10,20261197,10,5.0,15.0,0.3,11.511666666666667,11.690000000000001,0.17833333333333404,17.0,0.310546875,10,32,39.0,49
50,seeded_random_10,20261198,10,5.0,15.0,0.3,11.808333333333334,11.811666666666666,0.0033333333333336766,20.5,0.5078125,10,32,39.0,49
50,seeded_random_10,20261199,10,5.0,15.0,0.3,11.816666666666666,11.385,-0.431666666666667,13.0,0.16015625,10,32,39.0,49
50,seeded_random_10,20261200,10,5.0,15.0,0.3,11.736666666666668,11.895,0.15833333333333374,19.0,0.431640625,10,32,39.0,49
50,seeded_random_10,20261201,10,5.0,15.0,0.3,11.563333333333334,11.501666666666669,-0.06166666666666672,23.0,0.6953125,10,32,39.0,49
50,seeded_random_10,20261202,10,5.0,15.0,0.3,11.565000000000001,11.728333333333335,0.16333333333333327,22.0,0.625,10,32,39.0,49
50,seeded_random_10,20261203,10,5.0,15.0,0.3,11.546666666666667,11.606666666666666,0.05999999999999996,24.0,0.76953125,10,32,39.0,49
50,seeded_random_10,20261204,10,5.0,15.0,0.3,11.606666666666666,11.651666666666667,0.04499999999999993,25.5,0.8671875,10,32,39.0,49
50,seeded_random_10,20261205,10,5.0,15.0,0.3,11.426666666666666,11.466666666666665,0.039999999999999855,23.5,0.716796875,10,32,39.0,49
50,seeded_random_10,20261206,10,5.0,15.0,0.3,12.098333333333333,11.891666666666666,-0.20666666666666628,22.0,0.625,10,32,39.0,49
50,seeded_random_10,20261207,10,5.0,15.0,0.3,11.591666666666667,11.673333333333334,0.081666666666667,25.0,0.845703125,10,32,39.0,49
50,seeded_random_10,20261208,10,5.0,15.0,0.3,11.806666666666668,11.498333333333333,-0.3083333333333339,19.0,0.431640625,10,32,39.0,49
50,seeded_random_10,20261209,10,5.0,15.0,0.3,11.685,12.056666666666668,0.37166666666666703,20.0,0.4921875,10,32,39.0,49
50,seeded_random_10,20261210,10,5.0,15.0,0.3,11.834999999999999,11.756666666666666,-0.07833333333333332,26.0,0.921875,10,32,39.0,49
50,seeded_random_10,20261211,10,5.0,15.0,0.3,11.371666666666666,11.446666666666665,0.075,25.0,0.845703125,10,32,39.0,49
50,seeded_random_10,20261212,10,5.0,15.0,0.3,11.825,11.765,-0.0600000000000005,26.0,0.921875,10,32,39.0,49
50,seeded_random_10,20261213,10,5.0,15.0,0.3,11.681666666666667,11.571666666666667,-0.11000000000000014,25.0,0.845703125,10,32,39.0,49
50,seeded_random_10,20261214,10,5.0,15.0,0.3,11.540000000000001,11.566666666666666,0.026666666666667106,27.0,1.0,10,32,39.0,49
50,seeded_random_10,20261215,10,5.0,15.0,0.3,11.793333333333335,11.265,-0.5283333333333331,12.0,0.130859375,10,32,39.0,49
50,seeded_random_10,20261216,10,5.0,15.0,0.3,11.473333333333333,11.963333333333333,0.4899999999999995,13.0,0.16015625,10,32,39.0,49
50,seeded_random_10,20261217,10,5.0,15.0,0.3,11.646666666666667,11.286666666666667,-0.3600000000000003,22.0,0.625,10,32,39.0,49
50,seeded_random_10,20261218,10,5.0,15.0,0.3,11.845,11.728333333333333,-0.11666666666666714,27.0,1.0,10,32,39.0,49
50,seeded_random_10,20261219,10,5.0,15.0,0.3,12.243333333333334,11.583333333333332,-0.6599999999999996,7.0,0.037109375,10,32,39.0,49
50,seeded_random_10,20261220,10,5.0,15.0,0.3,11.51,11.678333333333333,0.16833333333333372,22.0,0.625,10,32,39.0,49
50,seeded_random_10,20261221,10,5.0,15.0,0.3,11.746666666666666,11.461666666666666,-0.2850000000000003,23.0,0.6953125,10,32,39.0,49
50,seeded_random_10,20261222,10,5.0,15.0,0.3,11.325,11.85,0.525,12.0,0.130859375,10,32,39.0,49
50,seeded_random_10,20261223,10,5.0,15.0,0.3,11.450000000000001,11.881666666666668,0.43166666666666664,13.0,0.16015625,10,32,39.0,49
50,seeded_random_10,20261224,10,5.0,15.0,0.3,12.111666666666668,12.09,-0.02166666666666579,26.0,0.921875,10,32,39.0,49
50,seeded_random_10,20261225,10,5.0,15.0,0.3,11.886666666666667,12.180000000000001,0.29333333333333333,14.0,0.185546875,10,32,39.0,49
50,seeded_random_10,20261226,10,5.0,15.0,0.3,11.54,11.825000000000001,0.2850000000000003,22.0,0.625,10,32,39.0,49
50,seeded_random_10,20261227,10,5.0,15.0,0.3,11.59,11.681666666666667,0.09166666666666731,26.0,0.921875,10,32,39.0,49
50,seeded_random_10,20261228,10,5.0,15.0,0.3,11.626666666666667,11.629999999999999,0.0033333333333336766,23.0,0.6953125,10,32,39.0,49
50,seeded_random_10,20261229,10,5.0,15.0,0.3,11.606666666666666,11.756666666666666,0.14999999999999963,23.0,0.6953125,10,32,39.0,49
50,seeded_random_10,20261230,10,5.0,15.0,0.3,11.616666666666667,11.591666666666667,-0.025,27.0,1.0,10,32,39.0,49
50,seeded_random_10,20261231,10,5.0,15.0,0.3,11.763333333333332,12.091666666666669,0.32833333333333387,17.0,0.322265625,10,32,39.0,49
50,seeded_random_10,20261232,10,5.0,15.0,0.3,11.45,11.513333333333332,0.06333333333333294,25.0,0.826171875,10,32,39.0,49
50,seeded_random_10,20261233,10,5.0,15.0,0.3,11.28,11.808333333333334,0.5283333333333339,17.0,0.322265625,10,32,39.0,49
50,seeded_random_10,20261234,10,5.0,15.0,0.3,11.921666666666665,11.826666666666666,-0.09499999999999939,24.0,0.76953125,10,32,39.0,49
50,seeded_random_10,20261235,10,5.0,15.0,0.3,11.726666666666668,11.93,0.2033333333333333,16.0,0.49609375,10,32,39.0,49
50,seeded_random_10,20261236,10,5.0,15.0,0.3,11.988333333333333,11.493333333333334,-0.4950000000000001,13.0,0.16015625,10,32,39.0,49
50,seeded_random_10,20261237,10,5.0,15.0,0.3,11.745000000000001,11.635,-0.11000000000000103,20.0,0.8203125,10,32,39.0,49
50,seeded_random_10,20261238,10,5.0,15.0,0.3,11.433333333333334,11.356666666666666,-0.07666666666666674,21.0,0.556640625,10,32,39.0,49
50,seeded_random_10,20261239,10,5.0,15.0,0.3,11.518333333333334,12.016666666666666,0.4983333333333338,17.5,0.333984375,10,32,39.0,49
50,seeded_random_10,20261240,10,5.0,15.0,0.3,11.319999999999999,11.586666666666664,0.26666666666666644,20.0,0.4921875,10,32,39.0,49
50,seeded_random_10,20261241,10,5.0,15.0,0.3,11.6,11.611666666666668,0.011666666666666714,27.0,1.0,10,32,39.0,49
50,seeded_random_10,20261242,10,5.0,15.0,0.3,11.168333333333333,11.93,0.7616666666666669,9.0,0.064453125,10,32,39.0,49
50,seeded_random_10,20261243,10,5.0,15.0,0.3,11.281666666666668,11.895,0.6133333333333331,8.0,0.048828125,10,32,39.0,49
50,seeded_random_10,20261244,10,5.0,15.0,0.3,12.004999999999999,11.478333333333332,-0.526666666666667,16.0,0.275390625,10,32,39.0,49
50,seeded_random_10,20261245,10,5.0,15.0,0.3,11.716666666666667,11.813333333333333,0.09666666666666632,26.0,0.921875,10,32,39.0,49
50,seeded_random_10,20261246,10,5.0,15.0,0.3,11.721666666666668,11.706666666666667,-0.014999999999999503,20.0,0.796875,10,32,39.0,49
50,seeded_random_10,20261247,10,5.0,15.0,0.3,11.723333333333333,11.605,-0.11833333333333389,27.0,1.0,10,32,39.0,49
50,seeded_random_10,20261248,10,5.0,15.0,0.3,11.556666666666667,11.783333333333333,0.22666666666666674,26.0,0.921875,10,32,39.0,49
50,seeded_random_10,20261249,10,5.0,15.0,0.3,11.82,11.238333333333333,-0.5816666666666668,10.0,0.1640625,10,32,39.0,49
50,seeded_random_10,20261250,10,5.0,15.0,0.3,11.78,11.326666666666666,-0.4533333333333337,15.5,0.244140625,10,32,39.0,49
50,seeded_random_10,20261251,10,5.0,15.0,0.3,12.014999999999999,11.7,-0.31499999999999984,20.0,0.4921875,10,32,39.0,49
50,seeded_random_10,20261252,10,5.0,15.0,0.3,11.818333333333332,11.858333333333333,0.040000000000000216,26.0,0.921875,10,32,39.0,49
50,seeded_random_10,20261253,10,5.0,15.0,0.3,11.659999999999998,11.816666666666666,0.15666666666666754,23.0,0.6953125,10,32,39.0,49
50,seeded_random_10,20261254,10,5.0,15.0,0.3,11.538333333333332,11.785,0.24666666666666598,17.5,0.333984375,10,32,39.0,49
50,seeded_random_10,20261255,10,5.0,15.0,0.3,11.831666666666667,11.68,-0.15166666666666676,22.0,0.625,10,32,39.0,49
50,seeded_random_10,20261256,10,5.0,15.0,0.3,11.48,11.585,0.10500000000000043,25.0,0.845703125,10,32,39.0,49
50,seeded_random_10,20261257,10,5.0,15.0,0.3,11.396666666666668,11.816666666666666,0.4199999999999996,15.0,0.232421875,10,32,39.0,49
50,seeded_random_10,20261258,10,5.0,15.0,0.3,11.913333333333334,11.933333333333334,0.019999999999999574,25.0,0.845703125,10,32,39.0,49
50,seeded_random_10,20261259,10,5.0,15.0,0.3,11.92,11.761666666666667,-0.15833333333333427,26.0,0.921875,10,32,39.0,49
50,seeded_random_10,20261260,10,5.0,15.0,0.3,11.485,11.846666666666666,0.3616666666666669,13.0,0.16015625,10,32,39.0,49
50,seeded_random_10,20261261,10,5.0,15.0,0.3,11.319999999999999,11.346666666666668,0.026666666666667636,27.0,0.9765625,10,32,39.0,49
50,seeded_random_10,20261262,10,5.0,15.0,0.3,11.731666666666666,11.636666666666667,-0.09500000000000046,27.0,1.0,10,32,39.0,49
50,seeded_random_10,20261263,10,5.0,15.0,0.3,11.533333333333335,11.175,-0.3583333333333332,15.0,0.232421875,10,32,39.0,49
50,seeded_random_10,20261264,10,5.0,15.0,0.3,11.656666666666666,11.296666666666667,-0.3599999999999991,18.0,0.375,10,32,39.0,49
50,seeded_random_10,20261265,10,5.0,15.0,0.3,12.105,11.385,-0.7200000000000001,6.0,0.02734375,10,32,39.0,49
50,seeded_random_10,20261266,10,5.0,15.0,0.3,11.453333333333333,11.978333333333333,0.5249999999999997,19.0,0.431640625,10,32,39.0,49
50,seeded_random_10,20261267,10,5.0,15.0,0.3,11.733333333333334,11.788333333333332,0.054999999999999535,25.0,0.845703125,10,32,39.0,49
50,seeded_random_10,20261268,10,5.0,15.0,0.3,11.483333333333334,11.856666666666666,0.3733333333333325,14.0,0.193359375,10,32,39.0,49
50,seeded_random_10,20261269,10,5.0,15.0,0.3,11.496666666666668,11.633333333333331,0.136666666666666,25.0,0.845703125,10,32,39.0,49
50,seeded_random_10,20261270,10,5.0,15.0,0.3,11.928333333333333,11.821666666666667,-0.10666666666666628,18.0,0.65234375,10,32,39.0,49
50,seeded_random_10,20261271,10,5.0,15.0,0.3,11.374999999999998,11.65,0.275,19.0,0.431640625,10,32,39.0,49
50,seeded_random_10,20261272,10,5.0,15.0,0.3,11.558333333333334,11.504999999999999,-0.053333333333333496,25.0,0.845703125,10,32,39.0,49
50,seeded_random_10,20261273,10,5.0,15.0,0.3,11.433333333333334,11.540000000000001,0.1066666666666661,22.5,0.642578125,10,32,39.0,49
50,seeded_random_10,20261274,10,5.0,15.0,0.3,11.501666666666665,11.55,0.048333333333333964,20.0,0.4921875,10,32,39.0,49
50,seeded_random_10,20261275,10,5.0,15.0,0.3,11.91,11.666666666666668,-0.243333333333333,24.5,0.7890625,10,32,39.0,49
50,seeded_random_10,20261276,10,5.0,15.0,0.3,11.508333333333335,11.455000000000002,-0.05333333333333314,26.0,0.921875,10,32,39.0,49
50,seeded_random_10,20261277,10,5.0,15.0,0.3,11.805,11.098333333333333,-0.7066666666666668,15.0,0.232421875,10,32,39.0,49
50,seeded_random_10,20261278,10,5.0,15.0,0.3,11.558333333333334,11.528333333333334,-0.02999999999999936,26.0,0.921875,10,32,39.0,49
50,seeded_random_10,20261279,10,5.0,15.0,0.3,11.17,11.95,0.7799999999999999,13.0,0.16015625,10,32,39.0,49
50,seeded_random_10,20261280,10,5.0,15.0,0.3,12.181666666666667,11.963333333333333,-0.21833333333333407,20.0,0.4921875,10,32,39.0,49
50,seeded_random_10,20261281,10,5.0,15.0,0.3,11.611666666666668,11.601666666666667,-0.010000000000000498,27.0,1.0,10,32,39.0,49
50,seeded_random_10,20261282,10,5.0,15.0,0.3,11.096666666666668,11.731666666666666,0.6350000000000001,10.0,0.08203125,10,32,39.0,49
50,seeded_random_10,20261283,10,5.0,15.0,0.3,11.563333333333334,11.815000000000001,0.2516666666666678,26.0,0.904296875,10,32,39.0,49
50,seeded_random_10,20261284,10,5.0,15.0,0.3,11.493333333333334,11.595,0.10166666666666675,25.0,0.845703125,10,32,39.0,49
50,seeded_random_10,20261285,10,5.0,15.0,0.3,11.996666666666666,11.669999999999998,-0.3266666666666671,16.5,0.287109375,10,32,39.0,49
50,seeded_random_10,20261286,10,5.0,15.0,0.3,11.856666666666666,11.521666666666668,-0.3349999999999998,18.0,0.375,10,32,39.0,49
50,seeded_random_10,20261287,10,5.0,15.0,0.3,11.641666666666667,11.491666666666667,-0.15000000000000052,26.0,0.921875,10,32,39.0,49
50,seeded_random_10,20261288,10,5.0,15.0,0.3,11.693333333333335,12.004999999999999,0.31166666666666637,21.0,0.556640625,10,32,39.0,49
50,seeded_random_10,20261289,10,5.0,15.0,0.3,11.948333333333334,11.469999999999999,-0.47833333333333317,15.0,0.232421875,10,32,39.0,49
50,seeded_random_10,20261290,10,5.0,15.0,0.3,11.756666666666666,11.469999999999999,-0.28666666666666707,19.0,0.431640625,10,32,39.0,49
50,seeded_random_10,20261291,10,5.0,15.0,0.3,11.631666666666666,11.555000000000001,-0.07666666666666622,23.5,0.712890625,10,32,39.0,49
50,seeded_random_10,20261292,10,5.0,15.0,0.3,11.771666666666667,11.403333333333334,-0.3683333333333335,17.0,0.30859375,10,32,39.0,49
50,seeded_random_10,20261293,10,5.0,15.0,0.3,11.623333333333333,11.45,-0.17333333333333306,24.0,0.76953125,10,32,39.0,49
50,seeded_random_10,20261294,10,5.0,15.0,0.3,11.605,11.53,-0.07499999999999965,25.0,0.845703125,10,32,39.0,49
50,seeded_random_10,20261295,10,5.0,15.0,0.3,11.858333333333333,12.088333333333335,0.23000000000000026,23.0,0.6953125,10,32,39.0,49
50,seeded_random_10,20261296,10,5.0,15.0,0.3,11.778333333333332,11.871666666666666,0.09333333333333389,24.0,0.76953125,10,32,39.0,49
50,seeded_random_10,20261297,10,5.0,15.0,0.3,11.828333333333333,11.058333333333334,-0.7699999999999998,14.0,0.193359375,10,32,39.0,49
50,seeded_random_10,20261298,10,5.0,15.0,0.3,11.555000000000001,11.455,-0.10000000000000035,25.0,0.845703125,10,32,39.0,49
50,seeded_random_10,20261299,10,5.0,15.0,0.3,11.411666666666665,11.505,0.09333333333333335,24.0,0.76953125,10,32,39.0,49
50,seeded_random_10,20261300,10,5.0,15.0,0.3,11.463333333333333,11.84,0.3766666666666671,15.0,0.232421875,10,32,39.0,49
50,seeded_random_10,20261301,10,5.0,15.0,0.3,11.546666666666665,11.834999999999999,0.28833333333333344,16.0,0.275390625,10,32,39.0,49
50,seeded_random_10,20261302,10,5.0,15.0,0.3,11.663333333333332,11.961666666666668,0.29833333333333345,19.0,0.431640625,10,32,39.0,49
50,seeded_random_10,20261303,10,5.0,15.0,0.3,11.676666666666666,11.938333333333336,0.2616666666666676,15.0,0.232421875,10,32,39.0,49
50,seeded_random_10,20261304,10,5.0,15.0,0.3,11.636666666666667,11.436666666666666,-0.19999999999999946,23.0,0.6953125,10,32,39.0,49
50,seeded_random_10,20261305,10,5.0,15.0,0.3,11.668333333333333,11.381666666666666,-0.2866666666666662,25.0,0.826171875,10,32,39.0,49
50,seeded_random_10,20261306,10,5.0,15.0,0.3,11.833333333333334,11.7,-0.13333333333333391,26.0,0.921875,10,32,39.0,49
50,seeded_random_10,20261307,10,5.0,15.0,0.3,11.305000000000001,11.341666666666669,0.03666666666666636,26.0,0.921875,10,32,39.0,49
50,seeded_random_10,20261308,10,5.0,15.0,0.3,11.415,11.775,0.36000000000000015,21.0,0.556640625,10,32,39.0,49
50,seeded_random_10,20261309,10,5.0,15.0,0.3,11.316666666666666,11.951666666666666,0.6349999999999996,13.0,0.16015625,10,32,39.0,49
50,seeded_random_10,20261310,10,5.0,15.0,0.3,11.565000000000001,11.771666666666667,0.20666666666666628,22.0,0.625,10,32,39.0,49
50,seeded_random_10,20261311,10,5.0,15.0,0.3,11.371666666666666,11.588333333333333,0.21666666666666679,20.0,0.4921875,10,32,39.0,49
50,seeded_random_10,20261312,10,5.0,15.0,0.3,11.374999999999998,11.568333333333335,0.19333333333333372,23.0,0.6953125,10,32,39.0,49
50,seeded_random_10,20261313,10,5.0,15.0,0.3,11.48,11.66,0.17999999999999955,20.0,0.4921875,10,32,39.0,49
50,seeded_random_10,20261314,10,5.0,15.0,0.3,12.151666666666667,11.588333333333335,-0.5633333333333332,12.0,0.130859375,10,32,39.0,49
50,seeded_random_10,20261315,10,5.0,15.0,0.3,11.830000000000002,11.381666666666666,-0.4483333333333334,17.0,0.322265625,10,32,39.0,49
50,seeded_random_10,20261316,10,5.0,15.0,0.3,11.766666666666667,11.641666666666667,-0.125,26.0,0.921875,10,32,39.0,49
50,seeded_random_10,20261317,10,5.0,15.0,0.3,11.746666666666666,11.709999999999999,-0.036666666666666535,26.0,0.921875,10,32,39.0,49
50,seeded_random_10,20261318,10,5.0,15.0,0.3,11.536666666666667,11.411666666666667,-0.125,24.0,0.76953125,10,32,39.0,49
50,seeded_random_10,20261319,10,5.0,15.0,0.3,11.690000000000001,11.376666666666669,-0.31333333333333274,22.0,0.625,10,32,39.0,49
50,seeded_random_10,20261320,10,5.0,15.0,0.3,11.771666666666667,11.035,-0.7366666666666672,10.0,0.083984375,10,32,39.0,49
50,seeded_random_10,20261321,10,5.0,15.0,0.3,11.856666666666666,11.239999999999998,-0.6166666666666669,10.0,0.083984375,10,32,39.0,49
50,seeded_random_10,20261322,10,5.0,15.0,0.3,11.611666666666666,11.629999999999999,0.01833333333333318,25.0,0.845703125,10,32,39.0,49
50,seeded_random_10,20261323,10,5.0,15.0,0.3,11.698333333333334,11.845,0.14666666666666686,24.0,0.76953125,10,32,39.0,49
50,seeded_random_10,20261324,10,5.0,15.0,0.3,11.528333333333332,11.683333333333334,0.15500000000000025,21.0,0.556640625,10,32,39.0,49
50,seeded_random_10,20261325,10,5.0,15.0,0.3,11.816666666666666,11.834999999999999,0.018333333333333,27.0,1.0,10,32,39.0,49
50,seeded_random_10,20261326,10,5.0,15.0,0.3,12.16,11.213333333333333,-0.9466666666666674,10.0,0.080078125,10,32,39.0,49
50,seeded_random_10,20261327,10,5.0,15.0,0.3,11.411666666666667,11.39,-0.021666666666667035,26.0,0.921875,10,32,39.0,49
50,seeded_random_10,20261328,10,5.0,15.0,0.3,11.806666666666668,11.514999999999999,-0.29166666666666663,21.0,0.556640625,10,32,39.0,49
50,seeded_random_10,20261329,10,5.0,15.0,0.3,11.593333333333332,11.965,0.37166666666666687,19.0,0.431640625,10,32,39.0,49
50,seeded_random_10,20261330,10,5.0,15.0,0.3,11.671666666666667,11.388333333333332,-0.28333333333333377,8.0,0.09765625,10,32,39.0,49
50,seeded_random_10,20261331,10,5.0,15.0,0.3,11.715,11.571666666666667,-0.1433333333333328,22.0,0.625,10,32,39.0,49
50,seeded_random_10,20261332,10,5.0,15.0,0.3,11.413333333333332,11.76,0.34666666666666635,16.0,0.275390625,10,32,39.0,49
50,seeded_random_10,20261333,10,5.0,15.0,0.3,11.368333333333334,11.643333333333334,0.2749999999999998,19.0,0.431640625,10,32,39.0,49
50,seeded_random_10,20261334,10,5.0,15.0,0.3,11.741666666666667,11.878333333333334,0.136666666666666,20.0,0.4921875,10,32,39.0,49
50,seeded_random_10,20261335,10,5.0,15.0,0.3,11.593333333333334,11.315000000000001,-0.27833333333333277,23.0,0.6953125,10,32,39.0,49
50,seeded_random_10,20261336,10,5.0,15.0,0.3,11.688333333333333,11.385000000000002,-0.30333333333333334,24.0,0.76953125,10,32,39.0,49
50,seeded_random_10,20261337,10,5.0,15.0,0.3,11.456666666666667,11.721666666666668,0.2650000000000004,17.5,0.333984375,10,32,39.0,49
50,seeded_random_10,20261338,10,5.0,15.0,0.3,11.52,11.633333333333333,0.113333333333334,23.5,0.71484375,10,32,39.0,49
50,seeded_random_10,20261339,10,5.0,15.0,0.3,11.7,11.263333333333335,-0.4366666666666671,16.0,0.275390625,10,32,39.0,49
50,seeded_random_10,20261340,10,5.0,15.0,0.3,11.758333333333335,11.493333333333332,-0.26499999999999985,18.0,0.375,10,32,39.0,49
50,seeded_random_10,20261341,10,5.0,15.0,0.3,11.784999999999998,11.55,-0.2349999999999996,22.5,0.642578125,10,32,39.0,49
50,seeded_random_10,20261342,10,5.0,15.0,0.3,11.438333333333333,11.499999999999998,0.061666666666666,24.0,0.76953125,10,32,39.0,49
50,seeded_random_10,20261343,10,5.0,15.0,0.3,11.739999999999998,11.498333333333331,-0.2416666666666673,21.0,0.556640625,10,32,39.0,49
50,seeded_random_10,20261344,10,5.0,15.0,0.3,11.796666666666665,11.768333333333334,-0.028333333333333675,24.0,0.76953125,10,32,39.0,49
50,seeded_random_10,20261345,10,5.0,15.0,0.3,11.68,11.695000000000002,0.014999999999999148,26.0,0.921875,10,32,39.0,49
50,seeded_random_10,20261346,10,5.0,15.0,0.3,11.426666666666666,11.403333333333332,-0.023333333333332894,27.0,1.0,10,32,39.0,49
50,seeded_random_10,20261347,10,5.0,15.0,0.3,11.643333333333334,11.516666666666667,-0.1266666666666673,23.5,0.7109375,10,32,39.0,49
50,seeded_random_10,20261348,10,5.0,15.0,0.3,11.385,11.458333333333334,0.07333333333333414,21.0,0.556640625,10,32,39.0,49
50,seeded_random_10,20261349,10,5.0,15.0,0.3,11.75,11.638333333333332,-0.11166666666666707,21.0,0.91015625,10,32,39.0,49
50,seeded_random_10,20261350,10,5.0,15.0,0.3,11.931666666666667,11.438333333333334,-0.4933333333333332,16.0,0.275390625,10,32,39.0,49
50,seeded_random_10,20261351,10,5.0,15.0,0.3,11.475,11.586666666666668,0.11166666666666689,23.0,0.6953125,10,32,39.0,49
50,seeded_random_10,20261352,10,5.0,15.0,0.3,11.726666666666665,11.65,-0.07666666666666586,20.0,0.8203125,10,32,39.0,49
50,seeded_random_10,20261353,10,5.0,15.0,0.3,11.733333333333333,11.834999999999999,0.10166666666666675,21.0,0.556640625,10,32,39.0,49
50,seeded_random_10,20261354,10,5.0,15.0,0.3,11.785,11.546666666666667,-0.23833333333333345,24.0,0.76953125,10,32,39.0,49
50,seeded_random_10,20261355,10,5.0,15.0,0.3,11.618333333333334,11.548333333333336,-0.06999999999999976,24.0,0.76953125,10,32,39.0,49
50,seeded_random_10,20261356,10,5.0,15.0,0.3,11.685,11.53,-0.1549999999999999,20.0,0.4921875,10,32,39.0,49
50,seeded_random_10,20261357,10,5.0,15.0,0.3,11.233333333333334,11.833333333333332,0.5999999999999991,16.0,0.275390625,10,32,39.0,49
50,seeded_random_10,20261358,10,5.0,15.0,0.3,11.39,11.503333333333334,0.11333333333333329,20.0,0.4921875,10,32,39.0,49
50,seeded_random_10,20261359,10,5.0,15.0,0.3,11.573333333333334,11.521666666666667,-0.05166666666666675,23.0,0.6953125,10,32,39.0,49
50,seeded_random_10,20261360,10,5.0,15.0,0.3,11.811666666666666,11.72,-0.09166666666666642,25.0,0.845703125,10,32,39.0,49
50,seeded_random_10,20261361,10,5.0,15.0,0.3,11.558333333333334,11.531666666666668,-0.02666666666666657,25.0,0.826171875,10,32,39.0,49
50,seeded_random_10,20261362,10,5.0,15.0,0.3,11.343333333333334,11.923333333333332,0.5799999999999995,15.0,0.22265625,10,32,39.0,49
50,seeded_random_10,20261363,10,5.0,15.0,0.3,11.763333333333332,11.805000000000001,0.0416666666666675,27.0,1.0,10,32,39.0,49
50,seeded_random_10,20261364,10,5.0,15.0,0.3,11.666666666666668,11.525,-0.14166666666666677,25.0,0.845703125,10,32,39.0,49
50,seeded_random_10,20261365,10,5.0,15.0,0.3,11.790000000000001,11.95,0.15999999999999942,26.0,0.921875,10,32,39.0,49
50,seeded_random_10,20261366,10,5.0,15.0,0.3,11.648333333333332,11.625000000000002,-0.023333333333333074,22.0,0.625,10,32,39.0,49
50,seeded_random_10,20261367,10,5.0,15.0,0.3,11.819999999999999,11.785,-0.03499999999999979,24.0,0.76953125,10,32,39.0,49
50,seeded_random_10,20261368,10,5.0,15.0,0.3,11.523333333333333,11.530000000000001,0.006666666666666643,27.0,0.98046875,10,32,39.0,49
50,seeded_random_10,20261369,10,5.0,15.0,0.3,11.805000000000001,11.608333333333334,-0.19666666666666596,24.0,0.76953125,10,32,39.0,49
50,seeded_random_10,20261370,10,5.0,15.0,0.3,11.545,11.545,-3.552713678800501e-16,24.0,0.76953125,10,32,39.0,49
50,seeded_random_10,20261371,10,5.0,15.0,0.3,11.641666666666667,11.503333333333334,-0.13833333333333275,27.0,1.0,10,32,39.0,49
50,seeded_random_10,20261372,10,5.0,15.0,0.3,11.916666666666668,11.681666666666667,-0.23500000000000032,20.0,0.4921875,10,32,39.0,49
50,seeded_random_10,20261373,10,5.0,15.0,0.3,11.538333333333334,11.665,0.1266666666666662,26.0,0.921875,10,32,39.0,49
50,seeded_random_10,20261374,10,5.0,15.0,0.3,11.67,11.853333333333333,0.1833333333333332,20.0,0.4921875,10,32,39.0,49
50,seeded_random_10,20261375,10,5.0,15.0,0.3,11.645,12.075000000000001,0.43000000000000027,15.0,0.232421875,10,32,39.0,49
50,seeded_random_10,20261376,10,5.0,15.0,0.3,11.875,11.523333333333333,-0.3516666666666671,18.0,0.375,10,32,39.0,49
50,seeded_random_10,20261377,10,5.0,15.0,0.3,11.57,11.636666666666667,0.0666666666666659,25.0,0.845703125,10,32,39.0,49
50,seeded_random_10,20261378,10,5.0,15.0,0.3,12.043333333333333,11.425,-0.6183333333333335,13.0,0.16015625,10,32,39.0,49
50,seeded_random_10,20261379,10,5.0,15.0,0.3,11.438333333333334,11.44,0.0016666666666662166,27.0,0.9765625,10,32,39.0,49
50,seeded_random_10,20261380,10,5.0,15.0,0.3,11.806666666666668,11.599999999999998,-0.206666666666667,25.0,0.845703125,10,32,39.0,49
50,seeded_random_10,20261381,10,5.0,15.0,0.3,11.635,11.473333333333333,-0.16166666666666743,24.0,0.76953125,10,32,39.0,49
50,seeded_random_10,20261382,10,5.0,15.0,0.3,11.421666666666667,11.319999999999999,-0.10166666666666675,18.0,0.375,10,32,39.0,49
50,seeded_random_10,20261383,10,5.0,15.0,0.3,11.515,11.936666666666664,0.4216666666666667,16.0,0.275390625,10,32,39.0,49
50,seeded_random_10,20261384,10,5.0,15.0,0.3,11.631666666666666,11.578333333333335,-0.05333333333333332,25.0,0.845703125,10,32,39.0,49
50,seeded_random_10,20261385,10,5.0,15.0,0.3,11.953333333333335,11.591666666666667,-0.3616666666666671,18.0,0.375,10,32,39.0,49
50,seeded_random_10,20261386,10,5.0,15.0,0.3,11.381666666666666,11.296666666666665,-0.0849999999999996,25.0,0.845703125,10,32,39.0,49
50,seeded_random_10,20261387,10,5.0,15.0,0.3,11.788333333333332,11.638333333333335,-0.14999999999999894,27.0,1.0,10,32,39.0,49
50,seeded_random_10,20261388,10,5.0,15.0,0.3,11.559999999999999,11.908333333333331,0.3483333333333336,13.0,0.16015625,10,32,39.0,49
50,seeded_random_10,20261389,10,5.0,15.0,0.3,12.085000000000003,11.691666666666666,-0.39333333333333387,19.0,0.431640625,10,32,39.0,49
50,seeded_random_10,20261390,10,5.0,15.0,0.3,11.516666666666666,11.503333333333332,-0.013333333333333109,26.0,0.921875,10,32,39.0,49
50,seeded_random_10,20261391,10,5.0,15.0,0.3,11.383333333333335,11.776666666666667,0.3933333333333332,16.5,0.287109375,10,32,39.0,49
50,seeded_random_10,20261392,10,5.0,15.0,0.3,11.321666666666665,12.081666666666667,0.7600000000000009,10.0,0.083984375,10,32,39.0,49
50,seeded_random_10,20261393,10,5.0,15.0,0.3,11.803333333333333,11.669999999999998,-0.13333333333333375,26.0,0.921875,10,32,39.0,49
50,seeded_random_10,20261394,10,5.0,15.0,0.3,11.828333333333335,11.671666666666667,-0.15666666666666718,24.0,0.76953125,10,32,39.0,49
50,seeded_random_10,20261395,10,5.0,15.0,0.3,11.871666666666666,11.69,-0.1816666666666668,25.0,0.845703125,10,32,39.0,49
50,seeded_random_10,20261396,10,5.0,15.0,0.3,11.531666666666666,11.213333333333335,-0.3183333333333335,22.0,0.625,10,32,39.0,49
50,seeded_random_10,20261397,10,5.0,15.0,0.3,11.445,11.821666666666667,0.3766666666666662,18.0,0.375,10,32,39.0,49
50,seeded_random_10,20261398,10,5.0,15.0,0.3,11.528333333333332,11.443333333333333,-0.08499999999999978,26.0,0.921875,10,32,39.0,49
50,seeded_random_10,20261399,10,5.0,15.0,0.3,11.7,11.74,0.03999999999999968,27.0,1.0,10,32,39.0,49
50,seeded_random_10,20261400,10,5.0,15.0,0.3,11.749999999999998,11.888333333333334,0.13833333333333292,26.0,0.921875,10,32,39.0,49
50,seeded_random_10,20261401,10,5.0,15.0,0.3,11.645,12.093333333333332,0.44833333333333397,18.0,0.375,10,32,39.0,49
50,seeded_random_10,20261402,10,5.0,15.0,0.3,11.978333333333333,11.275,-0.7033333333333335,13.0,0.16015625,10,32,39.0,49
50,seeded_random_10,20261403,10,5.0,15.0,0.3,11.680000000000001,11.675,-0.005000000000000071,26.0,0.921875,10,32,39.0,49
50,seeded_random_10,20261404,10,5.0,15.0,0.3,11.790000000000003,11.826666666666666,0.03666666666666565,25.5,0.865234375,10,32,39.0,49
50,seeded_random_10,20261405,10,5.0,15.0,0.3,11.853333333333332,11.901666666666667,0.04833333333333378,24.0,0.75,10,32,39.0,49
50,seeded_random_10,20261406,10,5.0,15.0,0.3,11.586666666666666,11.751666666666665,0.16499999999999987,20.0,0.4921875,10,32,39.0,49
50,seeded_random_10,20261407,10,5.0,15.0,0.3,11.858333333333333,11.735,-0.12333333333333271,22.0,0.625,10,32,39.0,49
50,seeded_random_10,20261408,10,5.0,15.0,0.3,12.013333333333332,11.260000000000002,-0.7533333333333323,5.0,0.01953125,10,32,39.0,49
50,seeded_random_10,20261409,10,5.0,15.0,0.3,11.73,11.736666666666666,0.006666666666666821,23.0,0.6953125,10,32,39.0,49
50,seeded_random_10,20261410,10,5.0,15.0,0.3,11.461666666666668,12.01,0.5483333333333326,11.0,0.10546875,10,32,39.0,49
50,seeded_random_10,20261411,10,5.0,15.0,0.3,11.633333333333333,11.8,0.1666666666666675,24.0,0.76953125,10,32,39.0,49
50,seeded_random_10,20261412,10,5.0,15.0,0.3,11.743333333333334,11.826666666666668,0.08333333333333304,19.0,0.416015625,10,32,39.0,49
50,seeded_random_10,20261413,10,5.0,15.0,0.3,11.663333333333332,11.470000000000002,-0.1933333333333332,25.0,0.845703125,10,32,39.0,49
50,seeded_random_10,20261414,10,5.0,15.0,0.3,11.253333333333334,11.273333333333333,0.020000000000000996,26.0,0.921875,10,32,39.0,49
50,seeded_random_10,20261415,10,5.0,15.0,0.3,11.896666666666665,11.698333333333334,-0.19833333333333325,20.0,0.4921875,10,32,39.0,49
50,seeded_random_10,20261416,10,5.0,15.0,0.3,11.743333333333334,11.623333333333335,-0.12000000000000029,22.0,0.625,10,32,39.0,49
50,seeded_random_10,20261417,10,5.0,15.0,0.3,11.623333333333333,11.426666666666666,-0.1966666666666672,22.0,0.625,10,32,39.0,49
50,seeded_random_10,20261418,10,5.0,15.0,0.3,11.963333333333335,11.816666666666666,-0.1466666666666665,24.0,0.76953125,10,32,39.0,49
50,seeded_random_10,20261419,10,5.0,15.0,0.3,11.801666666666666,11.52,-0.28166666666666645,21.0,0.556640625,10,32,39.0,49
50,seeded_random_10,20261420,10,5.0,15.0,0.3,11.709999999999999,11.558333333333334,-0.15166666666666676,26.0,0.921875,10,32,39.0,49
50,seeded_random_10,20261421,10,5.0,15.0,0.3,11.713333333333333,11.153333333333332,-0.5599999999999998,15.0,0.232421875,10,32,39.0,49
50,seeded_random_10,20261422,10,5.0,15.0,0.3,11.768333333333333,11.636666666666667,-0.13166666666666646,21.0,0.556640625,10,32,39.0,49
50,seeded_random_10,20261423,10,5.0,15.0,0.3,11.933333333333332,11.758333333333335,-0.17499999999999966,22.0,0.625,10,32,39.0,49
50,seeded_random_10,20261424,10,5.0,15.0,0.3,11.291666666666666,11.535000000000002,0.24333333333333318,26.0,0.921875,10,32,39.0,49
50,seeded_random_10,20261425,10,5.0,15.0,0.3,12.1,11.596666666666668,-0.5033333333333335,16.0,0.275390625,10,32,39.0,49
50,seeded_random_10,20261426,10,5.0,15.0,0.3,11.64,11.471666666666668,-0.16833333333333336,16.0,0.275390625,10,32,39.0,49
50,seeded_random_10,20261427,10,5.0,15.0,0.3,11.17,11.398333333333333,0.22833333333333314,22.0,0.607421875,10,32,39.0,49
50,seeded_random_10,20261428,10,5.0,15.0,0.3,11.356666666666667,11.791666666666666,0.43499999999999994,16.0,0.275390625,10,32,39.0,49
50,seeded_random_10,20261429,10,5.0,15.0,0.3,11.891666666666666,11.296666666666665,-0.595,16.0,0.275390625,10,32,39.0,49
50,seeded_random_10,20261430,10,5.0,15.0,0.3,12.03,11.61,-0.4199999999999996,11.0,0.203125,10,32,39.0,49
50,seeded_random_10,20261431,10,5.0,15.0,0.3,11.7,11.496666666666668,-0.2033333333333335,26.0,0.921875,10,32,39.0,49
50,seeded_random_10,20261432,10,5.0,15.0,0.3,11.665000000000001,11.743333333333334,0.07833333333333367,26.0,0.921875,10,32,39.0,49
50,seeded_random_10,20261433,10,5.0,15.0,0.3,11.56,12.211666666666668,0.6516666666666671,15.0,0.232421875,10,32,39.0,49
50,seeded_random_10,20261434,10,5.0,15.0,0.3,11.643333333333333,11.511666666666667,-0.13166666666666682,25.0,0.845703125,10,32,39.0,49
50,seeded_random_10,20261435,10,5.0,15.0,0.3,11.76666666666667,11.665,-0.10166666666666621,24.0,0.76953125,10,32,39.0,49
50,seeded_random_10,20261436,10,5.0,15.0,0.3,11.35,11.46,0.1100000000000005,27.0,1.0,10,32,39.0,49
50,seeded_random_10,20261437,10,5.0,15.0,0.3,12.031666666666666,11.348333333333333,-0.6833333333333345,9.0,0.064453125,10,32,39.0,49
50,seeded_random_10,20261438,10,5.0,15.0,0.3,11.906666666666666,11.318333333333333,-0.5883333333333332,16.0,0.275390625,10,32,39.0,49
50,seeded_random_10,20261439,10,5.0,15.0,0.3,11.421666666666667,11.64,0.21833333333333335,22.0,0.625,10,32,39.0,49
50,seeded_random_10,20261440,10,5.0,15.0,0.3,11.809999999999999,11.556666666666667,-0.2533333333333328,20.0,0.4921875,10,32,39.0,49
50,seeded_random_10,20261441,10,5.0,15.0,0.3,11.641666666666667,11.761666666666667,0.1200000000000001,22.0,0.625,10,32,39.0,49
50,seeded_random_10,20261442,10,5.0,15.0,0.3,11.616666666666667,11.584999999999999,-0.03166666666666575,27.0,1.0,10,32,39.0,49
50,seeded_random_10,20261443,10,5.0,15.0,0.3,11.489999999999998,11.523333333333332,0.033333333333333215,27.0,1.0,10,32,39.0,49
50,seeded_random_10,20261444,10,5.0,15.0,0.3,11.653333333333334,11.978333333333333,0.32499999999999984,17.0,0.322265625,10,32,39.0,49
50,seeded_random_10,20261445,10,5.0,15.0,0.3,11.708333333333334,11.45,-0.2583333333333332,22.0,0.625,10,32,39.0,49
50,seeded_random_10,20261446,10,5.0,15.0,0.3,11.198333333333334,11.871666666666666,0.6733333333333341,9.0,0.064453125,10,32,39.0,49
50,seeded_random_10,20261447,10,5.0,15.0,0.3,11.6,11.885000000000002,0.2849999999999994,14.0,0.193359375,10,32,39.0,49
50,seeded_random_10,20261448,10,5.0,15.0,0.3,11.933333333333332,11.85,-0.08333333333333268,26.0,0.921875,10,32,39.0,49
50,seeded_random_10,20261449,10,5.0,15.0,0.3,11.531666666666666,11.536666666666667,0.005000000000000249,27.0,1.0,10,32,39.0,49
50,seeded_random_10,20261450,10,5.0,15.0,0.3,11.07,11.788333333333334,0.718333333333334,2.0,0.005859375,10,32,39.0,49
50,seeded_random_10,20261451,10,5.0,15.0,0.3,11.771666666666665,11.698333333333334,-0.07333333333333325,25.0,0.845703125,10,32,39.0,49
50,seeded_random_10,20261452,10,5.0,15.0,0.3,11.573333333333334,11.668333333333333,0.09499999999999975,23.0,0.6953125,10,32,39.0,49
50,seeded_random_10,20261453,10,5.0,15.0,0.3,11.486666666666666,11.898333333333332,0.41166666666666674,18.0,0.375,10,32,39.0,49
50,seeded_random_10,20261454,10,5.0,15.0,0.3,11.538333333333332,11.115000000000002,-0.42333333333333323,21.0,0.556640625,10,32,39.0,49
50,seeded_random_10,20261455,10,5.0,15.0,0.3,11.988333333333333,11.713333333333333,-0.27499999999999963,22.0,0.625,10,32,39.0,49
50,seeded_random_10,20261456,10,5.0,15.0,0.3,11.781666666666668,11.565,-0.21666666666666767,27.0,1.0,10,32,39.0,49
50,seeded_random_10,20261457,10,5.0,15.0,0.3,12.026666666666667,11.684999999999999,-0.34166666666666623,19.0,0.431640625,10,32,39.0,49
50,seeded_random_10,20261458,10,5.0,15.0,0.3,11.73,11.661666666666667,-0.06833333333333336,25.0,0.845703125,10,32,39.0,49
50,seeded_random_10,20261459,10,5.0,15.0,0.3,11.53,11.56,0.030000000000000426,27.0,1.0,10,32,39.0,49
50,seeded_random_10,20261460,10,5.0,15.0,0.3,11.48,11.46,-0.02000000000000064,25.0,0.845703125,10,32,39.0,49
50,seeded_random_10,20261461,10,5.0,15.0,0.3,11.83,11.610000000000001,-0.21999999999999903,22.0,0.625,10,32,39.0,49
50,seeded_random_10,20261462,10,5.0,15.0,0.3,11.570000000000002,11.183333333333334,-0.38666666666666655,16.0,0.275390625,10,32,39.0,49
50,seeded_random_10,20261463,10,5.0,15.0,0.3,11.611666666666666,11.7,0.08833333333333311,24.0,0.76953125,10,32,39.0,49
50,seeded_random_10,20261464,10,5.0,15.0,0.3,11.931666666666667,11.304999999999998,-0.6266666666666671,16.0,0.275390625,10,32,39.0,49
50,seeded_random_10,20261465,10,5.0,15.0,0.3,11.690000000000001,11.518333333333333,-0.17166666666666633,26.0,0.921875,10,32,39.0,49
50,seeded_random_10,20261466,10,5.0,15.0,0.3,11.483333333333334,12.131666666666666,0.6483333333333332,11.0,0.10546875,10,32,39.0,49
50,seeded_random_10,20261467,10,5.0,15.0,0.3,11.268333333333334,11.936666666666667,0.668333333333333,11.0,0.10546875,10,32,39.0,49
50,seeded_random_10,20261468,10,5.0,15.0,0.3,11.875,11.396666666666667,-0.47833333333333333,17.0,0.322265625,10,32,39.0,49
50,seeded_random_10,20261469,10,5.0,15.0,0.3,11.595,11.77,0.17499999999999966,20.0,0.4921875,10,32,39.0,49
50,seeded_random_10,20261470,10,5.0,15.0,0.3,11.731666666666667,11.766666666666667,0.0349999999999989,22.0,0.603515625,10,32,39.0,49
50,seeded_random_10,20261471,10,5.0,15.0,0.3,11.548333333333334,12.031666666666666,0.4833333333333332,9.0,0.064453125,10,32,39.0,49
50,seeded_random_10,20261472,10,5.0,15.0,0.3,11.708333333333332,11.075000000000001,-0.6333333333333329,11.0,0.10546875,10,32,39.0,49
50,seeded_random_10,20261473,10,5.0,15.0,0.3,11.616666666666665,11.611666666666666,-0.005000000000000249,26.0,0.921875,10,32,39.0,49
50,seeded_random_10,20261474,10,5.0,15.0,0.3,11.163333333333334,11.868333333333334,0.7050000000000004,12.0,0.130859375,10,32,39.0,49
50,seeded_random_10,20261475,10,5.0,15.0,0.3,11.899999999999999,11.888333333333334,-0.011666666666666181,25.0,0.845703125,10,32,39.0,49
50,seeded_random_10,20261476,10,5.0,15.0,0.3,11.583333333333332,12.038333333333334,0.4549999999999995,15.0,0.232421875,10,32,39.0,49
50,seeded_random_10,20261477,10,5.0,15.0,0.3,12.088333333333335,11.608333333333334,-0.4800000000000001,10.0,0.083984375,10,32,39.0,49
50,seeded_random_10,20261478,10,5.0,15.0,0.3,11.408333333333335,11.375,-0.03333333333333392,27.0,1.0,10,32,39.0,49
50,seeded_random_10,20261479,10,5.0,15.0,0.3,11.583333333333332,11.429999999999998,-0.15333333333333332,22.0,0.625,10,32,39.0,49
50,seeded_random_10,20261480,10,5.0,15.0,0.3,11.598333333333333,11.708333333333334,0.11000000000000032,24.0,0.76953125,10,32,39.0,49
50,seeded_random_10,20261481,10,5.0,15.0,0.3,11.761666666666667,11.921666666666665,0.16000000000000014,23.0,0.6953125,10,32,39.0,49
50,seeded_random_10,20261482,10,5.0,15.0,0.3,11.671666666666667,11.593333333333332,-0.07833333333333332,25.0,0.845703125,10,32,39.0,49
50,seeded_random_10,20261483,10,5.0,15.0,0.3,11.473333333333333,11.505,0.03166666666666664,23.0,0.6953125,10,32,39.0,49
50,seeded_random_10,20261484,10,5.0,15.0,0.3,11.626666666666667,11.554999999999998,-0.07166666666666668,24.0,0.76953125,10,32,39.0,49
50,seeded_random_10,20261485,10,5.0,15.0,0.3,11.771666666666665,11.581666666666667,-0.18999999999999967,23.0,0.6953125,10,32,39.0,49
50,seeded_random_10,20261486,10,5.0,15.0,0.3,11.865,11.483333333333334,-0.38166666666666627,21.5,0.57421875,10,32,39.0,49
50,seeded_random_10,20261487,10,5.0,15.0,0.3,11.606666666666666,11.646666666666667,0.040000000000000036,24.0,0.76953125,10,32,39.0,49
50,seeded_random_10,20261488,10,5.0,15.0,0.3,11.639999999999997,11.873333333333331,0.23333333333333375,22.0,0.625,10,32,39.0,49
50,seeded_random_10,20261489,10,5.0,15.0,0.3,11.641666666666667,11.514999999999999,-0.12666666666666676,26.0,0.921875,10,32,39.0,49
50,seeded_random_10,20261490,10,5.0,15.0,0.3,11.526666666666667,11.548333333333334,0.021666666666667212,21.0,0.556640625,10,32,39.0,49
50,seeded_random_10,20261491,10,5.0,15.0,0.3,11.72,11.583333333333334,-0.13666666666666707,21.0,0.556640625,10,32,39.0,49
50,seeded_random_10,20261492,10,5.0,15.0,0.3,11.748333333333333,11.768333333333334,0.01999999999999975,24.0,0.76953125,10,32,39.0,49
50,seeded_random_10,20261493,10,5.0,15.0,0.3,11.841666666666667,11.291666666666668,-0.55,8.0,0.048828125,10,32,39.0,49
50,seeded_random_10,20261494,10,5.0,15.0,0.3,11.526666666666667,11.379999999999999,-0.14666666666666633,21.0,0.556640625,10,32,39.0,49
50,seeded_random_10,20261495,10,5.0,15.0,0.3,11.656666666666668,11.523333333333333,-0.13333333333333391,23.0,0.6953125,10,32,39.0,49
50,seeded_random_10,20261496,10,5.0,15.0,0.3,11.241666666666667,11.675,0.433333333333333,17.0,0.322265625,10,32,39.0,49
50,seeded_random_10,20261497,10,5.0,15.0,0.3,11.605,11.615,0.00999999999999961,27.5,1.0,10,32,39.0,49
50,seeded_random_10,20261498,10,5.0,15.0,0.3,11.711666666666668,12.076666666666668,0.36500000000000093,22.0,0.625,10,32,39.0,49
50,seeded_random_10,20261499,10,5.0,15.0,0.3,11.696666666666665,11.75,0.053333333333333496,25.0,0.845703125,10,32,39.0,49
50,seeded_random_10,20261500,10,5.0,15.0,0.3,11.61,12.241666666666667,0.6316666666666663,10.0,0.083984375,10,32,39.0,49
50,seeded_random_10,20261501,10,5.0,15.0,0.3,11.190000000000001,11.556666666666668,0.3666666666666673,19.0,0.431640625,10,32,39.0,49
50,seeded_random_10,20261502,10,5.0,15.0,0.3,11.669999999999998,11.641666666666667,-0.028333333333332787,27.0,1.0,10,32,39.0,49
50,seeded_random_10,20261503,10,5.0,15.0,0.3,11.315000000000001,11.796666666666667,0.481666666666667,10.5,0.087890625,10,32,39.0,49
50,seeded_random_10,20261504,10,5.0,15.0,0.3,11.761666666666667,11.546666666666667,-0.2149999999999997,22.0,0.625,10,32,39.0,49
50,seeded_random_10,20261505,10,5.0,15.0,0.3,11.993333333333334,11.746666666666668,-0.24666666666666667,27.0,1.0,10,32,39.0,49
50,seeded_random_10,20261506,10,5.0,15.0,0.3,11.646666666666667,11.756666666666668,0.11000000000000068,23.0,0.6953125,10,32,39.0,49
50,seeded_random_10,20261507,10,5.0,15.0,0.3,11.698333333333334,11.563333333333333,-0.13500000000000031,19.0,0.734375,10,32,39.0,49
50,seeded_random_10,20261508,10,5.0,15.0,0.3,11.679999999999998,11.5,-0.17999999999999988,25.0,0.826171875,10,32,39.0,49
50,seeded_random_10,20261509,10,5.0,15.0,0.3,11.995,11.658333333333333,-0.33666666666666656,17.0,0.322265625,10,32,39.0,49
50,seeded_random_10,20261510,10,5.0,15.0,0.3,11.725,11.656666666666666,-0.06833333333333388,27.0,1.0,10,32,39.0,49
50,seeded_random_10,20261511,10,5.0,15.0,0.3,11.749999999999998,11.658333333333335,-0.0916666666666659,21.0,0.556640625,10,32,39.0,49
50,seeded_random_10,20261512,10,5.0,15.0,0.3,11.870000000000001,11.503333333333334,-0.3666666666666677,22.0,0.625,10,32,39.0,49
50,seeded_random_10,20261513,10,5.0,15.0,0.3,11.611666666666666,11.338333333333335,-0.2733333333333331,27.0,1.0,10,32,39.0,49
50,seeded_random_10,20261514,10,5.0,15.0,0.3,11.9,11.285000000000002,-0.6149999999999995,13.0,0.16015625,10,32,39.0,49
50,seeded_random_10,20261515,10,5.0,15.0,0.3,11.466666666666665,11.49,0.023333333333333428,27.0,1.0,10,32,39.0,49
50,seeded_random_10,20261516,10,5.0,15.0,0.3,11.684999999999999,11.365,-0.31999999999999923,21.0,0.556640625,10,32,39.0,49
50,seeded_random_10,20261517,10,5.0,15.0,0.3,11.860000000000001,11.25,-0.6100000000000005,9.0,0.060546875,10,32,39.0,49
50,seeded_random_10,20261518,10,5.0,15.0,0.3,11.488333333333333,11.873333333333335,0.38499999999999945,20.0,0.4921875,10,32,39.0,49
50,seeded_random_10,20261519,10,5.0,15.0,0.3,11.715,11.728333333333333,0.013333333333333286,25.0,0.845703125,10,32,39.0,49
50,seeded_random_10,20261520,10,5.0,15.0,0.3,11.828333333333335,11.865,0.03666666666666636,24.0,0.76953125,10,32,39.0,49
50,seeded_random_10,20261521,10,5.0,15.0,0.3,11.878333333333334,11.578333333333333,-0.3,20.0,0.4921875,10,32,39.0,49
50,seeded_random_10,20261522,10,5.0,15.0,0.3,11.715,11.485000000000001,-0.23000000000000026,21.0,0.556640625,10,32,39.0,49
50,seeded_random_10,20261523,10,5.0,15.0,0.3,11.69,11.878333333333334,0.18833333333333346,23.0,0.67578125,10,32,39.0,49
50,seeded_random_10,20261524,10,5.0,15.0,0.3,11.504999999999999,11.68666666666667,0.18166666666666736,22.0,0.625,10,32,39.0,49
50,seeded_random_10,20261525,10,5.0,15.0,0.3,12.129999999999999,11.576666666666666,-0.553333333333333,23.0,0.6953125,10,32,39.0,49
50,seeded_random_10,20261526,10,5.0,15.0,0.3,11.991666666666665,11.325,-0.6666666666666667,13.0,0.16015625,10,32,39.0,49
50,seeded_random_10,20261527,10,5.0,15.0,0.3,11.785,11.766666666666667,-0.01833333333333371,27.0,1.0,10,32,39.0,49
50,seeded_random_10,20261528,10,5.0,15.0,0.3,11.711666666666668,11.875000000000002,0.1633333333333331,21.0,0.556640625,10,32,39.0,49
50,seeded_random_10,20261529,10,5.0,15.0,0.3,11.509999999999998,11.98,0.4700000000000001,18.0,0.375,10,32,39.0,49
50,seeded_random_10,20261530,10,5.0,15.0,0.3,11.773333333333333,11.848333333333333,0.07499999999999982,23.0,0.6953125,10,32,39.0,49
50,seeded_random_10,20261531,10,5.0,15.0,0.3,11.65,11.768333333333334,0.11833333333333318,22.0,0.607421875,10,32,39.0,49
50,seeded_random_10,20261532,10,5.0,15.0,0.3,11.781666666666666,11.19,-0.5916666666666668,14.0,0.193359375,10,32,39.0,49
50,seeded_random_10,20261533,10,5.0,15.0,0.3,11.636666666666667,11.578333333333331,-0.058333333333334104,26.0,0.921875,10,32,39.0,49
50,seeded_random_10,20261534,10,5.0,15.0,0.3,11.693333333333333,11.91,0.21666666666666679,16.0,0.275390625,10,32,39.0,49
50,seeded_random_10,20261535,10,5.0,15.0,0.3,11.776666666666667,11.559999999999999,-0.21666666666666642,24.0,0.76953125,10,32,39.0,49
50,seeded_random_10,20261536,10,5.0,15.0,0.3,11.691666666666666,11.963333333333333,0.27166666666666706,19.0,0.431640625,10,32,39.0,49
50,seeded_random_10,20261537,10,5.0,15.0,0.3,11.701666666666666,11.775,0.07333333333333378,26.0,0.921875,10,32,39.0,49
50,seeded_random_10,20261538,10,5.0,15.0,0.3,11.888333333333332,11.551666666666666,-0.33666666666666706,24.0,0.76953125,10,32,39.0,49
50,seeded_random_10,20261539,10,5.0,15.0,0.3,11.74,11.563333333333333,-0.1766666666666664,26.0,0.921875,10,32,39.0,49
50,seeded_random_10,20261540,10,5.0,15.0,0.3,11.531666666666666,11.523333333333333,-0.00833333333333286,27.0,1.0,10,32,39.0,49
50,seeded_random_10,20261541,10,5.0,15.0,0.3,11.426666666666668,12.128333333333334,0.7016666666666668,11.0,0.10546875,10,32,39.0,49
50,seeded_random_10,20261542,10,5.0,15.0,0.3,11.673333333333332,12.020000000000001,0.3466666666666665,21.0,0.556640625,10,32,39.0,49
50,seeded_random_10,20261543,10,5.0,15.0,0.3,11.473333333333333,12.059999999999999,0.5866666666666663,14.5,0.205078125,10,32,39.0,49
50,seeded_random_10,20261544,10,5.0,15.0,0.3,11.743333333333332,11.716666666666665,-0.026666666666666217,25.0,0.845703125,10,32,39.0,49
50,seeded_random_10,20261545,10,5.0,15.0,0.3,11.683333333333334,11.513333333333334,-0.1700000000000003,25.0,0.845703125,10,32,39.0,49
50,seeded_random_10,20261546,10,5.0,15.0,0.3,11.176666666666666,11.915000000000001,0.7383333333333342,8.0,0.048828125,10,32,39.0,49
50,seeded_random_10,20261547,10,5.0,15.0,0.3,11.868333333333332,11.52,-0.3483333333333333,20.0,0.4921875,10,32,39.0,49
50,seeded_random_10,20261548,10,5.0,15.0,0.3,11.64,11.968333333333334,0.3283333333333324,21.0,0.556640625,10,32,39.0,49
50,seeded_random_10,20261549,10,5.0,15.0,0.3,11.445,11.535,0.09000000000000022,25.0,0.845703125,10,32,39.0,49
50,seeded_random_10,20261550,10,5.0,15.0,0.3,11.598333333333333,11.501666666666667,-0.09666666666666739,26.0,0.921875,10,32,39.0,49
50,seeded_random_10,20261551,10,5.0,15.0,0.3,11.705000000000002,11.671666666666667,-0.03333333333333357,25.0,0.845703125,10,32,39.0,49
50,seeded_random_10,20261552,10,5.0,15.0,0.3,11.581666666666667,11.99,0.4083333333333334,18.0,0.375,10,32,39.0,49
50,seeded_random_10,20261553,10,5.0,15.0,0.3,11.275,11.57,0.2949999999999996,18.0,0.375,10,32,39.0,49
50,seeded_random_10,20261554,10,5.0,15.0,0.3,11.798333333333334,12.173333333333336,0.37500000000000056,17.0,0.322265625,10,32,39.0,49
50,seeded_random_10,20261555,10,5.0,15.0,0.3,11.753333333333334,11.613333333333333,-0.14000000000000073,27.0,1.0,10,32,39.0,49
50,seeded_random_10,20261556,10,5.0,15.0,0.3,11.561666666666666,11.471666666666668,-0.09000000000000022,26.0,0.921875,10,32,39.0,49
50,seeded_random_10,20261557,10,5.0,15.0,0.3,11.725,11.738333333333333,0.013333333333333641,25.0,0.845703125,10,32,39.0,49
50,seeded_random_10,20261558,10,5.0,15.0,0.3,11.959999999999999,11.948333333333334,-0.011666666666666358,21.0,0.91015625,10,32,39.0,49
50,seeded_random_10,20261559,10,5.0,15.0,0.3,12.031666666666666,11.635,-0.39666666666666633,22.0,0.625,10,32,39.0,49
50,seeded_random_10,20261560,10,5.0,15.0,0.3,11.52,11.706666666666667,0.18666666666666618,24.0,0.76953125,10,32,39.0,49
50,seeded_random_10,20261561,10,5.0,15.0,0.3,11.851666666666667,11.614999999999998,-0.23666666666666636,20.0,0.4921875,10,32,39.0,49
50,seeded_random_10,20261562,10,5.0,15.0,0.3,11.431666666666668,11.638333333333332,0.20666666666666683,25.0,0.845703125,10,32,39.0,49
50,seeded_random_10,20261563,10,5.0,15.0,0.3,11.863333333333333,11.603333333333333,-0.25999999999999995,20.0,0.4765625,10,32,39.0,49
50,seeded_random_10,20261564,10,5.0,15.0,0.3,12.32,11.608333333333333,-0.7116666666666669,10.0,0.1640625,10,32,39.0,49
50,seeded_random_10,20261565,10,5.0,15.0,0.3,11.473333333333333,11.919999999999998,0.4466666666666669,17.0,0.322265625,10,32,39.0,49
50,seeded_random_10,20261566,10,5.0,15.0,0.3,11.325,11.426666666666666,0.10166666666666639,25.0,0.845703125,10,32,39.0,49
50,seeded_random_10,20261567,10,5.0,15.0,0.3,11.706666666666667,11.851666666666665,0.1450000000000001,20.0,0.4921875,10,32,39.0,49
50,seeded_random_10,20261568,10,5.0,15.0,0.3,11.536666666666667,11.556666666666667,0.019999999999999397,23.0,0.6953125,10,32,39.0,49
50,seeded_random_10,20261569,10,5.0,15.0,0.3,11.676666666666668,12.041666666666666,0.3649999999999995,18.0,0.375,10,32,39.0,49
50,seeded_random_10,20261570,10,5.0,15.0,0.3,11.459999999999999,11.325,-0.13499999999999943,22.0,1.0,10,32,39.0,49
50,seeded_random_10,20261571,10,5.0,15.0,0.3,11.481666666666667,11.521666666666665,0.03999999999999879,17.0,0.5703125,10,32,39.0,49
50,seeded_random_10,20261572,10,5.0,15.0,0.3,11.623333333333331,11.796666666666667,0.17333333333333378,23.0,0.6953125,10,32,39.0,49
50,seeded_random_10,20261573,10,5.0,15.0,0.3,11.863333333333333,11.851666666666667,-0.011666666666666358,27.0,1.0,10,32,39.0,49
50,seeded_random_10,20261574,10,5.0,15.0,0.3,11.543333333333333,11.671666666666665,0.12833333333333313,22.0,0.625,10,32,39.0,49
50,seeded_random_10,20261575,10,5.0,15.0,0.3,11.738333333333333,11.675,-0.06333333333333364,26.0,0.921875,10,32,39.0,49
50,seeded_random_10,20261576,10,5.0,15.0,0.3,11.641666666666667,11.838333333333335,0.1966666666666665,19.0,0.431640625,10,32,39.0,49
50,seeded_random_10,20261577,10,5.0,15.0,0.3,11.516666666666666,11.671666666666665,0.15500000000000025,23.0,0.6953125,10,32,39.0,49
50,seeded_random_10,20261578,10,5.0,15.0,0.3,11.731666666666666,11.753333333333334,0.021666666666666855,27.0,1.0,10,32,39.0,49
50,seeded_random_10,20261579,10,5.0,15.0,0.3,11.381666666666666,11.338333333333335,-0.043333333333333356,27.0,1.0,10,32,39.0,49
50,seeded_random_10,20261580,10,5.0,15.0,0.3,11.94,11.486666666666668,-0.4533333333333326,25.0,0.845703125,10,32,39.0,49
50,seeded_random_10,20261581,10,5.0,15.0,0.3,11.493333333333334,11.336666666666666,-0.15666666666666665,22.0,0.625,10,32,39.0,49
50,seeded_random_10,20261582,10,5.0,15.0,0.3,11.558333333333334,11.366666666666667,-0.19166666666666643,23.0,0.6953125,10,32,39.0,49
50,seeded_random_10,20261583,10,5.0,15.0,0.3,11.411666666666669,11.646666666666667,0.2349999999999998,17.0,0.322265625,10,32,39.0,49
50,seeded_random_10,20261584,10,5.0,15.0,0.3,11.860000000000001,11.798333333333336,-0.06166666666666672,25.0,0.845703125,10,32,39.0,49
50,seeded_random_10,20261585,10,5.0,15.0,0.3,11.85,11.576666666666666,-0.2733333333333331,21.0,0.556640625,10,32,39.0,49
50,seeded_random_10,20261586,10,5.0,15.0,0.3,11.398333333333335,11.741666666666667,0.3433333333333337,15.0,0.232421875,10,32,39.0,49
50,seeded_random_10,20261587,10,5.0,15.0,0.3,11.351666666666667,11.373333333333335,0.021666666666667035,26.0,0.921875,10,32,39.0,49
50,seeded_random_10,20261588,10,5.0,15.0,0.3,11.620000000000001,11.413333333333334,-0.2066666666666661,22.0,0.625,10,32,39.0,49
50,seeded_random_10,20261589,10,5.0,15.0,0.3,11.704999999999998,11.610000000000001,-0.09499999999999939,26.0,0.921875,10,32,39.0,49
50,seeded_random_10,20261590,10,5.0,15.0,0.3,12.07,11.666666666666668,-0.40333333333333315,19.0,0.431640625,10,32,39.0,49
50,seeded_random_10,20261591,10,5.0,15.0,0.3,11.825,11.975000000000001,0.15000000000000124,22.0,0.625,10,32,39.0,49
50,seeded_random_10,20261592,10,5.0,15.0,0.3,11.741666666666667,11.568333333333332,-0.17333333333333378,25.0,0.845703125,10,32,39.0,49
50,seeded_random_10,20261593,10,5.0,15.0,0.3,11.986666666666668,11.475,-0.5116666666666667,15.0,0.232421875,10,32,39.0,49
50,seeded_random_10,20261594,10,5.0,15.0,0.3,11.523333333333335,11.828333333333333,0.304999999999999,23.0,0.6953125,10,32,39.0,49
50,seeded_random_10,20261595,10,5.0,15.0,0.3,11.708333333333334,11.768333333333333,0.05999999999999979,25.0,0.845703125,10,32,39.0,49
50,seeded_random_10,20261596,10,5.0,15.0,0.3,11.548333333333332,11.678333333333335,0.13000000000000078,22.0,0.625,10,32,39.0,49
50,seeded_random_10,20261597,10,5.0,15.0,0.3,11.648333333333333,11.553333333333335,-0.09499999999999922,25.0,0.845703125,10,32,39.0,49
50,seeded_random_10,20261598,10,5.0,15.0,0.3,11.536666666666667,11.386666666666667,-0.15,24.0,0.76953125,10,32,39.0,49
50,seeded_random_10,20261599,10,5.0,15.0,0.3,11.583333333333334,11.620000000000001,0.03666666666666707,27.0,0.98046875,10,32,39.0,49
50,seeded_random_10,20261600,10,5.0,15.0,0.3,11.725,11.306666666666667,-0.418333333333333,12.5,0.13671875,10,32,39.0,49
50,seeded_random_10,20261601,10,5.0,15.0,0.3,11.72,11.668333333333333,-0.051666666666666215,25.0,0.826171875,10,32,39.0,49
50,seeded_random_10,20261602,10,5.0,15.0,0.3,11.608333333333333,11.448333333333334,-0.15999999999999925,23.0,0.6953125,10,32,39.0,49
50,seeded_random_10,20261603,10,5.0,15.0,0.3,11.801666666666666,11.18,-0.6216666666666661,8.5,0.052734375,10,32,39.0,49
50,seeded_random_10,20261604,10,5.0,15.0,0.3,11.848333333333333,11.695,-0.15333333333333332,25.0,0.845703125,10,32,39.0,49
50,seeded_random_10,20261605,10,5.0,15.0,0.3,11.529999999999998,11.496666666666666,-0.03333333333333286,25.0,0.845703125,10,32,39.0,49
50,seeded_random_10,20261606,10,5.0,15.0,0.3,11.726666666666668,11.653333333333332,-0.07333333333333325,27.0,1.0,10,32,39.0,49
50,seeded_random_10,20261607,10,5.0,15.0,0.3,11.703333333333333,11.663333333333332,-0.040000000000000216,24.0,0.76953125,10,32,39.0,49
50,seeded_random_10,20261608,10,5.0,15.0,0.3,11.933333333333334,11.545,-0.38833333333333453,26.0,0.921875,10,32,39.0,49
50,seeded_random_10,20261609,10,5.0,15.0,0.3,11.814999999999998,11.813333333333333,-0.0016666666666662166,27.0,1.0,10,32,39.0,49
50,seeded_random_10,20261610,10,5.0,15.0,0.3,11.763333333333332,11.761666666666667,-0.001666666666666039,27.0,1.0,10,32,39.0,49
50,seeded_random_10,20261611,10,5.0,15.0,0.3,11.906666666666668,11.823333333333334,-0.0833333333333334,27.0,1.0,10,32,39.0,49
50,seeded_random_10,20261612,10,5.0,15.0,0.3,11.815,11.999999999999998,0.18499999999999997,24.0,0.76953125,10,32,39.0,49
50,seeded_random_10,20261613,10,5.0,15.0,0.3,11.675,11.566666666666666,-0.10833333333333268,24.0,0.76953125,10,32,39.0,49
50,seeded_random_10,20261614,10,5.0,15.0,0.3,11.55,11.665000000000001,0.11500000000000057,24.0,0.76953125,10,32,39.0,49
50,seeded_random_10,20261615,10,5.0,15.0,0.3,11.913333333333332,11.803333333333333,-0.10999999999999996,21.0,0.91015625,10,32,39.0,49
50,seeded_random_10,20261616,10,5.0,15.0,0.3,11.783333333333331,11.9,0.11666666666666696,23.0,0.6953125,10,32,39.0,49
50,seeded_random_10,20261617,10,5.0,15.0,0.3,11.668333333333333,11.466666666666665,-0.20166666666666638,25.5,0.865234375,10,32,39.0,49
50,seeded_random_10,20261618,10,5.0,15.0,0.3,11.343333333333334,11.515000000000002,0.17166666666666738,23.0,0.6953125,10,32,39.0,49
50,seeded_random_10,20261619,10,5.0,15.0,0.3,11.658333333333335,11.776666666666667,0.118333333333333,20.0,0.474609375,10,32,39.0,49
50,seeded_random_10,20261620,10,5.0,15.0,0.3,11.736666666666668,11.475,-0.26166666666666727,23.0,0.6953125,10,32,39.0,49
50,seeded_random_10,20261621,10,5.0,15.0,0.3,11.846666666666668,11.708333333333332,-0.13833333333333364,26.0,0.921875,10,32,39.0,49
50,seeded_random_10,20261622,10,5.0,15.0,0.3,11.723333333333333,11.515000000000002,-0.20833333333333287,26.0,0.921875,10,32,39.0,49
50,seeded_random_10,20261623,10,5.0,15.0,0.3,11.883333333333335,11.505,-0.3783333333333337,16.0,0.275390625,10,32,39.0,49
50,seeded_random_10,20261624,10,5.0,15.0,0.3,12.044999999999998,11.243333333333332,-0.8016666666666665,9.0,0.064453125,10,32,39.0,49
50,seeded_random_10,20261625,10,5.0,15.0,0.3,12.016666666666666,11.489999999999998,-0.5266666666666662,14.0,0.193359375,10,32,39.0,49
50,seeded_random_10,20261626,10,5.0,15.0,0.3,11.678333333333333,11.558333333333334,-0.1200000000000001,27.0,1.0,10,32,39.0,49
50,seeded_random_10,20261627,10,5.0,15.0,0.3,11.851666666666667,11.52,-0.33166666666666733,13.0,0.154296875,10,32,39.0,49
50,seeded_random_10,20261628,10,5.0,15.0,0.3,11.595000000000002,11.288333333333332,-0.3066666666666668,19.0,0.431640625,10,32,39.0,49
50,seeded_random_10,20261629,10,5.0,15.0,0.3,11.655000000000001,11.931666666666667,0.27666666666666584,23.0,0.6953125,10,32,39.0,49
50,seeded_random_10,20261630,10,5.0,15.0,0.3,11.569999999999999,11.558333333333334,-0.011666666666666891,27.0,1.0,10,32,39.0,49
50,seeded_random_10,20261631,10,5.0,15.0,0.3,11.29,11.600000000000001,0.3099999999999998,20.0,0.4921875,10,32,39.0,49
50,seeded_random_10,20261632,10,5.0,15.0,0.3,11.775,10.86,-0.9149999999999997,9.0,0.064453125,10,32,39.0,49
50,seeded_random_10,20261633,10,5.0,15.0,0.3,11.54,11.790000000000001,0.25000000000000033,19.0,0.431640625,10,32,39.0,49
50,seeded_random_10,20261634,10,5.0,15.0,0.3,11.571666666666665,11.611666666666668,0.040000000000000036,26.0,0.921875,10,32,39.0,49
50,seeded_random_10,20261635,10,5.0,15.0,0.3,11.303333333333333,11.698333333333334,0.39500000000000013,19.0,0.431640625,10,32,39.0,49
50,seeded_random_10,20261636,10,5.0,15.0,0.3,12.190000000000001,11.565000000000001,-0.6249999999999998,14.0,0.193359375,10,32,39.0,49
50,seeded_random_10,20261637,10,5.0,15.0,0.3,11.615,11.728333333333333,0.11333333333333276,25.0,0.845703125,10,32,39.0,49
50,seeded_random_10,20261638,10,5.0,15.0,0.3,11.483333333333334,11.628333333333334,0.14500000000000046,23.0,0.6953125,10,32,39.0,49
50,seeded_random_10,20261639,10,5.0,15.0,0.3,11.559999999999999,11.44,-0.1200000000000001,22.0,0.625,10,32,39.0,49
50,seeded_random_10,20261640,10,5.0,15.0,0.3,11.38166666666667,11.543333333333333,0.16166666666666707,23.0,0.6953125,10,32,39.0,49
50,seeded_random_10,20261641,10,5.0,15.0,0.3,11.651666666666666,11.888333333333334,0.23666666666666725,24.0,0.76953125,10,32,39.0,49
50,seeded_random_10,20261642,10,5.0,15.0,0.3,11.76,11.675,-0.08500000000000033,26.0,0.921875,10,32,39.0,49
50,seeded_random_10,20261643,10,5.0,15.0,0.3,11.501666666666669,11.578333333333335,0.0766666666666671,26.0,0.921875,10,32,39.0,49
50,seeded_random_10,20261644,10,5.0,15.0,0.3,11.535,11.833333333333332,0.29833333333333323,20.0,0.4921875,10,32,39.0,49
50,seeded_random_10,20261645,10,5.0,15.0,0.3,11.993333333333334,11.736666666666668,-0.25666666666666665,20.0,0.4765625,10,32,39.0,49
50,seeded_random_10,20261646,10,5.0,15.0,0.3,11.64,11.478333333333333,-0.1616666666666667,16.0,0.49609375,10,32,39.0,49
50,seeded_random_10,20261647,10,5.0,15.0,0.3,11.425,11.626666666666669,0.2016666666666671,22.0,0.625,10,32,39.0,49
50,seeded_random_10,20261648,10,5.0,15.0,0.3,12.156666666666666,11.828333333333333,-0.32833333333333314,17.0,0.322265625,10,32,39.0,49
50,seeded_random_10,20261649,10,5.0,15.0,0.3,11.466666666666665,11.818333333333332,0.3516666666666669,19.0,0.431640625,10,32,39.0,49
50,seeded_random_10,20261650,10,5.0,15.0,0.3,11.726666666666667,11.355,-0.3716666666666665,13.0,0.16015625,10,32,39.0,49
50,seeded_random_10,20261651,10,5.0,15.0,0.3,11.598333333333333,11.466666666666665,-0.13166666666666665,26.0,0.921875,10,32,39.0,49
50,seeded_random_10,20261652,10,5.0,15.0,0.3,11.559999999999999,11.58,0.01999999999999975,26.0,0.921875,10,32,39.0,49
50,seeded_random_10,20261653,10,5.0,15.0,0.3,11.705000000000002,11.723333333333333,0.018333333333332293,27.0,1.0,10,32,39.0,49
50,seeded_random_10,20261654,10,5.0,15.0,0.3,11.52,11.605000000000002,0.08499999999999978,20.0,0.4921875,10,32,39.0,49
50,seeded_random_10,20261655,10,5.0,15.0,0.3,11.311666666666667,11.066666666666666,-0.2450000000000001,17.0,0.322265625,10,32,39.0,49
50,seeded_random_10,20261656,10,5.0,15.0,0.3,11.336666666666666,11.818333333333332,0.4816666666666663,14.0,0.193359375,10,32,39.0,49
50,seeded_random_10,20261657,10,5.0,15.0,0.3,11.823333333333332,11.556666666666665,-0.26666666666666766,23.0,0.6953125,10,32,39.0,49
50,seeded_random_10,20261658,10,5.0,15.0,0.3,11.308333333333334,11.831666666666667,0.523333333333334,10.5,0.08984375,10,32,39.0,49
50,seeded_random_10,20261659,10,5.0,15.0,0.3,11.868333333333332,11.778333333333332,-0.09000000000000022,25.0,0.845703125,10,32,39.0,49
50,seeded_random_10,20261660,10,5.0,15.0,0.3,11.871666666666666,11.298333333333334,-0.5733333333333335,14.5,0.201171875,10,32,39.0,49
50,seeded_random_10,20261661,10,5.0,15.0,0.3,11.629999999999999,11.653333333333332,0.023333333333333605,27.0,1.0,10,32,39.0,49
50,seeded_random_10,20261662,10,5.0,15.0,0.3,11.726666666666667,11.546666666666665,-0.18000000000000008,20.0,0.4921875,10,32,39.0,49
50,seeded_random_10,20261663,10,5.0,15.0,0.3,11.436666666666667,11.643333333333334,0.20666666666666647,23.0,0.6953125,10,32,39.0,49
50,seeded_random_10,20261664,10,5.0,15.0,0.3,11.298333333333332,12.061666666666666,0.7633333333333336,13.0,0.16015625,10,32,39.0,49
50,seeded_random_10,20261665,10,5.0,15.0,0.3,12.105,11.59,-0.5149999999999991,15.0,0.232421875,10,32,39.0,49
50,seeded_random_10,20261666,10,5.0,15.0,0.3,11.8,11.296666666666667,-0.5033333333333336,17.0,0.322265625,10,32,39.0,49
50,seeded_random_10,20261667,10,5.0,15.0,0.3,11.886666666666667,11.726666666666668,-0.15999999999999998,27.0,1.0,10,32,39.0,49
50,seeded_random_10,20261668,10,5.0,15.0,0.3,11.278333333333334,11.528333333333336,0.25000000000000017,21.0,0.556640625,10,32,39.0,49
50,seeded_random_10,20261669,10,5.0,15.0,0.3,12.1,11.655000000000001,-0.44499999999999884,9.0,0.12109375,10,32,39.0,49
50,seeded_random_10,20261670,10,5.0,15.0,0.3,11.64,11.561666666666667,-0.07833333333333332,25.0,0.845703125,10,32,39.0,49
50,seeded_random_10,20261671,10,5.0,15.0,0.3,11.809999999999999,11.286666666666667,-0.5233333333333329,14.0,0.193359375,10,32,39.0,49
50,seeded_random_10,20261672,10,5.0,15.0,0.3,11.436666666666667,11.485,0.048333333333332715,21.0,0.91015625,10,32,39.0,49
50,seeded_random_10,20261673,10,5.0,15.0,0.3,11.133333333333333,11.520000000000001,0.3866666666666669,15.0,0.232421875,10,32,39.0,49
50,seeded_random_10,20261674,10,5.0,15.0,0.3,11.83,11.830000000000002,-1.7763568394002506e-16,23.0,0.6953125,10,32,39.0,49
50,seeded_random_10,20261675,10,5.0,15.0,0.3,11.758333333333333,11.48,-0.27833333333333315,20.0,0.4921875,10,32,39.0,49
50,seeded_random_10,20261676,10,5.0,15.0,0.3,11.586666666666668,11.799999999999999,0.2133333333333331,19.0,0.431640625,10,32,39.0,49
50,seeded_random_10,20261677,10,5.0,15.0,0.3,11.648333333333332,11.78,0.13166666666666682,25.0,0.845703125,10,32,39.0,49
50,seeded_random_10,20261678,10,5.0,15.0,0.3,11.73333333333333,11.618333333333334,-0.11499999999999985,21.0,0.556640625,10,32,39.0,49
50,seeded_random_10,20261679,10,5.0,15.0,0.3,11.711666666666668,11.273333333333333,-0.43833333333333363,16.0,0.275390625,10,32,39.0,49
50,seeded_random_10,20261680,10,5.0,15.0,0.3,11.436666666666667,11.73,0.2933333333333339,22.0,0.625,10,32,39.0,49
50,seeded_random_10,20261681,10,5.0,15.0,0.3,11.606666666666666,11.563333333333333,-0.043333333333333536,24.0,0.76953125,10,32,39.0,49
50,seeded_random_10,20261682,10,5.0,15.0,0.3,11.461666666666668,11.61,0.14833333333333343,15.0,0.42578125,10,32,39.0,49
50,seeded_random_10,20261683,10,5.0,15.0,0.3,11.746666666666666,11.681666666666668,-0.06500000000000003,24.0,0.76953125,10,32,39.0,49
50,seeded_random_10,20261684,10,5.0,15.0,0.3,11.514999999999999,11.905,0.39000000000000024,18.0,0.375,10,32,39.0,49
50,seeded_random_10,20261685,10,5.0,15.0,0.3,11.793333333333333,11.823333333333334,0.029999999999999714,24.0,0.76953125,10,32,39.0,49
50,seeded_random_10,20261686,10,5.0,15.0,0.3,11.918333333333333,11.606666666666666,-0.311666666666666,22.0,0.625,10,32,39.0,49
50,seeded_random_10,20261687,10,5.0,15.0,0.3,11.338333333333335,11.553333333333335,0.21499999999999986,25.0,0.845703125,10,32,39.0,49
50,seeded_random_10,20261688,10,5.0,15.0,0.3,11.756666666666664,11.694999999999999,-0.06166666666666672,24.5,0.7890625,10,32,39.0,49
50,seeded_random_10,20261689,10,5.0,15.0,0.3,12.18,11.446666666666669,-0.7333333333333328,12.0,0.130859375,10,32,39.0,49
50,seeded_random_10,20261690,10,5.0,15.0,0.3,11.788333333333332,11.743333333333334,-0.04499999999999993,26.0,0.921875,10,32,39.0,49
50,seeded_random_10,20261691,10,5.0,15.0,0.3,11.588333333333333,11.708333333333334,0.12000000000000029,26.0,0.921875,10,32,39.0,49
50,seeded_random_10,20261692,10,5.0,15.0,0.3,11.276666666666667,11.551666666666666,0.27500000000000036,23.0,0.6953125,10,32,39.0,49
50,seeded_random_10,20261693,10,5.0,15.0,0.3,11.733333333333333,11.345,-0.3883333333333329,20.0,0.4921875,10,32,39.0,49
50,seeded_random_10,20261694,10,5.0,15.0,0.3,12.16,11.623333333333333,-0.5366666666666668,15.0,0.232421875,10,32,39.0,49
50,seeded_random_10,20261695,10,5.0,15.0,0.3,11.798333333333334,11.566666666666668,-0.23166666666666574,23.0,0.6953125,10,32,39.0,49
50,seeded_random_10,20261696,10,5.0,15.0,0.3,11.985000000000001,11.766666666666666,-0.218333333333333,26.0,0.921875,10,32,39.0,49
50,seeded_random_10,20261697,10,5.0,15.0,0.3,11.920000000000002,11.661666666666665,-0.25833333333333447,15.0,0.232421875,10,32,39.0,49
50,seeded_random_10,20261698,10,5.0,15.0,0.3,11.738333333333333,11.665000000000001,-0.07333333333333325,24.0,0.76953125,10,32,39.0,49
50,seeded_random_10,20261699,10,5.0,15.0,0.3,11.616666666666665,11.419999999999998,-0.19666666666666685,27.0,0.984375,10,32,39.0,49
50,seeded_random_10,20261700,10,5.0,15.0,0.3,11.823333333333334,11.608333333333334,-0.21500000000000039,22.5,0.646484375,10,32,39.0,49
50,seeded_random_10,20261701,10,5.0,15.0,0.3,11.653333333333332,11.633333333333335,-0.020000000000000108,26.0,0.921875,10,32,39.0,49
50,seeded_random_10,20261702,10,5.0,15.0,0.3,11.98,11.438333333333333,-0.5416666666666667,10.0,0.083984375,10,32,39.0,49
50,seeded_random_10,20261703,10,5.0,15.0,0.3,11.748333333333335,11.718333333333334,-0.03000000000000025,25.0,0.845703125,10,32,39.0,49
50,seeded_random_10,20261704,10,5.0,15.0,0.3,11.163333333333334,11.586666666666668,0.4233333333333329,18.0,0.375,10,32,39.0,49
50,seeded_random_10,20261705,10,5.0,15.0,0.3,11.434999999999999,12.141666666666666,0.7066666666666667,12.0,0.130859375,10,32,39.0,49
50,seeded_random_10,20261706,10,5.0,15.0,0.3,12.021666666666667,11.42,-0.6016666666666666,17.0,0.322265625,10,32,39.0,49
50,seeded_random_10,20261707,10,5.0,15.0,0.3,11.738333333333333,11.595,-0.14333333333333337,26.0,0.921875,10,32,39.0,49
50,seeded_random_10,20261708,10,5.0,15.0,0.3,11.651666666666667,11.671666666666669,0.02000000000000064,26.0,0.921875,10,32,39.0,49
50,seeded_random_10,20261709,10,5.0,15.0,0.3,11.828333333333333,11.368333333333334,-0.4600000000000005,14.5,0.203125,10,32,39.0,49
50,seeded_random_10,20261710,10,5.0,15.0,0.3,11.593333333333334,11.721666666666668,0.12833333333333402,21.0,0.556640625,10,32,39.0,49
50,seeded_random_10,20261711,10,5.0,15.0,0.3,11.73,11.521666666666667,-0.2083333333333334,22.0,0.609375,10,32,39.0,49
50,seeded_random_10,20261712,10,5.0,15.0,0.3,11.66,11.521666666666667,-0.13833333333333347,25.0,0.845703125,10,32,39.0,49
50,seeded_random_10,20261713,10,5.0,15.0,0.3,11.408333333333335,11.933333333333334,0.5250000000000001,15.5,0.244140625,10,32,39.0,49
50,seeded_random_10,20261714,10,5.0,15.0,0.3,11.661666666666667,11.768333333333334,0.10666666666666683,26.0,0.921875,10,32,39.0,49
50,seeded_random_10,20261715,10,5.0,15.0,0.3,11.366666666666667,11.573333333333334,0.20666666666666683,21.5,0.57421875,10,32,39.0,49
50,seeded_random_10,20261716,10,5.0,15.0,0.3,11.400000000000002,11.478333333333333,0.07833333333333314,26.0,0.921875,10,32,39.0,49
50,seeded_random_10,20261717,10,5.0,15.0,0.3,11.918333333333331,11.386666666666667,-0.5316666666666666,19.0,0.431640625,10,32,39.0,49
50,seeded_random_10,20261718,10,5.0,15.0,0.3,11.815000000000001,11.27,-0.5450000000000005,18.0,0.375,10,32,39.0,49
50,seeded_random_10,20261719,10,5.0,15.0,0.3,11.583333333333332,11.72,0.13666666666666635,25.0,0.845703125,10,32,39.0,49
50,seeded_random_10,20261720,10,5.0,15.0,0.3,11.47,11.903333333333332,0.43333333333333196,17.0,0.322265625,10,32,39.0,49
50,seeded_random_10,20261721,10,5.0,15.0,0.3,11.636666666666667,11.455,-0.18166666666666736,21.0,0.556640625,10,32,39.0,49
50,seeded_random_10,20261722,10,5.0,15.0,0.3,11.708333333333332,11.65,-0.058333333333333216,25.0,0.845703125,10,32,39.0,49
50,seeded_random_10,20261723,10,5.0,15.0,0.3,11.891666666666667,11.626666666666667,-0.2649999999999997,23.0,0.6953125,10,32,39.0,49
50,seeded_random_10,20261724,10,5.0,15.0,0.3,11.495,11.296666666666667,-0.1983333333333329,22.0,0.625,10,32,39.0,49
50,seeded_random_10,20261725,10,5.0,15.0,0.3,11.833333333333334,11.558333333333334,-0.2750000000000002,24.0,0.76953125,10,32,39.0,49
50,seeded_random_10,20261726,10,5.0,15.0,0.3,11.676666666666668,11.309999999999999,-0.36666666666666786,26.0,0.90234375,10,32,39.0,49
50,seeded_random_10,20261727,10,5.0,15.0,0.3,11.521666666666667,11.838333333333335,0.31666666666666715,17.0,0.322265625,10,32,39.0,49
50,seeded_random_10,20261728,10,5.0,15.0,0.3,11.531666666666666,11.603333333333333,0.07166666666666668,23.0,0.6953125,10,32,39.0,49
50,seeded_random_10,20261729,10,5.0,15.0,0.3,11.641666666666666,11.615,-0.026666666666665683,27.0,1.0,10,32,39.0,49
50,seeded_random_10,20261730,10,5.0,15.0,0.3,11.843333333333332,11.381666666666666,-0.4616666666666667,20.0,0.4921875,10,32,39.0,49
50,seeded_random_10,20261731,10,5.0,15.0,0.3,11.618333333333334,11.67,0.051666666666666215,24.0,0.76953125,10,32,39.0,49
50,seeded_random_10,20261732,10,5.0,15.0,0.3,12.025,11.681666666666667,-0.3433333333333334,19.0,0.431640625,10,32,39.0,49
50,seeded_random_10,20261733,10,5.0,15.0,0.3,11.456666666666667,11.458333333333332,0.0016666666666662166,24.0,0.76953125,10,32,39.0,49
50,seeded_random_10,20261734,10,5.0,15.0,0.3,11.639999999999999,11.661666666666665,0.021666666666666678,26.0,0.921875,10,32,39.0,49
50,seeded_random_10,20261735,10,5.0,15.0,0.3,11.693333333333333,11.553333333333333,-0.14000000000000004,17.0,0.5703125,10,32,39.0,49
50,seeded_random_10,20261736,10,5.0,15.0,0.3,11.688333333333336,11.556666666666667,-0.13166666666666718,27.0,0.984375,10,32,39.0,49
50,seeded_random_10,20261737,10,5.0,15.0,0.3,11.526666666666666,11.793333333333333,0.2666666666666666,24.0,0.76953125,10,32,39.0,49
50,seeded_random_10,20261738,10,5.0,15.0,0.3,11.521666666666665,11.568333333333333,0.0466666666666665,25.0,0.845703125,10,32,39.0,49
50,seeded_random_10,20261739,10,5.0,15.0,0.3,11.555,11.725,0.17000000000000046,20.0,0.4921875,10,32,39.0,49
50,seeded_random_10,20261740,10,5.0,15.0,0.3,11.933333333333334,11.426666666666666,-0.5066666666666666,15.0,0.232421875,10,32,39.0,49
50,seeded_random_10,20261741,10,5.0,15.0,0.3,11.685,11.353333333333332,-0.33166666666666716,27.0,1.0,10,32,39.0,49
50,seeded_random_10,20261742,10,5.0,15.0,0.3,11.246666666666668,11.828333333333333,0.5816666666666659,11.0,0.10546875,10,32,39.0,49
50,seeded_random_10,20261743,10,5.0,15.0,0.3,11.593333333333332,11.706666666666667,0.11333333333333293,25.0,0.845703125,10,32,39.0,49
50,seeded_random_10,20261744,10,5.0,15.0,0.3,11.966666666666665,11.768333333333334,-0.1983333333333336,23.0,0.6953125,10,32,39.0,49
50,seeded_random_10,20261745,10,5.0,15.0,0.3,11.778333333333334,11.518333333333334,-0.2600000000000007,16.5,0.287109375,10,32,39.0,49
50,seeded_random_10,20261746,10,5.0,15.0,0.3,12.080000000000002,11.756666666666666,-0.3233333333333327,20.0,0.4921875,10,32,39.0,49
50,seeded_random_10,20261747,10,5.0,15.0,0.3,11.834999999999999,11.830000000000002,-0.004999999999999005,24.0,0.76953125,10,32,39.0,49
50,seeded_random_10,20261748,10,5.0,15.0,0.3,11.395,11.831666666666667,0.4366666666666674,14.0,0.193359375,10,32,39.0,49
50,seeded_random_10,20261749,10,5.0,15.0,0.3,11.39,11.908333333333333,0.5183333333333326,14.5,0.205078125,10,32,39.0,49
50,seeded_random_10,20261750,10,5.0,15.0,0.3,11.565000000000001,11.475000000000001,-0.09000000000000022,23.0,0.697265625,10,32,39.0,49
50,seeded_random_10,20261751,10,5.0,15.0,0.3,11.760000000000002,11.723333333333333,-0.03666666666666707,27.0,1.0,10,32,39.0,49
50,seeded_random_10,20261752,10,5.0,15.0,0.3,11.918333333333333,11.636666666666667,-0.28166666666666734,22.0,0.625,10,32,39.0,49
50,seeded_random_10,20261753,10,5.0,15.0,0.3,11.801666666666666,11.334999999999999,-0.4666666666666659,19.0,0.419921875,10,32,39.0,49
50,seeded_random_10,20261754,10,5.0,15.0,0.3,11.833333333333332,11.563333333333334,-0.27000000000000013,15.0,0.232421875,10,32,39.0,49
50,seeded_random_10,20261755,10,5.0,15.0,0.3,11.636666666666667,11.546666666666665,-0.09000000000000004,27.0,1.0,10,32,39.0,49
50,seeded_random_10,20261756,10,5.0,15.0,0.3,11.663333333333332,11.61,-0.05333333333333421,27.0,1.0,10,32,39.0,49
50,seeded_random_10,20261757,10,5.0,15.0,0.3,11.521666666666667,11.985,0.46333333333333293,18.0,0.375,10,32,39.0,49
50,seeded_random_10,20261758,10,5.0,15.0,0.3,11.705000000000002,11.308333333333334,-0.3966666666666665,10.5,0.08984375,10,32,39.0,49
50,seeded_random_10,20261759,10,5.0,15.0,0.3,11.683333333333334,11.446666666666665,-0.23666666666666636,23.5,0.716796875,10,32,39.0,49
50,seeded_random_10,20261760,10,5.0,15.0,0.3,11.266666666666666,11.77,0.5033333333333332,10.0,0.083984375,10,32,39.0,49
50,seeded_random_10,20261761,10,5.0,15.0,0.3,11.546666666666669,11.733333333333333,0.18666666666666581,24.0,0.76953125,10,32,39.0,49
50,seeded_random_10,20261762,10,5.0,15.0,0.3,11.496666666666668,11.518333333333334,0.021666666666665613,27.0,1.0,10,32,39.0,49
50,seeded_random_10,20261763,10,5.0,15.0,0.3,11.631666666666664,11.423333333333332,-0.20833333333333304,21.0,0.556640625,10,32,39.0,49
50,seeded_random_10,20261764,10,5.0,15.0,0.3,11.913333333333334,11.629999999999999,-0.28333333333333394,25.0,0.845703125,10,32,39.0,49
50,seeded_random_10,20261765,10,5.0,15.0,0.3,11.576666666666668,11.673333333333334,0.09666666666666704,26.0,0.921875,10,32,39.0,49
50,seeded_random_10,20261766,10,5.0,15.0,0.3,11.248333333333331,11.371666666666666,0.12333333333333396,21.0,0.556640625,10,32,39.0,49
50,seeded_random_10,20261767,10,5.0,15.0,0.3,11.578333333333333,12.183333333333334,0.6050000000000001,17.0,0.322265625,10,32,39.0,49
50,seeded_random_10,20261768,10,5.0,15.0,0.3,11.706666666666667,11.696666666666669,-0.00999999999999961,26.0,0.921875,10,32,39.0,49
50,seeded_random_10,20261769,10,5.0,15.0,0.3,11.391666666666666,11.5,0.1083333333333341,24.5,0.7890625,10,32,39.0,49
50,seeded_random_10,20261770,10,5.0,15.0,0.3,11.428333333333333,11.546666666666669,0.11833333333333336,22.0,0.625,10,32,39.0,49
50,seeded_random_10,20261771,10,5.0,15.0,0.3,11.733333333333334,11.364999999999998,-0.36833333333333285,17.0,0.322265625,10,32,39.0,49
50,seeded_random_10,20261772,10,5.0,15.0,0.3,11.5,11.62,0.11999999999999975,25.0,0.845703125,10,32,39.0,49
50,seeded_random_10,20261773,10,5.0,15.0,0.3,12.148333333333332,11.378333333333334,-0.7699999999999992,8.0,0.048828125,10,32,39.0,49
50,seeded_random_10,20261774,10,5.0,15.0,0.3,11.584999999999999,11.676666666666666,0.09166666666666697,18.0,0.65234375,10,32,39.0,49
50,seeded_random_10,20261775,10,5.0,15.0,0.3,11.261666666666667,11.736666666666668,0.47500000000000037,16.0,0.275390625,10,32,39.0,49
50,seeded_random_10,20261776,10,5.0,15.0,0.3,11.658333333333335,11.675,0.01666666666666732,27.0,1.0,10,32,39.0,49
50,seeded_random_10,20261777,10,5.0,15.0,0.3,11.523333333333333,11.680000000000001,0.156666666666667,24.0,0.76953125,10,32,39.0,49
50,seeded_random_10,20261778,10,5.0,15.0,0.3,11.611666666666668,11.708333333333332,0.09666666666666686,26.5,0.943359375,10,32,39.0,49
50,seeded_random_10,20261779,10,5.0,15.0,0.3,11.971666666666668,11.838333333333335,-0.13333333333333375,24.0,0.76953125,10,32,39.0,49
50,seeded_random_10,20261780,10,5.0,15.0,0.3,11.886666666666667,11.353333333333333,-0.5333333333333332,25.0,0.822265625,10,32,39.0,49
50,seeded_random_10,20261781,10,5.0,15.0,0.3,11.626666666666669,11.501666666666667,-0.12500000000000053,17.0,0.322265625,10,32,39.0,49
50,seeded_random_10,20261782,10,5.0,15.0,0.3,11.421666666666669,11.306666666666667,-0.11500000000000074,27.0,1.0,10,32,39.0,49
50,seeded_random_10,20261783,10,5.0,15.0,0.3,11.985000000000001,11.753333333333334,-0.23166666666666663,26.0,0.921875,10,32,39.0,49
50,seeded_random_10,20261784,10,5.0,15.0,0.3,11.636666666666667,11.806666666666667,0.16999999999999993,24.0,0.76953125,10,32,39.0,49
50,seeded_random_10,20261785,10,5.0,15.0,0.3,11.688333333333333,11.395,-0.29333333333333356,22.0,0.625,10,32,39.0,49
50,seeded_random_10,20261786,10,5.0,15.0,0.3,11.575,11.715,0.1400000000000002,24.0,0.76953125,10,32,39.0,49
50,seeded_random_10,20261787,10,5.0,15.0,0.3,11.516666666666667,11.681666666666667,0.1650000000000004,22.0,0.625,10,32,39.0,49
50,seeded_random_10,20261788,10,5.0,15.0,0.3,11.613333333333333,11.733333333333334,0.12000000000000029,27.0,1.0,10,32,39.0,49
50,seeded_random_10,20261789,10,5.0,15.0,0.3,11.754999999999999,12.183333333333332,0.4283333333333328,16.0,0.275390625,10,32,39.0,49
50,seeded_random_10,20261790,10,5.0,15.0,0.3,11.895000000000001,11.736666666666668,-0.15833333333333321,27.0,1.0,10,32,39.0,49
50,seeded_random_10,20261791,10,5.0,15.0,0.3,11.651666666666667,11.73,0.07833333333333332,25.0,0.845703125,10,32,39.0,49
50,seeded_random_10,20261792,10,5.0,15.0,0.3,11.338333333333335,11.84,0.5016666666666667,15.0,0.232421875,10,32,39.0,49
50,seeded_random_10,20261793,10,5.0,15.0,0.3,11.378333333333334,11.441666666666666,0.06333333333333346,24.0,0.76953125,10,32,39.0,49
50,seeded_random_10,20261794,10,5.0,15.0,0.3,11.703333333333335,11.775,0.07166666666666668,26.0,0.921875,10,32,39.0,49
50,seeded_random_10,20261795,10,5.0,15.0,0.3,11.625,11.401666666666666,-0.2233333333333336,22.0,0.625,10,32,39.0,49
50,seeded_random_10,20261796,10,5.0,15.0,0.3,11.561666666666667,11.833333333333332,0.27166666666666667,24.0,0.76953125,10,32,39.0,49
50,seeded_random_10,20261797,10,5.0,15.0,0.3,11.59,11.331666666666667,-0.2583333333333339,19.0,0.431640625,10,32,39.0,49
50,seeded_random_10,20261798,10,5.0,15.0,0.3,11.346666666666668,11.493333333333334,0.14666666666666667,23.0,0.6953125,10,32,39.0,49
50,seeded_random_10,20261799,10,5.0,15.0,0.3,11.48,11.801666666666666,0.32166666666666616,18.0,0.375,10,32,39.0,49
50,seeded_random_10,20261800,10,5.0,15.0,0.3,11.345,11.241666666666669,-0.1033333333333335,26.0,0.921875,10,32,39.0,49
50,seeded_random_10,20261801,10,5.0,15.0,0.3,11.526666666666667,11.724999999999998,0.19833333333333325,23.0,0.6953125,10,32,39.0,49
50,seeded_random_10,20261802,10,5.0,15.0,0.3,11.889999999999997,11.786666666666665,-0.10333333333333314,22.0,0.625,10,32,39.0,49
50,seeded_random_10,20261803,10,5.0,15.0,0.3,11.433333333333334,12.051666666666666,0.6183333333333343,11.0,0.10546875,10,32,39.0,49
50,seeded_random_10,20261804,10,5.0,15.0,0.3,11.638333333333335,11.72,0.08166666666666682,21.0,0.556640625,10,32,39.0,49
50,seeded_random_10,20261805,10,5.0,15.0,0.3,11.903333333333332,11.716666666666665,-0.18666666666666637,25.0,0.845703125,10,32,39.0,49
50,seeded_random_10,20261806,10,5.0,15.0,0.3,11.726666666666665,11.523333333333335,-0.20333333333333387,27.0,1.0,10,32,39.0,49
50,seeded_random_10,20261807,10,5.0,15.0,0.3,11.776666666666666,11.426666666666666,-0.3499999999999993,17.5,0.333984375,10,32,39.0,49
50,seeded_random_10,20261808,10,5.0,15.0,0.3,11.735,11.8,0.06500000000000039,27.0,1.0,10,32,39.0,49
50,seeded_random_10,20261809,10,5.0,15.0,0.3,11.311666666666667,11.34,0.028333333333333145,25.0,0.826171875,10,32,39.0,49
50,seeded_random_10,20261810,10,5.0,15.0,0.3,11.651666666666667,11.743333333333334,0.0916666666666666,21.0,0.556640625,10,32,39.0,49
50,seeded_random_10,20261811,10,5.0,15.0,0.3,11.291666666666666,11.575,0.28333333333333377,20.0,0.4921875,10,32,39.0,49
50,seeded_random_10,20261812,10,5.0,15.0,0.3,11.42,11.451666666666664,0.03166666666666629,22.0,0.625,10,32,39.0,49
50,seeded_random_10,20261813,10,5.0,15.0,0.3,11.706666666666667,11.613333333333333,-0.09333333333333318,27.0,1.0,10,32,39.0,49
50,seeded_random_10,20261814,10,5.0,15.0,0.3,11.713333333333335,11.486666666666666,-0.22666666666666746,23.0,0.6953125,10,32,39.0,49
50,seeded_random_10,20261815,10,5.0,15.0,0.3,11.321666666666667,11.743333333333334,0.4216666666666667,16.0,0.275390625,10,32,39.0,49
50,seeded_random_10,20261816,10,5.0,15.0,0.3,11.355,11.563333333333334,0.20833333333333304,25.0,0.845703125,10,32,39.0,49
50,seeded_random_10,20261817,10,5.0,15.0,0.3,11.615,11.805,0.19000000000000056,25.0,0.845703125,10,32,39.0,49
50,seeded_random_10,20261818,10,5.0,15.0,0.3,11.598333333333333,11.593333333333332,-0.004999999999999538,26.0,0.921875,10,32,39.0,49
50,seeded_random_10,20261819,10,5.0,15.0,0.3,11.443333333333332,11.764999999999999,0.32166666666666793,15.0,0.232421875,10,32,39.0,49
50,seeded_random_10,20261820,10,5.0,15.0,0.3,11.583333333333334,11.450000000000001,-0.13333333333333303,25.0,0.845703125,10,32,39.0,49
50,seeded_random_10,20261821,10,5.0,15.0,0.3,11.731666666666666,11.661666666666665,-0.07000000000000046,25.0,0.845703125,10,32,39.0,49
50,seeded_random_10,20261822,10,5.0,15.0,0.3,11.598333333333333,11.888333333333334,0.2900000000000002,20.0,0.4765625,10,32,39.0,49
50,seeded_random_10,20261823,10,5.0,15.0,0.3,11.211666666666666,11.183333333333334,-0.028333333333332968,25.0,0.845703125,10,32,39.0,49
50,seeded_random_10,20261824,10,5.0,15.0,0.3,11.61,11.818333333333333,0.2083333333333334,23.0,0.6953125,10,32,39.0,49
50,seeded_random_10,20261825,10,5.0,15.0,0.3,11.415,11.615,0.1999999999999993,24.5,0.787109375,10,32,39.0,49
50,seeded_random_10,20261826,10,5.0,15.0,0.3,11.383333333333333,11.658333333333333,0.2749999999999998,25.0,0.845703125,10,32,39.0,49
50,seeded_random_10,20261827,10,5.0,15.0,0.3,11.698333333333332,11.771666666666667,0.07333333333333343,22.0,0.625,10,32,39.0,49
50,seeded_random_10,20261828,10,5.0,15.0,0.3,11.248333333333333,11.761666666666667,0.5133333333333328,16.0,0.275390625,10,32,39.0,49
50,seeded_random_10,20261829,10,5.0,15.0,0.3,11.691666666666666,11.793333333333333,0.1016666666666671,22.0,0.625,10,32,39.0,49
50,seeded_random_10,20261830,10,5.0,15.0,0.3,11.668333333333333,11.795,0.1266666666666664,24.0,0.76953125,10,32,39.0,49
50,seeded_random_10,20261831,10,5.0,15.0,0.3,11.728333333333333,11.743333333333334,0.015000000000000213,27.0,0.98046875,10,32,39.0,49
50,seeded_random_10,20261832,10,5.0,15.0,0.3,11.94,11.876666666666667,-0.06333333333333294,27.0,1.0,10,32,39.0,49
50,seeded_random_10,20261833,10,5.0,15.0,0.3,11.315000000000001,11.396666666666667,0.08166666666666682,26.0,0.921875,10,32,39.0,49
50,seeded_random_10,20261834,10,5.0,15.0,0.3,11.393333333333334,11.746666666666666,0.35333333333333333,18.0,0.375,10,32,39.0,49
50,seeded_random_10,20261835,10,5.0,15.0,0.3,11.596666666666668,11.934999999999999,0.33833333333333326,17.0,0.322265625,10,32,39.0,49
50,seeded_random_10,20261836,10,5.0,15.0,0.3,11.566666666666666,11.483333333333334,-0.08333333333333286,24.0,0.76953125,10,32,39.0,49
50,seeded_random_10,20261837,10,5.0,15.0,0.3,11.799999999999999,11.625,-0.17499999999999966,23.0,0.67578125,10,32,39.0,49
50,seeded_random_10,20261838,10,5.0,15.0,0.3,11.926666666666666,11.69,-0.23666666666666636,22.0,0.625,10,32,39.0,49
50,seeded_random_10,20261839,10,5.0,15.0,0.3,11.901666666666667,11.083333333333334,-0.8183333333333331,10.0,0.083984375,10,32,39.0,49
50,seeded_random_10,20261840,10,5.0,15.0,0.3,11.823333333333334,11.361666666666668,-0.46166666666666706,20.0,0.4921875,10,32,39.0,49
50,seeded_random_10,20261841,10,5.0,15.0,0.3,11.474999999999998,11.15,-0.32499999999999984,18.0,0.375,10,32,39.0,49
50,seeded_random_10,20261842,10,5.0,15.0,0.3,11.805,11.483333333333334,-0.3216666666666672,20.0,0.4921875,10,32,39.0,49
50,seeded_random_10,20261843,10,5.0,15.0,0.3,11.5,11.763333333333334,0.2633333333333333,21.0,0.556640625,10,32,39.0,49
50,seeded_random_10,20261844,10,5.0,15.0,0.3,11.913333333333332,11.863333333333333,-0.05,27.0,1.0,10,32,39.0,49
50,seeded_random_10,20261845,10,5.0,15.0,0.3,11.863333333333333,11.705,-0.1583333333333341,24.0,0.76953125,10,32,39.0,49
50,seeded_random_10,20261846,10,5.0,15.0,0.3,11.883333333333335,11.643333333333333,-0.23999999999999969,23.0,0.6953125,10,32,39.0,49
50,seeded_random_10,20261847,10,5.0,15.0,0.3,11.601666666666667,11.656666666666666,0.054999999999999716,23.5,0.71875,10,32,39.0,49
50,seeded_random_10,20261848,10,5.0,15.0,0.3,11.523333333333333,11.926666666666666,0.4033333333333333,20.0,0.4921875,10,32,39.0,49
50,seeded_random_10,20261849,10,5.0,15.0,0.3,11.351666666666668,11.713333333333333,0.3616666666666665,19.0,0.416015625,10,32,39.0,49
50,seeded_random_10,20261850,10,5.0,15.0,0.3,11.525,11.765,0.2400000000000002,22.0,0.625,10,32,39.0,49
50,seeded_random_10,20261851,10,5.0,15.0,0.3,11.738333333333333,11.548333333333332,-0.19000000000000003,21.0,0.556640625,10,32,39.0,49
50,seeded_random_10,20261852,10,5.0,15.0,0.3,12.088333333333335,11.433333333333334,-0.6549999999999997,11.0,0.10546875,10,32,39.0,49
50,seeded_random_10,20261853,10,5.0,15.0,0.3,11.311666666666666,11.626666666666665,0.31499999999999984,16.0,0.275390625,10,32,39.0,49
50,seeded_random_10,20261854,10,5.0,15.0,0.3,11.643333333333334,11.438333333333334,-0.20500000000000043,22.0,0.625,10,32,39.0,49
50,seeded_random_10,20261855,10,5.0,15.0,0.3,11.76,11.629999999999999,-0.12999999999999973,18.0,0.375,10,32,39.0,49
50,seeded_random_10,20261856,10,5.0,15.0,0.3,11.580000000000002,11.156666666666666,-0.42333333333333323,15.0,0.232421875,10,32,39.0,49
50,seeded_random_10,20261857,10,5.0,15.0,0.3,11.828333333333335,11.731666666666666,-0.09666666666666775,27.0,1.0,10,32,39.0,49
50,seeded_random_10,20261858,10,5.0,15.0,0.3,11.75,11.760000000000002,0.009999999999999787,27.0,1.0,10,32,39.0,49
50,seeded_random_10,20261859,10,5.0,15.0,0.3,11.669999999999998,11.405,-0.265,20.0,0.4921875,10,32,39.0,49
50,seeded_random_10,20261860,10,5.0,15.0,0.3,11.503333333333334,11.521666666666667,0.01833333333333318,24.0,0.76953125,10,32,39.0,49
50,seeded_random_10,20261861,10,5.0,15.0,0.3,11.390000000000002,11.953333333333335,0.5633333333333337,10.0,0.083984375,10,32,39.0,49
50,seeded_random_10,20261862,10,5.0,15.0,0.3,11.901666666666667,11.594999999999999,-0.30666666666666664,17.0,0.322265625,10,32,39.0,49
50,seeded_random_10,20261863,10,5.0,15.0,0.3,11.848333333333333,11.338333333333335,-0.5099999999999996,16.0,0.275390625,10,32,39.0,49
50,seeded_random_10,20261864,10,5.0,15.0,0.3,11.913333333333334,11.485,-0.42833333333333334,18.0,0.375,10,32,39.0,49
50,seeded_random_10,20261865,10,5.0,15.0,0.3,11.766666666666666,11.526666666666666,-0.24000000000000038,21.0,0.556640625,10,32,39.0,49
50,seeded_random_10,20261866,10,5.0,15.0,0.3,11.595,11.526666666666667,-0.06833333333333336,25.0,0.845703125,10,32,39.0,49
50,seeded_random_10,20261867,10,5.0,15.0,0.3,11.761666666666667,11.511666666666667,-0.24999999999999928,22.0,0.625,10,32,39.0,49
50,seeded_random_10,20261868,10,5.0,15.0,0.3,11.459999999999999,11.635,0.17499999999999982,24.0,0.76953125,10,32,39.0,49
50,seeded_random_10,20261869,10,5.0,15.0,0.3,11.858333333333333,11.856666666666666,-0.001666666666666572,24.0,0.76953125,10,32,39.0,49
50,seeded_random_10,20261870,10,5.0,15.0,0.3,11.861666666666666,11.443333333333333,-0.41833333333333317,20.0,0.4921875,10,32,39.0,49
50,seeded_random_10,20261871,10,5.0,15.0,0.3,11.493333333333332,11.445,-0.048333333333333076,26.0,0.921875,10,32,39.0,49
50,seeded_random_10,20261872,10,5.0,15.0,0.3,11.745000000000001,11.885,0.1399999999999995,21.0,0.556640625,10,32,39.0,49
50,seeded_random_10,20261873,10,5.0,15.0,0.3,11.790000000000003,11.303333333333333,-0.48666666666666636,16.0,0.275390625,10,32,39.0,49
50,seeded_random_10,20261874,10,5.0,15.0,0.3,11.591666666666665,11.771666666666667,0.1799999999999992,16.5,0.287109375,10,32,39.0,49
50,seeded_random_10,20261875,10,5.0,15.0,0.3,11.85,11.783333333333333,-0.06666666666666696,24.0,0.75,10,32,39.0,49
50,seeded_random_10,20261876,10,5.0,15.0,0.3,11.305,12.1,0.7949999999999999,7.0,0.037109375,10,32,39.0,49
50,seeded_random_10,20261877,10,5.0,15.0,0.3,11.588333333333335,11.57,-0.018333333333333358,27.0,1.0,10,32,39.0,49
50,seeded_random_10,20261878,10,5.0,15.0,0.3,11.908333333333335,11.776666666666667,-0.13166666666666665,27.5,1.0,10,32,39.0,49
50,seeded_random_10,20261879,10,5.0,15.0,0.3,11.44,11.655000000000001,0.21499999999999986,18.0,0.375,10,32,39.0,49
50,seeded_random_10,20261880,10,5.0,15.0,0.3,11.575,11.706666666666667,0.1316666666666663,24.0,0.76953125,10,32,39.0,49
50,seeded_random_10,20261881,10,5.0,15.0,0.3,11.83,11.629999999999999,-0.20000000000000054,22.0,0.625,10,32,39.0,49
50,seeded_random_10,20261882,10,5.0,15.0,0.3,11.56,11.788333333333334,0.22833333333333386,22.0,0.625,10,32,39.0,49
50,seeded_random_10,20261883,10,5.0,15.0,0.3,11.646666666666667,11.641666666666666,-0.005000000000000071,27.0,1.0,10,32,39.0,49
50,seeded_random_10,20261884,10,5.0,15.0,0.3,11.511666666666667,11.576666666666666,0.06500000000000092,23.0,0.6953125,10,32,39.0,49
50,seeded_random_10,20261885,10,5.0,15.0,0.3,11.298333333333334,11.364999999999998,0.06666666666666696,26.0,0.921875,10,32,39.0,49
50,seeded_random_10,20261886,10,5.0,15.0,0.3,11.796666666666667,11.82,0.023333333333332186,26.0,0.921875,10,32,39.0,49
50,seeded_random_10,20261887,10,5.0,15.0,0.3,12.008333333333333,11.601666666666667,-0.4066666666666663,15.0,0.232421875,10,32,39.0,49
50,seeded_random_10,20261888,10,5.0,15.0,0.3,11.74,12.001666666666665,0.2616666666666667,17.0,0.322265625,10,32,39.0,49
50,seeded_random_10,20261889,10,5.0,15.0,0.3,11.726666666666665,11.698333333333332,-0.028333333333332968,24.0,0.76953125,10,32,39.0,49
50,seeded_random_10,20261890,10,5.0,15.0,0.3,11.638333333333334,11.715,0.07666666666666604,26.0,0.921875,10,32,39.0,49
50,seeded_random_10,20261891,10,5.0,15.0,0.3,11.183333333333334,11.355,0.1716666666666667,24.0,0.76953125,10,32,39.0,49
50,seeded_random_10,20261892,10,5.0,15.0,0.3,11.796666666666665,11.985000000000001,0.18833333333333382,23.0,0.6953125,10,32,39.0,49
50,seeded_random_10,20261893,10,5.0,15.0,0.3,11.678333333333333,11.886666666666667,0.20833333333333287,21.0,0.556640625,10,32,39.0,49
50,seeded_random_10,20261894,10,5.0,15.0,0.3,11.828333333333335,11.413333333333332,-0.41500000000000037,16.0,0.275390625,10,32,39.0,49
50,seeded_random_10,20261895,10,5.0,15.0,0.3,11.825,12.120000000000001,0.29499999999999993,21.0,0.556640625,10,32,39.0,49
50,seeded_random_10,20261896,10,5.0,15.0,0.3,11.885,11.726666666666665,-0.15833333333333394,22.0,0.625,10,32,39.0,49
50,seeded_random_10,20261897,10,5.0,15.0,0.3,11.716666666666665,11.466666666666669,-0.2499999999999991,22.0,0.625,10,32,39.0,49
50,seeded_random_10,20261898,10,5.0,15.0,0.3,11.610000000000001,11.593333333333334,-0.01666666666666696,27.0,1.0,10,32,39.0,49
50,seeded_random_10,20261899,10,5.0,15.0,0.3,11.646666666666667,11.453333333333333,-0.1933333333333332,23.0,0.6953125,10,32,39.0,49
50,seeded_random_10,20261900,10,5.0,15.0,0.3,12.061666666666666,11.629999999999999,-0.4316666666666663,18.0,0.375,10,32,39.0,49
50,seeded_random_10,20261901,10,5.0,15.0,0.3,11.531666666666666,11.566666666666666,0.03500000000000014,23.0,0.6953125,10,32,39.0,49
50,seeded_random_10,20261902,10,5.0,15.0,0.3,11.541666666666668,11.249999999999998,-0.29166666666666663,20.0,0.4921875,10,32,39.0,49
50,seeded_random_10,20261903,10,5.0,15.0,0.3,11.793333333333333,11.671666666666665,-0.12166666666666633,25.0,0.845703125,10,32,39.0,49
50,seeded_random_10,20261904,10,5.0,15.0,0.3,11.513333333333332,11.379999999999999,-0.13333333333333322,27.0,1.0,10,32,39.0,49
50,seeded_random_10,20261905,10,5.0,15.0,0.3,11.608333333333334,11.67,0.061666666666666356,26.0,0.921875,10,32,39.0,49
50,seeded_random_10,20261906,10,5.0,15.0,0.3,11.358333333333333,11.879999999999999,0.5216666666666663,12.0,0.130859375,10,32,39.0,49
50,seeded_random_10,20261907,10,5.0,15.0,0.3,11.5,11.513333333333334,0.013333333333333641,26.0,0.921875,10,32,39.0,49
50,seeded_random_10,20261908,10,5.0,15.0,0.3,11.735000000000001,11.100000000000001,-0.635,15.0,0.232421875,10,32,39.0,49
50,seeded_random_10,20261909,10,5.0,15.0,0.3,11.426666666666668,11.213333333333335,-0.2133333333333333,20.0,0.4921875,10,32,39.0,49
50,seeded_random_10,20261910,10,5.0,15.0,0.3,11.705,11.3,-0.40500000000000025,17.0,0.322265625,10,32,39.0,49
50,seeded_random_10,20261911,10,5.0,15.0,0.3,11.723333333333333,11.888333333333332,0.1649999999999995,22.0,0.625,10,32,39.0,49
50,seeded_random_10,20261912,10,5.0,15.0,0.3,11.571666666666665,11.828333333333335,0.256666666666667,25.0,0.845703125,10,32,39.0,49
50,seeded_random_10,20261913,10,5.0,15.0,0.3,11.748333333333333,11.346666666666666,-0.40166666666666656,19.0,0.431640625,10,32,39.0,49
50,seeded_random_10,20261914,10,5.0,15.0,0.3,11.826666666666666,11.613333333333333,-0.2133333333333333,25.0,0.82421875,10,32,39.0,49
50,seeded_random_10,20261915,10,5.0,15.0,0.3,11.69,11.438333333333334,-0.2516666666666662,21.0,0.556640625,10,32,39.0,49
50,seeded_random_10,20261916,10,5.0,15.0,0.3,11.551666666666666,11.485,-0.06666666666666643,27.0,1.0,10,32,39.0,49
50,seeded_random_10,20261917,10,5.0,15.0,0.3,11.423333333333332,11.415000000000001,-0.008333333333333215,25.0,0.845703125,10,32,39.0,49
50,seeded_random_10,20261918,10,5.0,15.0,0.3,11.666666666666668,11.588333333333333,-0.07833333333333367,26.0,0.921875,10,32,39.0,49
50,seeded_random_10,20261919,10,5.0,15.0,0.3,11.121666666666668,11.903333333333332,0.7816666666666663,8.0,0.048828125,10,32,39.0,49
50,seeded_random_10,20261920,10,5.0,15.0,0.3,11.501666666666667,11.471666666666668,-0.029999999999999895,26.0,0.921875,10,32,39.0,49
50,seeded_random_10,20261921,10,5.0,15.0,0.3,11.503333333333334,11.718333333333334,0.21500000000000002,17.0,0.322265625,10,32,39.0,49
50,seeded_random_10,20261922,10,5.0,15.0,0.3,11.363333333333333,11.416666666666666,0.05333333333333314,26.0,0.921875,10,32,39.0,49
50,seeded_random_10,20261923,10,5.0,15.0,0.3,11.305000000000001,11.954999999999998,0.6499999999999991,7.0,0.037109375,10,32,39.0,49
50,seeded_random_10,20261924,10,5.0,15.0,0.3,11.93833333333333,11.54,-0.39833333333333343,18.0,0.375,10,32,39.0,49
50,seeded_random_10,20261925,10,5.0,15.0,0.3,11.576666666666668,11.848333333333333,0.27166666666666545,23.0,0.6953125,10,32,39.0,49
50,seeded_random_10,20261926,10,5.0,15.0,0.3,11.931666666666667,10.958333333333332,-0.9733333333333329,5.0,0.01953125,10,32,39.0,49
50,seeded_random_10,20261927,10,5.0,15.0,0.3,12.003333333333334,11.751666666666667,-0.2516666666666669,22.0,0.625,10,32,39.0,49
50,seeded_random_10,20261928,10,5.0,15.0,0.3,11.633333333333333,11.918333333333333,0.2850000000000007,14.0,0.185546875,10,32,39.0,49
50,seeded_random_10,20261929,10,5.0,15.0,0.3,11.558333333333334,11.55,-0.008333333333332327,27.0,1.0,10,32,39.0,49
50,seeded_random_10,20261930,10,5.0,15.0,0.3,11.826666666666666,11.63,-0.19666666666666704,24.0,0.76953125,10,32,39.0,49
50,seeded_random_10,20261931,10,5.0,15.0,0.3,11.995000000000001,11.834999999999999,-0.16000000000000067,26.0,0.900390625,10,32,39.0,49
50,seeded_random_10,20261932,10,5.0,15.0,0.3,11.74,11.73,-0.009999999999999964,21.0,0.556640625,10,32,39.0,49
50,seeded_random_10,20261933,10,5.0,15.0,0.3,11.758333333333333,11.893333333333334,0.13499999999999995,25.0,0.845703125,10,32,39.0,49
50,seeded_random_10,20261934,10,5.0,15.0,0.3,11.426666666666666,11.42,-0.00666666666666611,22.0,1.0,10,32,39.0,49
50,seeded_random_10,20261935,10,5.0,15.0,0.3,11.975,11.975,1.7763568394002506e-16,23.0,0.6953125,10,32,39.0,49
50,seeded_random_10,20261936,10,5.0,15.0,0.3,11.418333333333333,11.265000000000002,-0.15333333333333243,23.0,0.6953125,10,32,39.0,49
50,seeded_random_10,20261937,10,5.0,15.0,0.3,11.676666666666668,11.826666666666664,0.1499999999999993,21.0,0.556640625,10,32,39.0,49
50,seeded_random_10,20261938,10,5.0,15.0,0.3,11.598333333333333,12.094999999999999,0.49666666666666703,14.0,0.193359375,10,32,39.0,49
50,seeded_random_10,20261939,10,5.0,15.0,0.3,11.69,11.655,-0.03500000000000014,27.0,1.0,10,32,39.0,49
50,seeded_random_10,20261940,10,5.0,15.0,0.3,11.668333333333333,11.575,-0.093333333333333,27.0,1.0,10,32,39.0,49
50,seeded_random_10,20261941,10,5.0,15.0,0.3,11.944999999999999,11.543333333333333,-0.40166666666666656,19.0,0.431640625,10,32,39.0,49
50,seeded_random_10,20261942,10,5.0,15.0,0.3,11.941666666666666,11.576666666666664,-0.3649999999999999,11.0,0.10546875,10,32,39.0,49
50,seeded_random_10,20261943,10,5.0,15.0,0.3,11.698333333333334,11.459999999999999,-0.23833333333333365,21.0,0.556640625,10,32,39.0,49
50,seeded_random_10,20261944,10,5.0,15.0,0.3,11.795000000000002,11.453333333333335,-0.3416666666666668,13.5,0.16796875,10,32,39.0,49
50,seeded_random_10,20261945,10,5.0,15.0,0.3,11.566666666666666,11.523333333333333,-0.04333333333333389,26.0,0.921875,10,32,39.0,49
50,seeded_random_10,20261946,10,5.0,15.0,0.3,11.711666666666666,11.176666666666666,-0.5349999999999999,15.0,0.232421875,10,32,39.0,49
50,seeded_random_10,20261947,10,5.0,15.0,0.3,11.88,11.801666666666666,-0.07833333333333314,27.0,1.0,10,32,39.0,49
50,seeded_random_10,20261948,10,5.0,15.0,0.3,11.509999999999998,11.391666666666666,-0.118333333333333,23.0,0.6953125,10,32,39.0,49
50,seeded_random_10,20261949,10,5.0,15.0,0.3,12.048333333333334,11.4,-0.6483333333333332,13.0,0.16015625,10,32,39.0,49
50,seeded_random_10,20261950,10,5.0,15.0,0.3,11.705,11.706666666666667,0.0016666666666667496,22.0,1.0,10,32,39.0,49
50,seeded_random_10,20261951,10,5.0,15.0,0.3,11.465000000000002,11.731666666666666,0.2666666666666663,19.0,0.431640625,10,32,39.0,49
50,seeded_random_10,20261952,10,5.0,15.0,0.3,11.406666666666666,11.795,0.3883333333333335,19.0,0.416015625,10,32,39.0,49
50,seeded_random_10,20261953,10,5.0,15.0,0.3,11.751666666666669,11.813333333333333,0.061666666666666356,27.0,1.0,10,32,39.0,49
50,seeded_random_10,20261954,10,5.0,15.0,0.3,11.71,11.401666666666667,-0.30833333333333324,21.0,0.541015625,10,32,39.0,49
50,seeded_random_10,20261955,10,5.0,15.0,0.3,11.613333333333333,11.956666666666667,0.3433333333333325,20.0,0.4921875,10,32,39.0,49
50,seeded_random_10,20261956,10,5.0,15.0,0.3,11.819999999999999,11.559999999999999,-0.2600000000000007,19.0,0.416015625,10,32,39.0,49
50,seeded_random_10,20261957,10,5.0,15.0,0.3,11.456666666666667,11.761666666666665,0.30499999999999916,16.0,0.49609375,10,32,39.0,49
50,seeded_random_10,20261958,10,5.0,15.0,0.3,11.436666666666667,11.573333333333334,0.13666666666666707,24.0,0.76953125,10,32,39.0,49
50,seeded_random_10,20261959,10,5.0,15.0,0.3,11.455,11.595,0.14000000000000057,20.0,0.4921875,10,32,39.0,49
50,seeded_random_10,20261960,10,5.0,15.0,0.3,11.716666666666669,11.701666666666666,-0.015000000000000036,26.0,0.921875,10,32,39.0,49
50,seeded_random_10,20261961,10,5.0,15.0,0.3,11.631666666666666,11.725,0.09333333333333318,22.5,0.640625,10,32,39.0,49
50,seeded_random_10,20261962,10,5.0,15.0,0.3,11.799999999999999,11.81166666666667,0.011666666666666891,24.0,0.76953125,10,32,39.0,49
50,seeded_random_10,20261963,10,5.0,15.0,0.3,11.351666666666665,11.84,0.48833333333333295,13.0,0.16015625,10,32,39.0,49
50,seeded_random_10,20261964,10,5.0,15.0,0.3,11.745000000000001,11.605,-0.13999999999999915,24.0,0.76953125,10,32,39.0,49
50,seeded_random_10,20261965,10,5.0,15.0,0.3,11.820000000000002,11.944999999999999,0.12499999999999947,23.0,0.6953125,10,32,39.0,49
50,seeded_random_10,20261966,10,5.0,15.0,0.3,11.726666666666667,11.896666666666667,0.16999999999999957,19.0,0.431640625,10,32,39.0,49
50,seeded_random_10,20261967,10,5.0,15.0,0.3,11.428333333333331,11.655,0.22666666666666604,22.0,0.625,10,32,39.0,49
50,seeded_random_10,20261968,10,5.0,15.0,0.3,11.706666666666667,11.555,-0.15166666666666764,22.0,0.625,10,32,39.0,49
50,seeded_random_10,20261969,10,5.0,15.0,0.3,11.236666666666666,11.826666666666666,0.5900000000000001,13.0,0.16015625,10,32,39.0,49
50,seeded_random_10,20261970,10,5.0,15.0,0.3,11.368333333333332,11.870000000000001,0.5016666666666666,20.0,0.4921875,10,32,39.0,49
50,seeded_random_10,20261971,10,5.0,15.0,0.3,11.548333333333334,11.64,0.09166666666666642,19.0,0.431640625,10,32,39.0,49
50,seeded_random_10,20261972,10,5.0,15.0,0.3,11.465,11.521666666666667,0.05666666666666753,27.0,1.0,10,32,39.0,49
50,seeded_random_10,20261973,10,5.0,15.0,0.3,11.688333333333334,11.325,-0.36333333333333345,18.0,0.375,10,32,39.0,49
50,seeded_random_10,20261974,10,5.0,15.0,0.3,11.766666666666667,11.476666666666668,-0.28999999999999987,19.0,0.431640625,10,32,39.0,49
50,seeded_random_10,20261975,10,5.0,15.0,0.3,11.781666666666666,11.315,-0.46666666666666695,11.0,0.10546875,10,32,39.0,49
50,seeded_random_10,20261976,10,5.0,15.0,0.3,11.943333333333332,11.101666666666667,-0.8416666666666661,3.0,0.009765625,10,32,39.0,49
50,seeded_random_10,20261977,10,5.0,15.0,0.3,11.858333333333333,11.2,-0.6583333333333339,16.0,0.275390625,10,32,39.0,49
50,seeded_random_10,20261978,10,5.0,15.0,0.3,11.606666666666667,11.223333333333333,-0.3833333333333334,13.0,0.16015625,10,32,39.0,49
50,seeded_random_10,20261979,10,5.0,15.0,0.3,11.681666666666668,11.64,-0.04166666666666661,24.0,0.76953125,10,32,39.0,49
50,seeded_random_10,20261980,10,5.0,15.0,0.3,11.743333333333334,11.531666666666665,-0.21166666666666795,21.0,0.556640625,10,32,39.0,49
50,seeded_random_10,20261981,10,5.0,15.0,0.3,11.635,11.473333333333333,-0.1616666666666667,23.0,0.6953125,10,32,39.0,49
50,seeded_random_10,20261982,10,5.0,15.0,0.3,11.866666666666667,12.383333333333335,0.5166666666666664,17.0,0.322265625,10,32,39.0,49
50,seeded_random_10,20261983,10,5.0,15.0,0.3,11.84,11.706666666666667,-0.13333333333333358,26.0,0.921875,10,32,39.0,49
50,seeded_random_10,20261984,10,5.0,15.0,0.3,11.551666666666668,11.161666666666665,-0.39000000000000024,19.0,0.431640625,10,32,39.0,49
50,seeded_random_10,20261985,10,5.0,15.0,0.3,11.52,11.506666666666666,-0.013333333333333641,24.0,0.76953125,10,32,39.0,49
50,seeded_random_10,20261986,10,5.0,15.0,0.3,11.825,11.741666666666665,-0.0833333333333334,26.0,0.921875,10,32,39.0,49
50,seeded_random_10,20261987,10,5.0,15.0,0.3,11.656666666666665,11.665,0.008333333333332683,26.0,0.921875,10,32,39.0,49
50,seeded_random_10,20261988,10,5.0,15.0,0.3,11.893333333333334,11.428333333333333,-0.4650000000000002,15.5,0.2421875,10,32,39.0,49
50,seeded_random_10,20261989,10,5.0,15.0,0.3,11.930000000000001,11.636666666666667,-0.2933333333333337,21.0,0.556640625,10,32,39.0,49
50,seeded_random_10,20261990,10,5.0,15.0,0.3,11.488333333333333,11.241666666666665,-0.24666666666666703,20.0,0.4921875,10,32,39.0,49
50,seeded_random_10,20261991,10,5.0,15.0,0.3,11.66,11.323333333333332,-0.3366666666666672,21.0,0.556640625,10,32,39.0,49
50,seeded_random_10,20261992,10,5.0,15.0,0.3,11.621666666666668,11.356666666666667,-0.26499999999999985,20.0,0.4921875,10,32,39.0,49
50,seeded_random_10,20261993,10,5.0,15.0,0.3,11.739999999999998,11.935,0.19500000000000065,24.0,0.76953125,10,32,39.0,49
50,seeded_random_10,20261994,10,5.0,15.0,0.3,11.351666666666667,11.819999999999999,0.468333333333333,17.0,0.322265625,10,32,39.0,49
50,seeded_random_10,20261995,10,5.0,15.0,0.3,11.401666666666667,11.934999999999999,0.533333333333333,15.0,0.232421875,10,32,39.0,49
50,seeded_random_10,20261996,10,5.0,15.0,0.3,11.923333333333334,11.526666666666667,-0.3966666666666672,20.0,0.4921875,10,32,39.0,49
50,seeded_random_10,20261997,10,5.0,15.0,0.3,12.091666666666667,11.836666666666666,-0.2549999999999997,21.0,0.556640625,10,32,39.0,49
50,seeded_random_10,20261998,10,5.0,15.0,0.3,11.408333333333335,11.489999999999998,0.08166666666666611,25.0,0.826171875,10,32,39.0,49
50,seeded_random_10,20261999,10,5.0,15.0,0.3,11.753333333333334,11.353333333333332,-0.4000000000000007,16.0,0.275390625,10,32,39.0,49
