force_level_mvc,selection_strategy,selection_seed,sample_size,fmin,fmax,isicv,normal_mean,dpn_mean,difference,wilcoxon_statistic,p_value,n_pairs,min_eligible_pool,median_eligible_pool,max_eligible_pool
10,seeded_random_10,20261000,10,5.0,15.0,0.3,12.084999999999999,11.555,-0.5299999999999996,11.0,0.10546875,10,39,49.0,58
10,seeded_random_10,20261001,10,5.0,15.0,0.3,12.071666666666665,11.796666666666667,-0.275,19.0,0.416015625,10,39,49.0,58
10,seeded_random_10,20261002,10,5.0,15.0,0.3,11.868333333333334,11.433333333333334,-0.4349999999999993,16.0,0.275390625,10,39,49.0,58
10,seeded_random_10,20261003,10,5.0,15.0,0.3,11.896666666666668,11.841666666666667,-0.055000000000000604,27.0,1.0,10,39,49.0,58
10,seeded_random_10,20261004,10,5.0,15.0,0.3,12.359999999999998,11.848333333333333,-0.5116666666666664,9.0,0.064453125,10,39,49.0,58
10,seeded_random_10,20261005,10,5.0,15.0,0.3,12.013333333333332,11.893333333333333,-0.12000000000000047,22.0,0.625,10,39,49.0,58
10,seeded_random_10,20261006,10,5.0,15.0,0.3,11.993333333333332,11.731666666666667,-0.2616666666666664,18.0,0.375,10,39,49.0,58
10,seeded_random_10,20261007,10,5.0,15.0,0.3,11.895000000000001,12.206666666666665,0.3116666666666653,15.0,0.232421875,10,39,49.0,58
10,seeded_random_10,20261008,10,5.0,15.0,0.3,11.898333333333333,11.768333333333334,-0.1299999999999999,20.0,0.8203125,10,39,49.0,58
10,seeded_random_10,20261009,10,5.0,15.0,0.3,12.331666666666667,11.995000000000001,-0.3366666666666672,14.5,0.37890625,10,39,49.0,58
10,seeded_random_10,20261010,10,5.0,15.0,0.3,11.925,11.876666666666667,-0.048333333333333964,27.0,1.0,10,39,49.0,58
10,seeded_random_10,20261011,10,5.0,15.0,0.3,12.053333333333333,11.746666666666666,-0.30666666666666664,18.0,0.375,10,39,49.0,58
10,seeded_random_10,20261012,10,5.0,15.0,0.3,12.061666666666667,11.731666666666667,-0.33000000000000007,18.0,0.375,10,39,49.0,58
10,seeded_random_10,20261013,10,5.0,15.0,0.3,12.155000000000001,12.228333333333335,0.07333333333333289,27.0,0.98046875,10,39,49.0,58
10,seeded_random_10,20261014,10,5.0,15.0,0.3,11.834999999999999,11.773333333333335,-0.06166666666666565,23.0,0.6953125,10,39,49.0,58
10,seeded_random_10,20261015,10,5.0,15.0,0.3,12.594999999999999,11.72,-0.875,5.0,0.01953125,10,39,49.0,58
10,seeded_random_10,20261016,10,5.0,15.0,0.3,11.898333333333333,11.678333333333335,-0.21999999999999958,23.0,0.6953125,10,39,49.0,58
10,seeded_random_10,20261017,10,5.0,15.0,0.3,12.236666666666668,11.756666666666666,-0.4800000000000004,10.0,0.083984375,10,39,49.0,58
10,seeded_random_10,20261018,10,5.0,15.0,0.3,12.261666666666667,11.566666666666668,-0.6949999999999991,7.0,0.037109375,10,39,49.0,58
10,seeded_random_10,20261019,10,5.0,15.0,0.3,12.446666666666667,11.631666666666666,-0.8149999999999993,11.0,0.10546875,10,39,49.0,58
10,seeded_random_10,20261020,10,5.0,15.0,0.3,12.084999999999999,11.916666666666668,-0.16833333333333336,23.0,0.6953125,10,39,49.0,58
10,seeded_random_10,20261021,10,5.0,15.0,0.3,12.27,11.733333333333334,-0.5366666666666665,7.0,0.037109375,10,39,49.0,58
10,seeded_random_10,20261022,10,5.0,15.0,0.3,12.334999999999999,11.923333333333334,-0.4116666666666676,17.5,0.3359375,10,39,49.0,58
10,seeded_random_10,20261023,10,5.0,15.0,0.3,12.084999999999999,11.908333333333333,-0.1766666666666671,22.0,0.625,10,39,49.0,58
10,seeded_random_10,20261024,10,5.0,15.0,0.3,12.088333333333333,11.53,-0.558333333333333,11.0,0.10546875,10,39,49.0,58
10,seeded_random_10,20261025,10,5.0,15.0,0.3,12.123333333333333,12.16,0.036666666666666715,26.0,0.921875,10,39,49.0,58
10,seeded_random_10,20261026,10,5.0,15.0,0.3,12.045,11.683333333333334,-0.36166666666666636,14.0,0.359375,10,39,49.0,58
10,seeded_random_10,20261027,10,5.0,15.0,0.3,12.025000000000002,11.828333333333333,-0.19666666666666668,17.0,0.322265625,10,39,49.0,58
10,seeded_random_10,20261028,10,5.0,15.0,0.3,12.363333333333333,11.846666666666668,-0.5166666666666666,12.0,0.130859375,10,39,49.0,58
10,seeded_random_10,20261029,10,5.0,15.0,0.3,12.013333333333334,11.95,-0.06333333333333382,17.0,0.322265625,10,39,49.0,58
10,seeded_random_10,20261030,10,5.0,15.0,0.3,12.383333333333336,11.411666666666667,-0.9716666666666672,2.0,0.005859375,10,39,49.0,58
10,seeded_random_10,20261031,10,5.0,15.0,0.3,12.32,11.61,-0.7100000000000014,9.0,0.064453125,10,39,49.0,58
10,seeded_random_10,20261032,10,5.0,15.0,0.3,12.268333333333333,11.626666666666667,-0.6416666666666657,9.0,0.064453125,10,39,49.0,58
10,seeded_random_10,20261033,10,5.0,15.0,0.3,11.988333333333333,11.916666666666668,-0.07166666666666632,27.0,1.0,10,39,49.0,58
10,seeded_random_10,20261034,10,5.0,15.0,0.3,12.15,11.868333333333334,-0.2816666666666666,19.0,0.431640625,10,39,49.0,58
10,seeded_random_10,20261035,10,5.0,15.0,0.3,12.205,11.831666666666667,-0.3733333333333338,17.0,0.322265625,10,39,49.0,58
10,seeded_random_10,20261036,10,5.0,15.0,0.3,12.348333333333334,11.818333333333333,-0.53,11.0,0.10546875,10,39,49.0,58
10,seeded_random_10,20261037,10,5.0,15.0,0.3,12.358333333333333,11.825000000000001,-0.533333333333333,15.0,0.232421875,10,39,49.0,58
10,seeded_random_10,20261038,10,5.0,15.0,0.3,11.891666666666666,11.698333333333334,-0.1933333333333332,23.5,0.71875,10,39,49.0,58
10,seeded_random_10,20261039,10,5.0,15.0,0.3,12.228333333333333,11.456666666666667,-0.7716666666666672,0.0,0.001953125,10,39,49.0,58
10,seeded_random_10,20261040,10,5.0,15.0,0.3,12.265000000000002,12.006666666666664,-0.2583333333333334,23.0,0.6953125,10,39,49.0,58
10,seeded_random_10,20261041,10,5.0,15.0,0.3,11.741666666666669,11.566666666666666,-0.17500000000000054,24.0,0.76953125,10,39,49.0,58
10,seeded_random_10,20261042,10,5.0,15.0,0.3,11.815000000000001,11.736666666666666,-0.07833333333333332,23.0,0.6953125,10,39,49.0,58
10,seeded_random_10,20261043,10,5.0,15.0,0.3,11.888333333333332,11.876666666666667,-0.011666666666666358,27.0,1.0,10,39,49.0,58
10,seeded_random_10,20261044,10,5.0,15.0,0.3,12.131666666666666,11.61,-0.5216666666666676,10.0,0.083984375,10,39,49.0,58
10,seeded_random_10,20261045,10,5.0,15.0,0.3,12.261666666666667,12.073333333333334,-0.1883333333333331,20.0,0.4921875,10,39,49.0,58
10,seeded_random_10,20261046,10,5.0,15.0,0.3,12.189999999999998,11.956666666666667,-0.23333333333333303,18.0,0.375,10,39,49.0,58
10,seeded_random_10,20261047,10,5.0,15.0,0.3,12.053333333333331,11.818333333333333,-0.23499999999999927,19.0,0.431640625,10,39,49.0,58
10,seeded_random_10,20261048,10,5.0,15.0,0.3,12.338333333333331,12.095,-0.2433333333333337,16.0,0.275390625,10,39,49.0,58
10,seeded_random_10,20261049,10,5.0,15.0,0.3,12.231666666666666,11.945,-0.28666666666666707,17.0,0.322265625,10,39,49.0,58
10,seeded_random_10,20261050,10,5.0,15.0,0.3,12.196666666666667,11.683333333333334,-0.513333333333333,13.0,0.16015625,10,39,49.0,58
10,seeded_random_10,20261051,10,5.0,15.0,0.3,11.883333333333335,11.788333333333332,-0.09499999999999993,25.0,0.845703125,10,39,49.0,58
10,seeded_random_10,20261052,10,5.0,15.0,0.3,11.908333333333333,11.778333333333332,-0.129999999999999,23.0,0.6953125,10,39,49.0,58
10,seeded_random_10,20261053,10,5.0,15.0,0.3,12.303333333333333,12.001666666666667,-0.3016666666666669,10.0,0.083984375,10,39,49.0,58
10,seeded_random_10,20261054,10,5.0,15.0,0.3,11.85,11.483333333333333,-0.3666666666666668,13.0,0.16015625,10,39,49.0,58
10,seeded_random_10,20261055,10,5.0,15.0,0.3,12.1,11.973333333333333,-0.1266666666666664,21.0,0.5390625,10,39,49.0,58
10,seeded_random_10,20261056,10,5.0,15.0,0.3,12.209999999999999,11.975,-0.23500000000000032,23.0,0.6953125,10,39,49.0,58
10,seeded_random_10,20261057,10,5.0,15.0,0.3,12.334999999999999,11.558333333333334,-0.776666666666667,7.0,0.037109375,10,39,49.0,58
10,seeded_random_10,20261058,10,5.0,15.0,0.3,12.116666666666665,11.891666666666666,-0.2249999999999998,22.0,0.607421875,10,39,49.0,58
10,seeded_random_10,20261059,10,5.0,15.0,0.3,12.148333333333335,11.746666666666666,-0.4016666666666673,13.0,0.16015625,10,39,49.0,58
10,seeded_random_10,20261060,10,5.0,15.0,0.3,12.595,11.843333333333332,-0.7516666666666664,5.0,0.01953125,10,39,49.0,58
10,seeded_random_10,20261061,10,5.0,15.0,0.3,12.161666666666667,12.176666666666668,0.014999999999999503,26.0,0.921875,10,39,49.0,58
10,seeded_random_10,20261062,10,5.0,15.0,0.3,12.438333333333333,11.761666666666667,-0.6766666666666662,4.0,0.013671875,10,39,49.0,58
10,seeded_random_10,20261063,10,5.0,15.0,0.3,11.834999999999999,11.648333333333332,-0.18666666666666637,22.0,0.625,10,39,49.0,58
10,seeded_random_10,20261064,10,5.0,15.0,0.3,12.290000000000001,11.823333333333332,-0.46666666666666695,13.0,0.15234375,10,39,49.0,58
10,seeded_random_10,20261065,10,5.0,15.0,0.3,12.09,12.114999999999998,0.02499999999999982,26.5,0.943359375,10,39,49.0,58
10,seeded_random_10,20261066,10,5.0,15.0,0.3,12.083333333333334,12.048333333333334,-0.03500000000000032,27.0,1.0,10,39,49.0,58
10,seeded_random_10,20261067,10,5.0,15.0,0.3,11.773333333333332,11.875000000000002,0.10166666666666657,26.0,0.921875,10,39,49.0,58
10,seeded_random_10,20261068,10,5.0,15.0,0.3,12.243333333333334,11.665000000000003,-0.5783333333333334,11.0,0.10546875,10,39,49.0,58
10,seeded_random_10,20261069,10,5.0,15.0,0.3,12.011666666666667,11.34,-0.6716666666666677,9.0,0.064453125,10,39,49.0,58
10,seeded_random_10,20261070,10,5.0,15.0,0.3,12.249999999999998,11.861666666666668,-0.3883333333333324,14.0,0.193359375,10,39,49.0,58
10,seeded_random_10,20261071,10,5.0,15.0,0.3,12.09,11.926666666666668,-0.16333333333333364,21.0,0.556640625,10,39,49.0,58
10,seeded_random_10,20261072,10,5.0,15.0,0.3,12.253333333333332,11.251666666666669,-1.0016666666666658,9.0,0.064453125,10,39,49.0,58
10,seeded_random_10,20261073,10,5.0,15.0,0.3,12.108333333333333,11.841666666666665,-0.2666666666666663,20.0,0.4921875,10,39,49.0,58
10,seeded_random_10,20261074,10,5.0,15.0,0.3,12.081666666666667,11.841666666666669,-0.2400000000000002,23.0,0.6953125,10,39,49.0,58
10,seeded_random_10,20261075,10,5.0,15.0,0.3,11.94,11.758333333333335,-0.18166666666666664,20.0,0.4921875,10,39,49.0,58
10,seeded_random_10,20261076,10,5.0,15.0,0.3,12.125000000000002,11.736666666666666,-0.38833333333333436,12.0,0.130859375,10,39,49.0,58
10,seeded_random_10,20261077,10,5.0,15.0,0.3,12.109999999999998,11.688333333333334,-0.4216666666666663,7.0,0.037109375,10,39,49.0,58
10,seeded_random_10,20261078,10,5.0,15.0,0.3,12.276666666666667,12.083333333333334,-0.19333333333333388,17.5,0.333984375,10,39,49.0,58
10,seeded_random_10,20261079,10,5.0,15.0,0.3,11.82,11.858333333333333,0.03833333333333329,22.0,0.603515625,10,39,49.0,58
10,seeded_random_10,20261080,10,5.0,15.0,0.3,11.979999999999999,11.796666666666667,-0.1833333333333332,20.0,0.4921875,10,39,49.0,58
10,seeded_random_10,20261081,10,5.0,15.0,0.3,12.231666666666667,11.716666666666665,-0.5149999999999997,10.0,0.083984375,10,39,49.0,58
10,seeded_random_10,20261082,10,5.0,15.0,0.3,11.774999999999999,11.766666666666667,-0.00833333333333286,27.0,1.0,10,39,49.0,58
10,seeded_random_10,20261083,10,5.0,15.0,0.3,12.161666666666667,11.946666666666667,-0.21500000000000039,16.0,0.275390625,10,39,49.0,58
10,seeded_random_10,20261084,10,5.0,15.0,0.3,12.021666666666668,11.760000000000002,-0.26166666666666705,23.0,0.6953125,10,39,49.0,58
10,seeded_random_10,20261085,10,5.0,15.0,0.3,12.238333333333333,11.891666666666666,-0.346666666666667,19.0,0.431640625,10,39,49.0,58
10,seeded_random_10,20261086,10,5.0,15.0,0.3,12.09,11.661666666666667,-0.4283333333333331,11.0,0.099609375,10,39,49.0,58
10,seeded_random_10,20261087,10,5.0,15.0,0.3,12.151666666666667,12.07,-0.081666666666667,25.0,0.845703125,10,39,49.0,58
10,seeded_random_10,20261088,10,5.0,15.0,0.3,12.253333333333334,11.608333333333334,-0.6450000000000001,5.0,0.01953125,10,39,49.0,58
10,seeded_random_10,20261089,10,5.0,15.0,0.3,11.978333333333333,11.944999999999999,-0.033333333333333215,24.0,0.76953125,10,39,49.0,58
10,seeded_random_10,20261090,10,5.0,15.0,0.3,12.218333333333334,11.665,-0.553333333333333,5.0,0.01953125,10,39,49.0,58
10,seeded_random_10,20261091,10,5.0,15.0,0.3,12.02,11.931666666666667,-0.08833333333333293,24.0,0.76953125,10,39,49.0,58
10,seeded_random_10,20261092,10,5.0,15.0,0.3,12.043333333333333,12.434999999999999,0.3916666666666666,14.0,0.185546875,10,39,49.0,58
10,seeded_random_10,20261093,10,5.0,15.0,0.3,11.945,11.625,-0.31999999999999995,17.0,0.30859375,10,39,49.0,58
10,seeded_random_10,20261094,10,5.0,15.0,0.3,12.356666666666666,11.694999999999999,-0.6616666666666668,4.0,0.013671875,10,39,49.0,58
10,seeded_random_10,20261095,10,5.0,15.0,0.3,11.888333333333332,11.514999999999999,-0.3733333333333341,16.0,0.275390625,10,39,49.0,58
10,seeded_random_10,20261096,10,5.0,15.0,0.3,12.255,11.583333333333332,-0.6716666666666671,7.0,0.037109375,10,39,49.0,58
10,seeded_random_10,20261097,10,5.0,15.0,0.3,12.040000000000001,11.748333333333333,-0.2916666666666668,14.0,0.193359375,10,39,49.0,58
10,seeded_random_10,20261098,10,5.0,15.0,0.3,12.503333333333334,11.811666666666667,-0.6916666666666668,13.5,0.16796875,10,39,49.0,58
10,seeded_random_10,20261099,10,5.0,15.0,0.3,12.31,11.593333333333332,-0.7166666666666662,3.0,0.01953125,10,39,49.0,58
10,seeded_random_10,20261100,10,5.0,15.0,0.3,12.063333333333333,11.678333333333333,-0.3850000000000001,11.0,0.10546875,10,39,49.0,58
10,seeded_random_10,20261101,10,5.0,15.0,0.3,12.078333333333333,11.521666666666667,-0.5566666666666666,13.0,0.16015625,10,39,49.0,58
10,seeded_random_10,20261102,10,5.0,15.0,0.3,12.356666666666666,11.618333333333336,-0.7383333333333322,9.0,0.060546875,10,39,49.0,58
10,seeded_random_10,20261103,10,5.0,15.0,0.3,12.156666666666668,11.675,-0.4816666666666679,15.0,0.232421875,10,39,49.0,58
10,seeded_random_10,20261104,10,5.0,15.0,0.3,12.426666666666666,11.878333333333334,-0.5483333333333326,14.0,0.193359375,10,39,49.0,58
10,seeded_random_10,20261105,10,5.0,15.0,0.3,12.088333333333335,11.676666666666668,-0.4116666666666665,8.5,0.052734375,10,39,49.0,58
10,seeded_random_10,20261106,10,5.0,15.0,0.3,12.201666666666666,11.768333333333333,-0.43333333333333374,11.0,0.10546875,10,39,49.0,58
10,seeded_random_10,20261107,10,5.0,15.0,0.3,11.853333333333333,11.708333333333334,-0.1449999999999994,22.0,0.625,10,39,49.0,58
10,seeded_random_10,20261108,10,5.0,15.0,0.3,12.113333333333333,12.001666666666665,-0.11166666666666743,22.0,0.625,10,39,49.0,58
10,seeded_random_10,20261109,10,5.0,15.0,0.3,12.133333333333335,11.879999999999999,-0.2533333333333333,19.0,0.41796875,10,39,49.0,58
10,seeded_random_10,20261110,10,5.0,15.0,0.3,12.305,11.515,-0.7900000000000004,7.0,0.037109375,10,39,49.0,58
10,seeded_random_10,20261111,10,5.0,15.0,0.3,12.101666666666667,11.816666666666668,-0.285,12.0,0.130859375,10,39,49.0,58
10,seeded_random_10,20261112,10,5.0,15.0,0.3,11.94,11.428333333333333,-0.5116666666666664,17.0,0.30859375,10,39,49.0,58
10,seeded_random_10,20261113,10,5.0,15.0,0.3,12.356666666666666,11.988333333333333,-0.36833333333333285,11.5,0.111328125,10,39,49.0,58
10,seeded_random_10,20261114,10,5.0,15.0,0.3,12.068333333333332,11.973333333333333,-0.09499999999999975,25.0,0.845703125,10,39,49.0,58
10,seeded_random_10,20261115,10,5.0,15.0,0.3,11.878333333333334,11.875,-0.003333333333332611,24.0,0.76953125,10,39,49.0,58
10,seeded_random_10,20261116,10,5.0,15.0,0.3,12.301666666666668,12.085,-0.21666666666666606,24.0,0.76953125,10,39,49.0,58
10,seeded_random_10,20261117,10,5.0,15.0,0.3,12.03,11.821666666666665,-0.2083333333333343,18.0,0.375,10,39,49.0,58
10,seeded_random_10,20261118,10,5.0,15.0,0.3,11.971666666666666,11.808333333333334,-0.16333333333333416,21.0,0.556640625,10,39,49.0,58
10,seeded_random_10,20261119,10,5.0,15.0,0.3,12.248333333333333,11.728333333333333,-0.5200000000000001,11.0,0.10546875,10,39,49.0,58
10,seeded_random_10,20261120,10,5.0,15.0,0.3,12.141666666666667,11.858333333333333,-0.2833333333333334,17.0,0.322265625,10,39,49.0,58
10,seeded_random_10,20261121,10,5.0,15.0,0.3,11.778333333333332,11.620000000000001,-0.1583333333333325,21.0,0.556640625,10,39,49.0,58
10,seeded_random_10,20261122,10,5.0,15.0,0.3,11.901666666666667,11.955000000000002,0.05333333333333368,27.5,1.0,10,39,49.0,58
10,seeded_random_10,20261123,10,5.0,15.0,0.3,12.138333333333334,12.125,-0.013333333333333818,26.0,0.921875,10,39,49.0,58
10,seeded_random_10,20261124,10,5.0,15.0,0.3,12.065000000000001,11.845,-0.2200000000000001,17.0,0.322265625,10,39,49.0,58
10,seeded_random_10,20261125,10,5.0,15.0,0.3,12.318333333333332,11.783333333333331,-0.5350000000000005,12.0,0.130859375,10,39,49.0,58
10,seeded_random_10,20261126,10,5.0,15.0,0.3,12.081666666666667,11.968333333333335,-0.11333333333333276,25.0,0.845703125,10,39,49.0,58
10,seeded_random_10,20261127,10,5.0,15.0,0.3,11.976666666666668,11.51,-0.46666666666666734,14.0,0.193359375,10,39,49.0,58
10,seeded_random_10,20261128,10,5.0,15.0,0.3,12.373333333333335,11.881666666666668,-0.4916666666666664,5.0,0.01953125,10,39,49.0,58
10,seeded_random_10,20261129,10,5.0,15.0,0.3,12.201666666666664,11.808333333333334,-0.3933333333333332,13.0,0.16015625,10,39,49.0,58
10,seeded_random_10,20261130,10,5.0,15.0,0.3,12.133333333333333,11.628333333333334,-0.5050000000000002,14.0,0.193359375,10,39,49.0,58
10,seeded_random_10,20261131,10,5.0,15.0,0.3,12.023333333333333,11.815,-0.20833333333333376,20.0,0.4921875,10,39,49.0,58
10,seeded_random_10,20261132,10,5.0,15.0,0.3,12.058333333333334,11.993333333333334,-0.06500000000000003,22.0,1.0,10,39,49.0,58
10,seeded_random_10,20261133,10,5.0,15.0,0.3,12.396666666666668,11.651666666666667,-0.7450000000000004,11.0,0.10546875,10,39,49.0,58
10,seeded_random_10,20261134,10,5.0,15.0,0.3,11.9,12.001666666666667,0.10166666666666693,25.0,0.845703125,10,39,49.0,58
10,seeded_random_10,20261135,10,5.0,15.0,0.3,11.95,11.801666666666666,-0.14833333333333326,27.0,1.0,10,39,49.0,58
10,seeded_random_10,20261136,10,5.0,15.0,0.3,12.33,12.118333333333332,-0.2116666666666669,22.0,0.625,10,39,49.0,58
10,seeded_random_10,20261137,10,5.0,15.0,0.3,12.216666666666667,11.424999999999999,-0.791666666666667,9.0,0.060546875,10,39,49.0,58
10,seeded_random_10,20261138,10,5.0,15.0,0.3,11.868333333333334,11.616666666666667,-0.2516666666666675,16.5,0.287109375,10,39,49.0,58
10,seeded_random_10,20261139,10,5.0,15.0,0.3,12.008333333333335,11.806666666666667,-0.20166666666666727,19.0,0.431640625,10,39,49.0,58
10,seeded_random_10,20261140,10,5.0,15.0,0.3,11.881666666666666,12.076666666666666,0.19500000000000065,19.0,0.431640625,10,39,49.0,58
10,seeded_random_10,20261141,10,5.0,15.0,0.3,12.038333333333334,12.328333333333335,0.28999999999999987,24.0,0.76953125,10,39,49.0,58
10,seeded_random_10,20261142,10,5.0,15.0,0.3,12.333333333333334,11.603333333333333,-0.7300000000000001,8.0,0.048828125,10,39,49.0,58
10,seeded_random_10,20261143,10,5.0,15.0,0.3,12.121666666666666,11.669999999999998,-0.4516666666666659,14.0,0.193359375,10,39,49.0,58
10,seeded_random_10,20261144,10,5.0,15.0,0.3,11.946666666666667,11.736666666666668,-0.2099999999999998,21.0,0.556640625,10,39,49.0,58
10,seeded_random_10,20261145,10,5.0,15.0,0.3,12.188333333333333,12.018333333333334,-0.1699999999999994,18.0,0.375,10,39,49.0,58
10,seeded_random_10,20261146,10,5.0,15.0,0.3,12.211666666666668,11.655,-0.5566666666666669,9.0,0.064453125,10,39,49.0,58
10,seeded_random_10,20261147,10,5.0,15.0,0.3,12.348333333333334,11.781666666666666,-0.5666666666666671,15.0,0.232421875,10,39,49.0,58
10,seeded_random_10,20261148,10,5.0,15.0,0.3,12.11,11.596666666666668,-0.5133333333333333,13.0,0.16015625,10,39,49.0,58
10,seeded_random_10,20261149,10,5.0,15.0,0.3,11.845,11.558333333333334,-0.2866666666666674,18.0,0.375,10,39,49.0,58
10,seeded_random_10,20261150,10,5.0,15.0,0.3,12.288333333333334,11.683333333333334,-0.6049999999999999,7.5,0.0390625,10,39,49.0,58
10,seeded_random_10,20261151,10,5.0,15.0,0.3,12.285,11.391666666666667,-0.8933333333333335,4.0,0.013671875,10,39,49.0,58
10,seeded_random_10,20261152,10,5.0,15.0,0.3,12.403333333333332,11.738333333333333,-0.6649999999999998,7.0,0.037109375,10,39,49.0,58
10,seeded_random_10,20261153,10,5.0,15.0,0.3,12.313333333333333,11.645,-0.668333333333333,12.5,0.13671875,10,39,49.0,58
10,seeded_random_10,20261154,10,5.0,15.0,0.3,11.958333333333334,11.735000000000001,-0.22333333333333272,10.0,0.083984375,10,39,49.0,58
10,seeded_random_10,20261155,10,5.0,15.0,0.3,12.128333333333334,11.656666666666666,-0.47166666666666723,13.0,0.30078125,10,39,49.0,58
10,seeded_random_10,20261156,10,5.0,15.0,0.3,11.934999999999999,11.711666666666668,-0.22333333333333255,20.0,0.4921875,10,39,49.0,58
10,seeded_random_10,20261157,10,5.0,15.0,0.3,12.400000000000002,12.153333333333332,-0.24666666666666703,15.0,0.22265625,10,39,49.0,58
10,seeded_random_10,20261158,10,5.0,15.0,0.3,12.198333333333334,11.745000000000001,-0.4533333333333333,12.0,0.130859375,10,39,49.0,58
10,seeded_random_10,20261159,10,5.0,15.0,0.3,12.058333333333334,11.738333333333333,-0.31999999999999973,18.0,0.375,10,39,49.0,58
10,seeded_random_10,20261160,10,5.0,15.0,0.3,11.913333333333334,11.988333333333333,0.075,19.5,0.447265625,10,39,49.0,58
10,seeded_random_10,20261161,10,5.0,15.0,0.3,12.218333333333332,11.598333333333334,-0.6200000000000001,10.0,0.083984375,10,39,49.0,58
10,seeded_random_10,20261162,10,5.0,15.0,0.3,12.171666666666667,11.995000000000001,-0.1766666666666664,23.0,0.6953125,10,39,49.0,58
10,seeded_random_10,20261163,10,5.0,15.0,0.3,12.096666666666668,11.685,-0.4116666666666669,12.5,0.13671875,10,39,49.0,58
10,seeded_random_10,20261164,10,5.0,15.0,0.3,11.923333333333332,12.283333333333333,0.35999999999999976,10.0,0.083984375,10,39,49.0,58
10,seeded_random_10,20261165,10,5.0,15.0,0.3,12.118333333333334,11.436666666666664,-0.681666666666667,0.0,0.001953125,10,39,49.0,58
10,seeded_random_10,20261166,10,5.0,15.0,0.3,12.121666666666666,11.845,-0.27666666666666695,17.0,0.322265625,10,39,49.0,58
10,seeded_random_10,20261167,10,5.0,15.0,0.3,12.113333333333333,11.463333333333333,-0.65,10.0,0.083984375,10,39,49.0,58
10,seeded_random_10,20261168,10,5.0,15.0,0.3,11.988333333333333,11.745000000000001,-0.24333333333333318,12.0,0.130859375,10,39,49.0,58
10,seeded_random_10,20261169,10,5.0,15.0,0.3,11.933333333333334,12.151666666666667,0.21833333333333424,21.0,0.556640625,10,39,49.0,58
10,seeded_random_10,20261170,10,5.0,15.0,0.3,12.265,12.095,-0.1700000000000003,15.5,0.240234375,10,39,49.0,58
10,seeded_random_10,20261171,10,5.0,15.0,0.3,11.925,12.055,0.13000000000000062,23.0,0.6953125,10,39,49.0,58
10,seeded_random_10,20261172,10,5.0,15.0,0.3,12.278333333333332,12.061666666666667,-0.21666666666666662,23.0,0.6953125,10,39,49.0,58
10,seeded_random_10,20261173,10,5.0,15.0,0.3,12.221666666666668,11.861666666666666,-0.36000000000000015,13.0,0.16015625,10,39,49.0,58
10,seeded_random_10,20261174,10,5.0,15.0,0.3,11.821666666666667,12.048333333333332,0.2266666666666671,23.0,0.6953125,10,39,49.0,58
10,seeded_random_10,20261175,10,5.0,15.0,0.3,12.533333333333335,11.913333333333332,-0.6200000000000007,7.0,0.037109375,10,39,49.0,58
10,seeded_random_10,20261176,10,5.0,15.0,0.3,12.258333333333335,11.546666666666669,-0.7116666666666651,7.0,0.037109375,10,39,49.0,58
10,seeded_random_10,20261177,10,5.0,15.0,0.3,12.123333333333333,11.503333333333332,-0.6200000000000004,9.0,0.064453125,10,39,49.0,58
10,seeded_random_10,20261178,10,5.0,15.0,0.3,11.836666666666664,12.031666666666666,0.19500000000000012,20.0,0.4921875,10,39,49.0,58
10,seeded_random_10,20261179,10,5.0,15.0,0.3,12.05,11.431666666666668,-0.618333333333333,10.0,0.083984375,10,39,49.0,58
10,seeded_random_10,20261180,10,5.0,15.0,0.3,12.013333333333332,11.585,-0.4283333333333326,17.0,0.322265625,10,39,49.0,58
10,seeded_random_10,20261181,10,5.0,15.0,0.3,12.615,11.721666666666668,-0.8933333333333339,0.0,0.00390625,10,39,49.0,58
10,seeded_random_10,20261182,10,5.0,15.0,0.3,12.280000000000001,11.198333333333332,-1.0816666666666672,2.0,0.005859375,10,39,49.0,58
10,seeded_random_10,20261183,10,5.0,15.0,0.3,12.10833333333333,11.879999999999999,-0.22833333333333314,21.0,0.556640625,10,39,49.0,58
10,seeded_random_10,20261184,10,5.0,15.0,0.3,12.3,11.871666666666666,-0.4283333333333328,13.0,0.15234375,10,39,49.0,58
10,seeded_random_10,20261185,10,5.0,15.0,0.3,12.053333333333333,12.004999999999999,-0.04833333333333254,21.0,0.537109375,10,39,49.0,58
10,seeded_random_10,20261186,10,5.0,15.0,0.3,12.136666666666667,11.823333333333334,-0.3133333333333329,14.0,0.193359375,10,39,49.0,58
10,seeded_random_10,20261187,10,5.0,15.0,0.3,12.018333333333334,11.898333333333333,-0.1200000000000001,23.0,0.67578125,10,39,49.0,58
10,seeded_random_10,20261188,10,5.0,15.0,0.3,11.95,11.796666666666665,-0.15333333333333332,22.0,0.603515625,10,39,49.0,58
10,seeded_random_10,20261189,10,5.0,15.0,0.3,12.308333333333334,11.881666666666664,-0.4266666666666669,10.0,0.083984375,10,39,49.0,58
10,seeded_random_10,20261190,10,5.0,15.0,0.3,11.963333333333335,11.940000000000001,-0.023333333333333962,27.0,1.0,10,39,49.0,58
10,seeded_random_10,20261191,10,5.0,15.0,0.3,11.99,11.811666666666667,-0.17833333333333404,22.0,0.625,10,39,49.0,58
10,seeded_random_10,20261192,10,5.0,15.0,0.3,12.376666666666667,11.966666666666667,-0.4099999999999994,12.0,0.130859375,10,39,49.0,58
10,seeded_random_10,20261193,10,5.0,15.0,0.3,12.238333333333333,11.73,-0.508333333333334,16.0,0.275390625,10,39,49.0,58
10,seeded_random_10,20261194,10,5.0,15.0,0.3,12.129999999999999,11.603333333333335,-0.526666666666667,12.0,0.130859375,10,39,49.0,58
10,seeded_random_10,20261195,10,5.0,15.0,0.3,12.163333333333336,11.461666666666668,-0.7016666666666669,12.0,0.130859375,10,39,49.0,58
10,seeded_random_10,20261196,10,5.0,15.0,0.3,11.896666666666665,11.678333333333333,-0.218333333333333,19.0,0.431640625,10,39,49.0,58
10,seeded_random_10,20261197,10,5.0,15.0,0.3,12.209999999999999,11.620000000000001,-0.5900000000000004,10.0,0.083984375,10,39,49.0,58
10,seeded_random_10,20261198,10,5.0,15.0,0.3,12.331666666666667,11.773333333333333,-0.558333333333333,6.0,0.02734375,10,39,49.0,58
10,seeded_random_10,20261199,10,5.0,15.0,0.3,12.173333333333334,11.92,-0.2533333333333333,21.0,0.556640625,10,39,49.0,58
10,seeded_random_10,20261200,10,5.0,15.0,0.3,12.196666666666665,11.916666666666666,-0.2800000000000004,22.0,0.625,10,39,49.0,58
10,seeded_random_10,20261201,10,5.0,15.0,0.3,11.968333333333334,11.848333333333333,-0.11999999999999958,23.0,0.6953125,10,39,49.0,58
10,seeded_random_10,20261202,10,5.0,15.0,0.3,12.250000000000002,11.771666666666667,-0.4783333333333342,17.0,0.322265625,10,39,49.0,58
10,seeded_random_10,20261203,10,5.0,15.0,0.3,12.341666666666665,11.781666666666666,-0.5599999999999994,5.0,0.01953125,10,39,49.0,58
10,seeded_random_10,20261204,10,5.0,15.0,0.3,12.241666666666667,11.598333333333333,-0.6433333333333338,12.0,0.130859375,10,39,49.0,58
10,seeded_random_10,20261205,10,5.0,15.0,0.3,12.011666666666667,12.106666666666666,0.09500000000000011,26.0,0.921875,10,39,49.0,58
10,seeded_random_10,20261206,10,5.0,15.0,0.3,12.194999999999999,11.818333333333333,-0.3766666666666666,15.0,0.232421875,10,39,49.0,58
10,seeded_random_10,20261207,10,5.0,15.0,0.3,12.088333333333335,11.933333333333334,-0.1550000000000006,25.0,0.845703125,10,39,49.0,58
10,seeded_random_10,20261208,10,5.0,15.0,0.3,12.260000000000002,11.703333333333333,-0.5566666666666669,2.0,0.005859375,10,39,49.0,58
10,seeded_random_10,20261209,10,5.0,15.0,0.3,12.041666666666666,11.701666666666664,-0.3400000000000004,15.0,0.232421875,10,39,49.0,58
10,seeded_random_10,20261210,10,5.0,15.0,0.3,12.368333333333334,11.981666666666666,-0.3866666666666667,15.0,0.232421875,10,39,49.0,58
10,seeded_random_10,20261211,10,5.0,15.0,0.3,12.023333333333333,12.080000000000002,0.05666666666666682,24.0,0.76953125,10,39,49.0,58
10,seeded_random_10,20261212,10,5.0,15.0,0.3,12.191666666666666,11.848333333333333,-0.34333333333333194,14.0,0.193359375,10,39,49.0,58
10,seeded_random_10,20261213,10,5.0,15.0,0.3,11.99,12.186666666666667,0.19666666666666668,17.0,0.322265625,10,39,49.0,58
10,seeded_random_10,20261214,10,5.0,15.0,0.3,11.955000000000002,11.823333333333334,-0.131666666666667,21.0,0.556640625,10,39,49.0,58
10,seeded_random_10,20261215,10,5.0,15.0,0.3,12.281666666666666,11.723333333333334,-0.5583333333333332,11.0,0.099609375,10,39,49.0,58
10,seeded_random_10,20261216,10,5.0,15.0,0.3,11.911666666666665,11.796666666666669,-0.11499999999999969,24.0,0.76953125,10,39,49.0,58
10,seeded_random_10,20261217,10,5.0,15.0,0.3,12.040000000000001,11.901666666666667,-0.13833333333333328,18.5,0.384765625,10,39,49.0,58
10,seeded_random_10,20261218,10,5.0,15.0,0.3,11.915000000000001,11.838333333333333,-0.07666666666666729,23.0,0.6796875,10,39,49.0,58
10,seeded_random_10,20261219,10,5.0,15.0,0.3,12.118333333333334,11.538333333333334,-0.5799999999999998,3.0,0.01953125,10,39,49.0,58
10,seeded_random_10,20261220,10,5.0,15.0,0.3,11.971666666666668,11.966666666666667,-0.004999999999999361,27.0,1.0,10,39,49.0,58
10,seeded_random_10,20261221,10,5.0,15.0,0.3,12.198333333333334,12.03,-0.16833333333333353,18.0,0.65234375,10,39,49.0,58
10,seeded_random_10,20261222,10,5.0,15.0,0.3,11.726666666666667,11.633333333333333,-0.09333333333333282,25.0,0.845703125,10,39,49.0,58
10,seeded_random_10,20261223,10,5.0,15.0,0.3,11.973333333333333,11.286666666666665,-0.6866666666666672,16.0,0.275390625,10,39,49.0,58
10,seeded_random_10,20261224,10,5.0,15.0,0.3,11.924999999999999,11.38,-0.5449999999999997,8.5,0.0546875,10,39,49.0,58
10,seeded_random_10,20261225,10,5.0,15.0,0.3,12.343333333333334,11.873333333333331,-0.4700000000000005,18.0,0.375,10,39,49.0,58
10,seeded_random_10,20261226,10,5.0,15.0,0.3,12.261666666666667,11.728333333333332,-0.5333333333333334,6.0,0.02734375,10,39,49.0,58
10,seeded_random_10,20261227,10,5.0,15.0,0.3,12.188333333333333,11.536666666666667,-0.6516666666666664,6.0,0.02734375,10,39,49.0,58
10,seeded_random_10,20261228,10,5.0,15.0,0.3,12.05,11.925,-0.12500000000000036,21.5,0.57421875,10,39,49.0,58
10,seeded_random_10,20261229,10,5.0,15.0,0.3,11.886666666666667,12.001666666666667,0.1150000000000004,20.0,0.4921875,10,39,49.0,58
10,seeded_random_10,20261230,10,5.0,15.0,0.3,11.991666666666667,11.485,-0.5066666666666663,8.0,0.048828125,10,39,49.0,58
10,seeded_random_10,20261231,10,5.0,15.0,0.3,12.278333333333332,12.178333333333333,-0.09999999999999946,24.0,0.748046875,10,39,49.0,58
10,seeded_random_10,20261232,10,5.0,15.0,0.3,12.128333333333334,11.745000000000001,-0.383333333333333,17.0,0.322265625,10,39,49.0,58
10,seeded_random_10,20261233,10,5.0,15.0,0.3,12.125,11.766666666666667,-0.35833333333333356,16.0,0.275390625,10,39,49.0,58
10,seeded_random_10,20261234,10,5.0,15.0,0.3,12.273333333333333,11.686666666666667,-0.5866666666666663,8.0,0.09765625,10,39,49.0,58
10,seeded_random_10,20261235,10,5.0,15.0,0.3,12.08,11.963333333333333,-0.11666666666666625,24.0,0.76953125,10,39,49.0,58
10,seeded_random_10,20261236,10,5.0,15.0,0.3,12.218333333333334,11.235,-0.9833333333333334,2.0,0.005859375,10,39,49.0,58
10,seeded_random_10,20261237,10,5.0,15.0,0.3,12.161666666666667,11.85833333333333,-0.3033333333333331,12.0,0.130859375,10,39,49.0,58
10,seeded_random_10,20261238,10,5.0,15.0,0.3,12.426666666666666,11.621666666666666,-0.8049999999999999,0.0,0.001953125,10,39,49.0,58
10,seeded_random_10,20261239,10,5.0,15.0,0.3,11.779999999999998,11.808333333333332,0.028333333333332968,27.0,1.0,10,39,49.0,58
10,seeded_random_10,20261240,10,5.0,15.0,0.3,12.078333333333333,11.831666666666667,-0.24666666666666703,19.0,0.431640625,10,39,49.0,58
10,seeded_random_10,20261241,10,5.0,15.0,0.3,12.11,12.026666666666667,-0.08333333333333286,24.0,0.76953125,10,39,49.0,58
10,seeded_random_10,20261242,10,5.0,15.0,0.3,12.118333333333332,11.826666666666668,-0.29166666666666624,18.0,0.375,10,39,49.0,58
10,seeded_random_10,20261243,10,5.0,15.0,0.3,12.051666666666666,11.915000000000001,-0.13666666666666688,24.0,0.76953125,10,39,49.0,58
10,seeded_random_10,20261244,10,5.0,15.0,0.3,12.003333333333334,11.616666666666667,-0.3866666666666669,15.5,0.2421875,10,39,49.0,58
10,seeded_random_10,20261245,10,5.0,15.0,0.3,12.22,11.881666666666666,-0.33833333333333293,15.0,0.232421875,10,39,49.0,58
10,seeded_random_10,20261246,10,5.0,15.0,0.3,11.988333333333333,11.91,-0.07833333333333332,25.0,0.845703125,10,39,49.0,58
10,seeded_random_10,20261247,10,5.0,15.0,0.3,12.196666666666667,11.531666666666665,-0.6650000000000004,7.0,0.037109375,10,39,49.0,58
10,seeded_random_10,20261248,10,5.0,15.0,0.3,12.038333333333332,11.91,-0.1283333333333335,26.0,0.921875,10,39,49.0,58
10,seeded_random_10,20261249,10,5.0,15.0,0.3,12.345,11.595,-0.7499999999999998,0.0,0.001953125,10,39,49.0,58
10,seeded_random_10,20261250,10,5.0,15.0,0.3,12.35,11.753333333333334,-0.5966666666666663,11.0,0.10546875,10,39,49.0,58
10,seeded_random_10,20261251,10,5.0,15.0,0.3,12.26,11.728333333333333,-0.5316666666666661,10.0,0.080078125,10,39,49.0,58
10,seeded_random_10,20261252,10,5.0,15.0,0.3,12.176666666666666,11.463333333333335,-0.7133333333333329,3.0,0.009765625,10,39,49.0,58
10,seeded_random_10,20261253,10,5.0,15.0,0.3,12.308333333333334,11.565,-0.7433333333333338,6.0,0.02734375,10,39,49.0,58
10,seeded_random_10,20261254,10,5.0,15.0,0.3,12.228333333333335,11.905,-0.3233333333333338,18.0,0.375,10,39,49.0,58
10,seeded_random_10,20261255,10,5.0,15.0,0.3,12.195,11.971666666666668,-0.2233333333333336,21.0,0.556640625,10,39,49.0,58
10,seeded_random_10,20261256,10,5.0,15.0,0.3,12.148333333333333,11.343333333333335,-0.8049999999999995,7.0,0.037109375,10,39,49.0,58
10,seeded_random_10,20261257,10,5.0,15.0,0.3,11.903333333333332,11.606666666666666,-0.2966666666666663,21.0,0.556640625,10,39,49.0,58
10,seeded_random_10,20261258,10,5.0,15.0,0.3,12.251666666666669,12.16,-0.0916666666666666,25.0,0.845703125,10,39,49.0,58
10,seeded_random_10,20261259,10,5.0,15.0,0.3,12.218333333333334,12.121666666666666,-0.09666666666666615,23.0,0.6953125,10,39,49.0,58
10,seeded_random_10,20261260,10,5.0,15.0,0.3,12.226666666666667,11.716666666666667,-0.51,7.0,0.037109375,10,39,49.0,58
10,seeded_random_10,20261261,10,5.0,15.0,0.3,12.216666666666667,12.165,-0.051666666666666215,25.0,0.845703125,10,39,49.0,58
10,seeded_random_10,20261262,10,5.0,15.0,0.3,12.196666666666665,11.556666666666667,-0.6399999999999999,0.0,0.001953125,10,39,49.0,58
10,seeded_random_10,20261263,10,5.0,15.0,0.3,12.038333333333336,11.86,-0.17833333333333384,20.0,0.4765625,10,39,49.0,58
10,seeded_random_10,20261264,10,5.0,15.0,0.3,12.17,11.878333333333332,-0.2916666666666675,17.0,0.322265625,10,39,49.0,58
10,seeded_random_10,20261265,10,5.0,15.0,0.3,12.231666666666666,11.621666666666666,-0.6100000000000005,7.0,0.037109375,10,39,49.0,58
10,seeded_random_10,20261266,10,5.0,15.0,0.3,12.321666666666667,11.923333333333334,-0.3983333333333336,17.0,0.322265625,10,39,49.0,58
10,seeded_random_10,20261267,10,5.0,15.0,0.3,12.133333333333335,11.741666666666665,-0.39166666666666694,15.0,0.232421875,10,39,49.0,58
10,seeded_random_10,20261268,10,5.0,15.0,0.3,12.201666666666666,11.545000000000002,-0.6566666666666661,8.0,0.048828125,10,39,49.0,58
10,seeded_random_10,20261269,10,5.0,15.0,0.3,12.165,11.73,-0.4349999999999996,11.0,0.203125,10,39,49.0,58
10,seeded_random_10,20261270,10,5.0,15.0,0.3,12.236666666666666,11.531666666666666,-0.7050000000000001,7.0,0.037109375,10,39,49.0,58
10,seeded_random_10,20261271,10,5.0,15.0,0.3,12.071666666666667,12.183333333333334,0.11166666666666654,23.0,0.6953125,10,39,49.0,58
10,seeded_random_10,20261272,10,5.0,15.0,0.3,11.865,11.623333333333333,-0.2416666666666666,19.0,0.431640625,10,39,49.0,58
10,seeded_random_10,20261273,10,5.0,15.0,0.3,11.765,11.796666666666667,0.03166666666666629,23.5,0.71484375,10,39,49.0,58
10,seeded_random_10,20261274,10,5.0,15.0,0.3,12.276666666666667,12.023333333333332,-0.2533333333333344,20.0,0.4921875,10,39,49.0,58
10,seeded_random_10,20261275,10,5.0,15.0,0.3,11.988333333333333,11.848333333333333,-0.14000000000000057,25.0,0.845703125,10,39,49.0,58
10,seeded_random_10,20261276,10,5.0,15.0,0.3,12.364999999999998,11.913333333333334,-0.4516666666666671,12.0,0.130859375,10,39,49.0,58
10,seeded_random_10,20261277,10,5.0,15.0,0.3,12.131666666666666,12.116666666666665,-0.014999999999999325,27.0,1.0,10,39,49.0,58
10,seeded_random_10,20261278,10,5.0,15.0,0.3,11.736666666666666,11.889999999999999,0.15333333333333227,26.0,0.921875,10,39,49.0,58
10,seeded_random_10,20261279,10,5.0,15.0,0.3,12.406666666666666,11.911666666666665,-0.49500000000000083,17.0,0.322265625,10,39,49.0,58
10,seeded_random_10,20261280,10,5.0,15.0,0.3,12.008333333333333,11.626666666666667,-0.3816666666666668,9.0,0.064453125,10,39,49.0,58
10,seeded_random_10,20261281,10,5.0,15.0,0.3,11.998333333333333,11.721666666666666,-0.2766666666666667,19.0,0.431640625,10,39,49.0,58
10,seeded_random_10,20261282,10,5.0,15.0,0.3,11.885,11.52,-0.3650000000000002,15.0,0.232421875,10,39,49.0,58
10,seeded_random_10,20261283,10,5.0,15.0,0.3,12.438333333333334,11.871666666666666,-0.5666666666666662,8.0,0.048828125,10,39,49.0,58
10,seeded_random_10,20261284,10,5.0,15.0,0.3,12.281666666666668,11.708333333333334,-0.5733333333333341,11.0,0.10546875,10,39,49.0,58
10,seeded_random_10,20261285,10,5.0,15.0,0.3,12.138333333333334,11.48,-0.6583333333333332,13.0,0.16015625,10,39,49.0,58
10,seeded_random_10,20261286,10,5.0,15.0,0.3,12.151666666666666,12.038333333333334,-0.11333333333333276,21.0,0.556640625,10,39,49.0,58
10,seeded_random_10,20261287,10,5.0,15.0,0.3,12.153333333333332,11.778333333333332,-0.37500000000000033,21.0,0.556640625,10,39,49.0,58
10,seeded_random_10,20261288,10,5.0,15.0,0.3,11.945000000000002,12.116666666666669,0.17166666666666613,19.0,0.431640625,10,39,49.0,58
10,seeded_random_10,20261289,10,5.0,15.0,0.3,12.47,11.713333333333335,-0.7566666666666665,2.0,0.005859375,10,39,49.0,58
10,seeded_random_10,20261290,10,5.0,15.0,0.3,12.49,11.693333333333333,-0.7966666666666663,2.0,0.01171875,10,39,49.0,58
10,seeded_random_10,20261291,10,5.0,15.0,0.3,11.906666666666668,11.583333333333334,-0.3233333333333343,15.0,0.232421875,10,39,49.0,58
10,seeded_random_10,20261292,10,5.0,15.0,0.3,12.148333333333333,11.746666666666666,-0.4016666666666667,22.0,0.625,10,39,49.0,58
10,seeded_random_10,20261293,10,5.0,15.0,0.3,12.211666666666668,11.758333333333333,-0.4533333333333346,12.0,0.130859375,10,39,49.0,58
10,seeded_random_10,20261294,10,5.0,15.0,0.3,12.146666666666665,11.838333333333333,-0.3083333333333334,16.0,0.275390625,10,39,49.0,58
10,seeded_random_10,20261295,10,5.0,15.0,0.3,12.223333333333334,11.891666666666667,-0.3316666666666663,10.0,0.083984375,10,39,49.0,58
10,seeded_random_10,20261296,10,5.0,15.0,0.3,12.303333333333335,12.325000000000001,0.0216666666666665,21.0,0.91015625,10,39,49.0,58
10,seeded_random_10,20261297,10,5.0,15.0,0.3,12.013333333333334,11.553333333333335,-0.4600000000000003,15.0,0.232421875,10,39,49.0,58
10,seeded_random_10,20261298,10,5.0,15.0,0.3,11.956666666666667,12.046666666666667,0.09000000000000039,24.0,0.76953125,10,39,49.0,58
10,seeded_random_10,20261299,10,5.0,15.0,0.3,11.934999999999999,12.103333333333335,0.16833333333333372,25.5,0.865234375,10,39,49.0,58
10,seeded_random_10,20261300,10,5.0,15.0,0.3,11.943333333333335,11.678333333333333,-0.265,19.0,0.431640625,10,39,49.0,58
10,seeded_random_10,20261301,10,5.0,15.0,0.3,11.951666666666666,11.701666666666664,-0.24999999999999983,16.0,0.275390625,10,39,49.0,58
10,seeded_random_10,20261302,10,5.0,15.0,0.3,12.088333333333333,11.778333333333332,-0.3100000000000005,17.0,0.322265625,10,39,49.0,58
10,seeded_random_10,20261303,10,5.0,15.0,0.3,12.286666666666665,11.861666666666666,-0.42500000000000016,20.0,0.4921875,10,39,49.0,58
10,seeded_random_10,20261304,10,5.0,15.0,0.3,12.075,11.518333333333334,-0.556666666666667,15.0,0.232421875,10,39,49.0,58
10,seeded_random_10,20261305,10,5.0,15.0,0.3,12.243333333333332,11.683333333333334,-0.5600000000000005,10.0,0.083984375,10,39,49.0,58
10,seeded_random_10,20261306,10,5.0,15.0,0.3,12.466666666666665,11.793333333333333,-0.6733333333333318,12.0,0.130859375,10,39,49.0,58
10,seeded_random_10,20261307,10,5.0,15.0,0.3,12.023333333333332,11.908333333333333,-0.11500000000000003,22.0,0.625,10,39,49.0,58
10,seeded_random_10,20261308,10,5.0,15.0,0.3,11.731666666666667,12.005,0.27333333333333343,19.0,0.431640625,10,39,49.0,58
10,seeded_random_10,20261309,10,5.0,15.0,0.3,11.898333333333333,11.791666666666666,-0.10666666666666665,22.0,0.625,10,39,49.0,58
10,seeded_random_10,20261310,10,5.0,15.0,0.3,12.203333333333335,11.711666666666668,-0.4916666666666666,13.0,0.16015625,10,39,49.0,58
10,seeded_random_10,20261311,10,5.0,15.0,0.3,12.041666666666666,11.643333333333334,-0.39833333333333254,9.0,0.064453125,10,39,49.0,58
10,seeded_random_10,20261312,10,5.0,15.0,0.3,11.896666666666667,11.85,-0.04666666666666632,24.0,0.76953125,10,39,49.0,58
10,seeded_random_10,20261313,10,5.0,15.0,0.3,12.043333333333333,12.268333333333333,0.22500000000000017,25.0,0.845703125,10,39,49.0,58
10,seeded_random_10,20261314,10,5.0,15.0,0.3,12.151666666666667,11.773333333333333,-0.37833333333333313,13.0,0.16015625,10,39,49.0,58
10,seeded_random_10,20261315,10,5.0,15.0,0.3,12.026666666666667,11.606666666666666,-0.4200000000000005,14.0,0.193359375,10,39,49.0,58
10,seeded_random_10,20261316,10,5.0,15.0,0.3,11.785,11.865,0.08000000000000096,19.0,0.734375,10,39,49.0,58
10,seeded_random_10,20261317,10,5.0,15.0,0.3,12.178333333333333,11.95,-0.2283333333333326,19.0,0.431640625,10,39,49.0,58
10,seeded_random_10,20261318,10,5.0,15.0,0.3,12.113333333333333,11.718333333333332,-0.39499999999999974,10.0,0.083984375,10,39,49.0,58
10,seeded_random_10,20261319,10,5.0,15.0,0.3,12.191666666666666,11.866666666666667,-0.32499999999999946,18.0,0.375,10,39,49.0,58
10,seeded_random_10,20261320,10,5.0,15.0,0.3,12.218333333333334,12.09,-0.12833333333333297,26.0,0.921875,10,39,49.0,58
10,seeded_random_10,20261321,10,5.0,15.0,0.3,12.03,11.875,-0.15500000000000025,21.0,0.556640625,10,39,49.0,58
10,seeded_random_10,20261322,10,5.0,15.0,0.3,12.356666666666667,11.781666666666665,-0.5750000000000005,7.5,0.041015625,10,39,49.0,58
10,seeded_random_10,20261323,10,5.0,15.0,0.3,12.363333333333333,11.874999999999998,-0.48833333333333295,17.0,0.322265625,10,39,49.0,58
10,seeded_random_10,20261324,10,5.0,15.0,0.3,12.25,11.761666666666667,-0.48833333333333295,15.0,0.232421875,10,39,49.0,58
10,seeded_random_10,20261325,10,5.0,15.0,0.3,12.225,11.911666666666667,-0.3133333333333326,11.0,0.10546875,10,39,49.0,58
10,seeded_random_10,20261326,10,5.0,15.0,0.3,12.326666666666666,11.666666666666668,-0.6600000000000005,13.0,0.16015625,10,39,49.0,58
10,seeded_random_10,20261327,10,5.0,15.0,0.3,12.203333333333333,12.0,-0.20333333333333262,22.0,0.625,10,39,49.0,58
10,seeded_random_10,20261328,10,5.0,15.0,0.3,12.033333333333335,12.078333333333333,0.04500000000000011,25.0,0.82421875,10,39,49.0,58
10,seeded_random_10,20261329,10,5.0,15.0,0.3,12.123333333333333,11.791666666666668,-0.3316666666666661,7.5,0.0390625,10,39,49.0,58
10,seeded_random_10,20261330,10,5.0,15.0,0.3,11.916666666666666,12.035,0.118333333333333,25.0,0.845703125,10,39,49.0,58
10,seeded_random_10,20261331,10,5.0,15.0,0.3,12.136666666666667,11.576666666666666,-0.5600000000000003,10.0,0.083984375,10,39,49.0,58
10,seeded_random_10,20261332,10,5.0,15.0,0.3,12.143333333333334,11.636666666666667,-0.5066666666666666,13.0,0.154296875,10,39,49.0,58
10,seeded_random_10,20261333,10,5.0,15.0,0.3,12.036666666666667,11.811666666666667,-0.22500000000000053,20.0,0.4921875,10,39,49.0,58
10,seeded_random_10,20261334,10,5.0,15.0,0.3,12.405,12.381666666666666,-0.023333333333333428,27.0,1.0,10,39,49.0,58
10,seeded_random_10,20261335,10,5.0,15.0,0.3,12.015,11.658333333333335,-0.3566666666666672,18.0,0.375,10,39,49.0,58
10,seeded_random_10,20261336,10,5.0,15.0,0.3,12.228333333333332,11.420000000000002,-0.8083333333333333,5.0,0.01953125,10,39,49.0,58
10,seeded_random_10,20261337,10,5.0,15.0,0.3,12.395,12.020000000000001,-0.37500000000000017,14.0,0.185546875,10,39,49.0,58
10,seeded_random_10,20261338,10,5.0,15.0,0.3,12.168333333333333,11.486666666666666,-0.6816666666666666,12.0,0.130859375,10,39,49.0,58
10,seeded_random_10,20261339,10,5.0,15.0,0.3,12.39,11.486666666666668,-0.903333333333333,6.0,0.025390625,10,39,49.0,58
10,seeded_random_10,20261340,10,5.0,15.0,0.3,12.305000000000001,12.458333333333332,0.15333333333333368,19.0,0.416015625,10,39,49.0,58
10,seeded_random_10,20261341,10,5.0,15.0,0.3,12.381666666666668,11.455,-0.9266666666666674,2.0,0.005859375,10,39,49.0,58
10,seeded_random_10,20261342,10,5.0,15.0,0.3,12.17,11.746666666666668,-0.42333333333333273,14.0,0.193359375,10,39,49.0,58
10,seeded_random_10,20261343,10,5.0,15.0,0.3,12.210000000000003,11.796666666666667,-0.41333333333333344,18.0,0.375,10,39,49.0,58
10,seeded_random_10,20261344,10,5.0,15.0,0.3,12.09,12.023333333333333,-0.06666666666666607,25.0,0.82421875,10,39,49.0,58
10,seeded_random_10,20261345,10,5.0,15.0,0.3,11.943333333333332,11.694999999999999,-0.2483333333333336,18.5,0.388671875,10,39,49.0,58
10,seeded_random_10,20261346,10,5.0,15.0,0.3,12.06333333333333,11.931666666666668,-0.13166666666666682,23.0,0.6953125,10,39,49.0,58
10,seeded_random_10,20261347,10,5.0,15.0,0.3,12.413333333333332,11.658333333333335,-0.7550000000000013,6.0,0.02734375,10,39,49.0,58
10,seeded_random_10,20261348,10,5.0,15.0,0.3,12.116666666666665,11.773333333333333,-0.34333333333333266,15.0,0.232421875,10,39,49.0,58
10,seeded_random_10,20261349,10,5.0,15.0,0.3,12.411666666666669,12.233333333333333,-0.17833333333333384,21.0,0.556640625,10,39,49.0,58
10,seeded_random_10,20261350,10,5.0,15.0,0.3,12.426666666666666,11.418333333333333,-1.0083333333333326,0.0,0.001953125,10,39,49.0,58
10,seeded_random_10,20261351,10,5.0,15.0,0.3,11.71,11.843333333333332,0.1333333333333327,22.0,0.625,10,39,49.0,58
10,seeded_random_10,20261352,10,5.0,15.0,0.3,12.04,11.718333333333332,-0.32166666666666577,18.0,0.375,10,39,49.0,58
10,seeded_random_10,20261353,10,5.0,15.0,0.3,12.061666666666666,11.556666666666667,-0.5049999999999997,12.0,0.130859375,10,39,49.0,58
10,seeded_random_10,20261354,10,5.0,15.0,0.3,12.321666666666669,11.776666666666667,-0.5450000000000005,12.0,0.130859375,10,39,49.0,58
10,seeded_random_10,20261355,10,5.0,15.0,0.3,12.335,12.105,-0.23000000000000007,19.0,0.431640625,10,39,49.0,58
10,seeded_random_10,20261356,10,5.0,15.0,0.3,12.29,11.805000000000001,-0.485,13.0,0.16015625,10,39,49.0,58
10,seeded_random_10,20261357,10,5.0,15.0,0.3,12.078333333333333,11.931666666666668,-0.14666666666666667,24.5,0.7890625,10,39,49.0,58
10,seeded_random_10,20261358,10,5.0,15.0,0.3,12.158333333333335,11.698333333333334,-0.4600000000000005,14.0,0.359375,10,39,49.0,58
10,seeded_random_10,20261359,10,5.0,15.0,0.3,12.116666666666667,11.894999999999998,-0.22166666666666668,21.0,0.556640625,10,39,49.0,58
10,seeded_random_10,20261360,10,5.0,15.0,0.3,12.241666666666667,11.56,-0.6816666666666661,12.0,0.130859375,10,39,49.0,58
10,seeded_random_10,20261361,10,5.0,15.0,0.3,12.076666666666666,11.711666666666666,-0.36500000000000005,13.0,0.16015625,10,39,49.0,58
10,seeded_random_10,20261362,10,5.0,15.0,0.3,11.835,11.811666666666666,-0.023333333333333605,26.0,0.921875,10,39,49.0,58
10,seeded_random_10,20261363,10,5.0,15.0,0.3,12.263333333333332,12.036666666666667,-0.22666666666666657,24.0,0.76953125,10,39,49.0,58
10,seeded_random_10,20261364,10,5.0,15.0,0.3,11.961666666666668,11.651666666666666,-0.3099999999999998,14.0,0.193359375,10,39,49.0,58
10,seeded_random_10,20261365,10,5.0,15.0,0.3,12.493333333333334,11.668333333333333,-0.8250000000000005,6.0,0.02734375,10,39,49.0,58
10,seeded_random_10,20261366,10,5.0,15.0,0.3,11.988333333333333,11.668333333333333,-0.3199999999999994,20.0,0.4921875,10,39,49.0,58
10,seeded_random_10,20261367,10,5.0,15.0,0.3,11.998333333333333,11.843333333333332,-0.15500000000000025,21.5,0.572265625,10,39,49.0,58
10,seeded_random_10,20261368,10,5.0,15.0,0.3,12.181666666666665,11.551666666666666,-0.6299999999999993,1.0,0.00390625,10,39,49.0,58
10,seeded_random_10,20261369,10,5.0,15.0,0.3,12.379999999999999,12.088333333333333,-0.29166666666666696,11.0,0.203125,10,39,49.0,58
10,seeded_random_10,20261370,10,5.0,15.0,0.3,12.308333333333334,11.99,-0.3183333333333335,16.0,0.275390625,10,39,49.0,58
10,seeded_random_10,20261371,10,5.0,15.0,0.3,12.286666666666665,11.888333333333332,-0.39833333333333415,11.0,0.10546875,10,39,49.0,58
10,seeded_random_10,20261372,10,5.0,15.0,0.3,12.491666666666667,11.75,-0.7416666666666668,3.0,0.009765625,10,39,49.0,58
10,seeded_random_10,20261373,10,5.0,15.0,0.3,12.116666666666667,11.501666666666667,-0.615,14.0,0.193359375,10,39,49.0,58
10,seeded_random_10,20261374,10,5.0,15.0,0.3,12.096666666666668,11.903333333333332,-0.19333333333333388,22.0,0.625,10,39,49.0,58
10,seeded_random_10,20261375,10,5.0,15.0,0.3,12.116666666666665,12.113333333333333,-0.0033333333333336766,21.0,0.556640625,10,39,49.0,58
10,seeded_random_10,20261376,10,5.0,15.0,0.3,12.246666666666666,11.946666666666665,-0.3,23.0,0.6953125,10,39,49.0,58
10,seeded_random_10,20261377,10,5.0,15.0,0.3,12.168333333333333,12.044999999999998,-0.12333333333333432,24.0,0.76953125,10,39,49.0,58
10,seeded_random_10,20261378,10,5.0,15.0,0.3,12.290000000000001,11.463333333333333,-0.8266666666666671,7.0,0.037109375,10,39,49.0,58
10,seeded_random_10,20261379,10,5.0,15.0,0.3,11.956666666666667,11.63,-0.3266666666666671,9.0,0.12890625,10,39,49.0,58
10,seeded_random_10,20261380,10,5.0,15.0,0.3,12.225,11.526666666666667,-0.698333333333333,4.0,0.013671875,10,39,49.0,58
10,seeded_random_10,20261381,10,5.0,15.0,0.3,12.346666666666668,11.761666666666667,-0.5850000000000006,5.5,0.021484375,10,39,49.0,58
10,seeded_random_10,20261382,10,5.0,15.0,0.3,11.876666666666667,11.836666666666664,-0.040000000000000216,24.0,0.76953125,10,39,49.0,58
10,seeded_random_10,20261383,10,5.0,15.0,0.3,12.073333333333334,11.806666666666668,-0.26666666666666716,18.0,0.375,10,39,49.0,58
10,seeded_random_10,20261384,10,5.0,15.0,0.3,11.858333333333333,11.863333333333333,0.004999999999999716,25.0,0.845703125,10,39,49.0,58
10,seeded_random_10,20261385,10,5.0,15.0,0.3,12.076666666666668,11.976666666666667,-0.1,26.0,0.921875,10,39,49.0,58
10,seeded_random_10,20261386,10,5.0,15.0,0.3,12.293333333333333,11.73,-0.5633333333333328,13.0,0.16015625,10,39,49.0,58
10,seeded_random_10,20261387,10,5.0,15.0,0.3,12.076666666666666,11.856666666666666,-0.22000000000000136,24.0,0.76953125,10,39,49.0,58
10,seeded_random_10,20261388,10,5.0,15.0,0.3,12.008333333333333,11.914999999999997,-0.09333333333333371,21.0,0.91015625,10,39,49.0,58
10,seeded_random_10,20261389,10,5.0,15.0,0.3,12.173333333333334,11.829999999999998,-0.34333333333333355,15.5,0.2421875,10,39,49.0,58
10,seeded_random_10,20261390,10,5.0,15.0,0.3,11.958333333333334,12.139999999999999,0.181666666666667,21.0,0.5390625,10,39,49.0,58
10,seeded_random_10,20261391,10,5.0,15.0,0.3,11.755,11.931666666666668,0.1766666666666664,21.5,0.572265625,10,39,49.0,58
10,seeded_random_10,20261392,10,5.0,15.0,0.3,12.048333333333334,11.786666666666667,-0.2616666666666664,14.0,0.359375,10,39,49.0,58
10,seeded_random_10,20261393,10,5.0,15.0,0.3,12.379999999999999,11.794999999999998,-0.585,8.5,0.05078125,10,39,49.0,58
10,seeded_random_10,20261394,10,5.0,15.0,0.3,12.161666666666667,12.120000000000001,-0.04166666666666643,19.0,0.419921875,10,39,49.0,58
10,seeded_random_10,20261395,10,5.0,15.0,0.3,12.075000000000001,11.565,-0.51,10.0,0.083984375,10,39,49.0,58
10,seeded_random_10,20261396,10,5.0,15.0,0.3,12.473333333333333,12.024999999999999,-0.4483333333333331,11.5,0.11328125,10,39,49.0,58
10,seeded_random_10,20261397,10,5.0,15.0,0.3,12.038333333333334,11.748333333333333,-0.2899999999999995,20.0,0.4921875,10,39,49.0,58
10,seeded_random_10,20261398,10,5.0,15.0,0.3,12.466666666666667,11.49,-0.9766666666666675,3.0,0.009765625,10,39,49.0,58
10,seeded_random_10,20261399,10,5.0,15.0,0.3,12.554999999999998,11.723333333333333,-0.831666666666667,6.0,0.02734375,10,39,49.0,58
10,seeded_random_10,20261400,10,5.0,15.0,0.3,12.318333333333333,11.608333333333334,-0.7100000000000002,8.0,0.048828125,10,39,49.0,58
10,seeded_random_10,20261401,10,5.0,15.0,0.3,12.196666666666667,11.663333333333334,-0.5333333333333327,10.0,0.080078125,10,39,49.0,58
10,seeded_random_10,20261402,10,5.0,15.0,0.3,11.871666666666666,11.421666666666667,-0.45000000000000034,9.0,0.060546875,10,39,49.0,58
10,seeded_random_10,20261403,10,5.0,15.0,0.3,12.481666666666667,11.768333333333333,-0.7133333333333332,5.0,0.01953125,10,39,49.0,58
10,seeded_random_10,20261404,10,5.0,15.0,0.3,12.285,11.916666666666666,-0.36833333333333373,17.0,0.322265625,10,39,49.0,58
10,seeded_random_10,20261405,10,5.0,15.0,0.3,12.281666666666666,11.785,-0.4966666666666663,10.0,0.083984375,10,39,49.0,58
10,seeded_random_10,20261406,10,5.0,15.0,0.3,12.251666666666669,11.691666666666666,-0.5600000000000002,15.0,0.232421875,10,39,49.0,58
10,seeded_random_10,20261407,10,5.0,15.0,0.3,12.419999999999998,12.18,-0.23999999999999969,19.0,0.431640625,10,39,49.0,58
10,seeded_random_10,20261408,10,5.0,15.0,0.3,12.270000000000001,11.918333333333333,-0.3516666666666673,17.0,0.322265625,10,39,49.0,58
10,seeded_random_10,20261409,10,5.0,15.0,0.3,12.223333333333334,11.973333333333333,-0.25,20.0,0.4921875,10,39,49.0,58
10,seeded_random_10,20261410,10,5.0,15.0,0.3,12.033333333333335,11.633333333333333,-0.4000000000000009,12.0,0.130859375,10,39,49.0,58
10,seeded_random_10,20261411,10,5.0,15.0,0.3,11.993333333333332,11.908333333333333,-0.08500000000000033,26.0,0.921875,10,39,49.0,58
10,seeded_random_10,20261412,10,5.0,15.0,0.3,12.220000000000002,11.975,-0.24499999999999938,21.0,0.556640625,10,39,49.0,58
10,seeded_random_10,20261413,10,5.0,15.0,0.3,11.985,11.831666666666667,-0.1533333333333335,21.5,0.57421875,10,39,49.0,58
10,seeded_random_10,20261414,10,5.0,15.0,0.3,11.915000000000001,11.92,0.004999999999999893,26.0,0.921875,10,39,49.0,58
10,seeded_random_10,20261415,10,5.0,15.0,0.3,12.098333333333333,11.663333333333332,-0.43500000000000066,11.0,0.10546875,10,39,49.0,58
10,seeded_random_10,20261416,10,5.0,15.0,0.3,12.305,11.760000000000002,-0.5449999999999997,10.0,0.083984375,10,39,49.0,58
10,seeded_random_10,20261417,10,5.0,15.0,0.3,11.923333333333334,11.475,-0.4483333333333329,5.0,0.01953125,10,39,49.0,58
10,seeded_random_10,20261418,10,5.0,15.0,0.3,12.273333333333333,11.743333333333332,-0.5300000000000002,14.0,0.193359375,10,39,49.0,58
10,seeded_random_10,20261419,10,5.0,15.0,0.3,12.073333333333332,11.606666666666666,-0.4666666666666668,11.0,0.10546875,10,39,49.0,58
10,seeded_random_10,20261420,10,5.0,15.0,0.3,12.346666666666668,11.545,-0.8016666666666664,3.0,0.009765625,10,39,49.0,58
10,seeded_random_10,20261421,10,5.0,15.0,0.3,12.103333333333335,12.008333333333335,-0.09500000000000011,23.0,0.6953125,10,39,49.0,58
10,seeded_random_10,20261422,10,5.0,15.0,0.3,12.040000000000001,11.745000000000001,-0.2950000000000001,17.0,0.322265625,10,39,49.0,58
10,seeded_random_10,20261423,10,5.0,15.0,0.3,12.486666666666668,11.776666666666667,-0.7100000000000002,11.0,0.1015625,10,39,49.0,58
10,seeded_random_10,20261424,10,5.0,15.0,0.3,12.003333333333334,11.635,-0.36833333333333335,19.0,0.431640625,10,39,49.0,58
10,seeded_random_10,20261425,10,5.0,15.0,0.3,12.143333333333334,11.83,-0.3133333333333338,19.0,0.431640625,10,39,49.0,58
10,seeded_random_10,20261426,10,5.0,15.0,0.3,12.131666666666666,11.956666666666667,-0.17500000000000054,21.0,0.556640625,10,39,49.0,58
10,seeded_random_10,20261427,10,5.0,15.0,0.3,12.015,12.216666666666665,0.20166666666666622,19.0,0.431640625,10,39,49.0,58
10,seeded_random_10,20261428,10,5.0,15.0,0.3,11.925,11.788333333333332,-0.13666666666666655,22.0,0.625,10,39,49.0,58
10,seeded_random_10,20261429,10,5.0,15.0,0.3,12.321666666666667,11.963333333333333,-0.35833333333333267,16.5,0.28515625,10,39,49.0,58
10,seeded_random_10,20261430,10,5.0,15.0,0.3,12.371666666666666,11.700000000000001,-0.6716666666666662,4.0,0.013671875,10,39,49.0,58
10,seeded_random_10,20261431,10,5.0,15.0,0.3,11.946666666666667,11.851666666666667,-0.09500000000000011,21.0,0.556640625,10,39,49.0,58
10,seeded_random_10,20261432,10,5.0,15.0,0.3,12.445000000000002,11.648333333333333,-0.7966666666666665,5.0,0.01953125,10,39,49.0,58
10,seeded_random_10,20261433,10,5.0,15.0,0.3,12.125,11.6,-0.5250000000000009,12.0,0.130859375,10,39,49.0,58
10,seeded_random_10,20261434,10,5.0,15.0,0.3,12.215,11.913333333333332,-0.3016666666666664,20.0,0.4921875,10,39,49.0,58
10,seeded_random_10,20261435,10,5.0,15.0,0.3,12.178333333333333,12.058333333333334,-0.12000000000000081,25.0,0.845703125,10,39,49.0,58
10,seeded_random_10,20261436,10,5.0,15.0,0.3,12.076666666666666,12.073333333333334,-0.003333333333333499,26.0,0.921875,10,39,49.0,58
10,seeded_random_10,20261437,10,5.0,15.0,0.3,12.025,11.43,-0.5949999999999998,9.0,0.064453125,10,39,49.0,58
10,seeded_random_10,20261438,10,5.0,15.0,0.3,12.245,11.696666666666667,-0.5483333333333329,10.0,0.083984375,10,39,49.0,58
10,seeded_random_10,20261439,10,5.0,15.0,0.3,12.256666666666666,11.608333333333334,-0.6483333333333337,8.0,0.048828125,10,39,49.0,58
10,seeded_random_10,20261440,10,5.0,15.0,0.3,12.271666666666667,11.891666666666666,-0.38000000000000006,6.0,0.025390625,10,39,49.0,58
10,seeded_random_10,20261441,10,5.0,15.0,0.3,12.115,11.780000000000001,-0.3350000000000003,18.0,0.375,10,39,49.0,58
10,seeded_random_10,20261442,10,5.0,15.0,0.3,12.254999999999999,11.469999999999999,-0.7849999999999999,2.0,0.005859375,10,39,49.0,58
10,seeded_random_10,20261443,10,5.0,15.0,0.3,12.01,11.706666666666665,-0.30333333333333384,21.0,0.556640625,10,39,49.0,58
10,seeded_random_10,20261444,10,5.0,15.0,0.3,12.158333333333331,12.071666666666665,-0.08666666666666636,18.0,0.375,10,39,49.0,58
10,seeded_random_10,20261445,10,5.0,15.0,0.3,12.608333333333334,11.863333333333333,-0.7449999999999999,3.0,0.009765625,10,39,49.0,58
10,seeded_random_10,20261446,10,5.0,15.0,0.3,12.048333333333334,11.683333333333334,-0.36500000000000055,19.0,0.431640625,10,39,49.0,58
10,seeded_random_10,20261447,10,5.0,15.0,0.3,12.169999999999998,11.806666666666668,-0.36333333333333295,17.0,0.322265625,10,39,49.0,58
10,seeded_random_10,20261448,10,5.0,15.0,0.3,11.875,11.671666666666667,-0.20333333333333298,21.0,0.556640625,10,39,49.0,58
10,seeded_random_10,20261449,10,5.0,15.0,0.3,12.013333333333334,11.966666666666667,-0.046666666666666856,23.0,0.6953125,10,39,49.0,58
10,seeded_random_10,20261450,10,5.0,15.0,0.3,12.275,12.010000000000002,-0.2650000000000009,19.0,0.431640625,10,39,49.0,58
10,seeded_random_10,20261451,10,5.0,15.0,0.3,12.371666666666666,11.978333333333333,-0.39333333333333353,15.0,0.232421875,10,39,49.0,58
10,seeded_random_10,20261452,10,5.0,15.0,0.3,11.84,11.656666666666666,-0.18333333333333304,24.0,0.76953125,10,39,49.0,58
10,seeded_random_10,20261453,10,5.0,15.0,0.3,12.121666666666666,11.806666666666668,-0.3150000000000007,16.0,0.275390625,10,39,49.0,58
10,seeded_random_10,20261454,10,5.0,15.0,0.3,12.021666666666667,11.783333333333333,-0.23833333333333312,15.0,0.232421875,10,39,49.0,58
10,seeded_random_10,20261455,10,5.0,15.0,0.3,11.833333333333334,11.603333333333333,-0.23000000000000007,21.0,0.556640625,10,39,49.0,58
10,seeded_random_10,20261456,10,5.0,15.0,0.3,12.053333333333333,11.781666666666666,-0.27166666666666706,21.0,0.556640625,10,39,49.0,58
10,seeded_random_10,20261457,10,5.0,15.0,0.3,12.106666666666666,12.116666666666665,0.01000000000000032,25.0,0.845703125,10,39,49.0,58
10,seeded_random_10,20261458,10,5.0,15.0,0.3,11.798333333333334,11.865,0.06666666666666679,26.0,0.921875,10,39,49.0,58
10,seeded_random_10,20261459,10,5.0,15.0,0.3,12.148333333333333,11.956666666666665,-0.1916666666666668,22.0,0.625,10,39,49.0,58
10,seeded_random_10,20261460,10,5.0,15.0,0.3,11.975000000000001,11.706666666666665,-0.2683333333333337,20.0,0.4921875,10,39,49.0,58
10,seeded_random_10,20261461,10,5.0,15.0,0.3,12.248333333333335,11.698333333333334,-0.5499999999999998,11.5,0.111328125,10,39,49.0,58
10,seeded_random_10,20261462,10,5.0,15.0,0.3,12.296666666666669,11.658333333333333,-0.638333333333333,8.0,0.048828125,10,39,49.0,58
10,seeded_random_10,20261463,10,5.0,15.0,0.3,12.034999999999998,12.059999999999999,0.025000000000000532,26.0,0.921875,10,39,49.0,58
10,seeded_random_10,20261464,10,5.0,15.0,0.3,12.188333333333333,11.801666666666668,-0.3866666666666664,8.0,0.048828125,10,39,49.0,58
10,seeded_random_10,20261465,10,5.0,15.0,0.3,12.148333333333333,11.731666666666666,-0.4166666666666664,9.0,0.064453125,10,39,49.0,58
10,seeded_random_10,20261466,10,5.0,15.0,0.3,12.018333333333334,12.033333333333335,0.015000000000000036,27.0,1.0,10,39,49.0,58
10,seeded_random_10,20261467,10,5.0,15.0,0.3,12.010000000000002,11.681666666666667,-0.3283333333333335,12.0,0.130859375,10,39,49.0,58
10,seeded_random_10,20261468,10,5.0,15.0,0.3,11.996666666666666,11.441666666666666,-0.5549999999999999,10.0,0.083984375,10,39,49.0,58
10,seeded_random_10,20261469,10,5.0,15.0,0.3,12.471666666666668,11.65,-0.8216666666666672,12.0,0.130859375,10,39,49.0,58
10,seeded_random_10,20261470,10,5.0,15.0,0.3,11.991666666666667,11.705,-0.28666666666666674,19.0,0.431640625,10,39,49.0,58
10,seeded_random_10,20261471,10,5.0,15.0,0.3,12.311666666666667,11.728333333333333,-0.5833333333333343,15.0,0.232421875,10,39,49.0,58
10,seeded_random_10,20261472,10,5.0,15.0,0.3,12.401666666666667,12.236666666666666,-0.16499999999999967,24.0,0.76953125,10,39,49.0,58
10,seeded_random_10,20261473,10,5.0,15.0,0.3,11.981666666666666,11.921666666666667,-0.05999999999999943,24.0,0.76953125,10,39,49.0,58
10,seeded_random_10,20261474,10,5.0,15.0,0.3,11.716666666666665,11.671666666666667,-0.04500000000000046,25.0,0.845703125,10,39,49.0,58
10,seeded_random_10,20261475,10,5.0,15.0,0.3,12.296666666666665,11.690000000000001,-0.6066666666666667,7.0,0.033203125,10,39,49.0,58
10,seeded_random_10,20261476,10,5.0,15.0,0.3,12.215,11.831666666666667,-0.383333333333333,12.0,0.125,10,39,49.0,58
10,seeded_random_10,20261477,10,5.0,15.0,0.3,12.201666666666664,11.81,-0.39166666666666644,16.0,0.275390625,10,39,49.0,58
10,seeded_random_10,20261478,10,5.0,15.0,0.3,12.161666666666669,11.463333333333333,-0.6983333333333339,7.0,0.037109375,10,39,49.0,58
10,seeded_random_10,20261479,10,5.0,15.0,0.3,11.881666666666666,11.55,-0.33166666666666644,18.0,0.375,10,39,49.0,58
10,seeded_random_10,20261480,10,5.0,15.0,0.3,11.948333333333332,11.671666666666667,-0.2766666666666657,22.0,0.625,10,39,49.0,58
10,seeded_random_10,20261481,10,5.0,15.0,0.3,12.148333333333333,11.706666666666667,-0.44166666666666643,19.0,0.431640625,10,39,49.0,58
10,seeded_random_10,20261482,10,5.0,15.0,0.3,12.211666666666666,11.72,-0.49166666666666625,15.0,0.224609375,10,39,49.0,58
10,seeded_random_10,20261483,10,5.0,15.0,0.3,11.88,12.123333333333333,0.24333333333333318,14.0,0.193359375,10,39,49.0,58
10,seeded_random_10,20261484,10,5.0,15.0,0.3,12.241666666666667,11.533333333333333,-0.7083333333333343,4.0,0.013671875,10,39,49.0,58
10,seeded_random_10,20261485,10,5.0,15.0,0.3,12.17,11.690000000000001,-0.4799999999999997,19.0,0.431640625,10,39,49.0,58
10,seeded_random_10,20261486,10,5.0,15.0,0.3,12.103333333333332,11.733333333333334,-0.36999999999999955,10.5,0.087890625,10,39,49.0,58
10,seeded_random_10,20261487,10,5.0,15.0,0.3,11.933333333333334,11.826666666666668,-0.10666666666666683,25.0,0.845703125,10,39,49.0,58
10,seeded_random_10,20261488,10,5.0,15.0,0.3,12.161666666666667,11.731666666666666,-0.43000000000000044,15.0,0.232421875,10,39,49.0,58
10,seeded_random_10,20261489,10,5.0,15.0,0.3,11.86,11.419999999999998,-0.4400000000000002,16.0,0.275390625,10,39,49.0,58
10,seeded_random_10,20261490,10,5.0,15.0,0.3,12.406666666666668,11.479999999999999,-0.9266666666666673,6.0,0.02734375,10,39,49.0,58
10,seeded_random_10,20261491,10,5.0,15.0,0.3,12.416666666666668,11.92,-0.49666666666666703,14.0,0.193359375,10,39,49.0,58
10,seeded_random_10,20261492,10,5.0,15.0,0.3,12.158333333333333,11.55,-0.6083333333333332,5.0,0.0390625,10,39,49.0,58
10,seeded_random_10,20261493,10,5.0,15.0,0.3,12.361666666666668,11.515,-0.8466666666666672,5.0,0.01953125,10,39,49.0,58
10,seeded_random_10,20261494,10,5.0,15.0,0.3,12.251666666666667,11.791666666666668,-0.45999999999999963,8.0,0.048828125,10,39,49.0,58
10,seeded_random_10,20261495,10,5.0,15.0,0.3,12.171666666666667,11.893333333333333,-0.2783333333333333,12.5,0.138671875,10,39,49.0,58
10,seeded_random_10,20261496,10,5.0,15.0,0.3,12.219999999999999,12.301666666666664,0.08166666666666558,17.0,0.5703125,10,39,49.0,58
10,seeded_random_10,20261497,10,5.0,15.0,0.3,12.09,11.809999999999999,-0.2799999999999995,19.0,0.431640625,10,39,49.0,58
10,seeded_random_10,20261498,10,5.0,15.0,0.3,11.991666666666665,12.066666666666666,0.075,25.0,0.845703125,10,39,49.0,58
10,seeded_random_10,20261499,10,5.0,15.0,0.3,11.804999999999998,11.675,-0.13000000000000025,23.0,0.6953125,10,39,49.0,58
10,seeded_random_10,20261500,10,5.0,15.0,0.3,12.028333333333332,11.93,-0.09833333333333308,24.0,0.76953125,10,39,49.0,58
10,seeded_random_10,20261501,10,5.0,15.0,0.3,11.846666666666668,11.631666666666666,-0.2149999999999997,24.0,0.76953125,10,39,49.0,58
10,seeded_random_10,20261502,10,5.0,15.0,0.3,12.438333333333334,11.626666666666667,-0.8116666666666662,0.0,0.001953125,10,39,49.0,58
10,seeded_random_10,20261503,10,5.0,15.0,0.3,12.275,12.106666666666667,-0.16833333333333284,24.5,0.787109375,10,39,49.0,58
10,seeded_random_10,20261504,10,5.0,15.0,0.3,12.126666666666665,11.598333333333333,-0.5283333333333328,13.0,0.16015625,10,39,49.0,58
10,seeded_random_10,20261505,10,5.0,15.0,0.3,11.996666666666666,11.896666666666667,-0.09999999999999983,23.0,0.6953125,10,39,49.0,58
10,seeded_random_10,20261506,10,5.0,15.0,0.3,12.001666666666667,11.661666666666667,-0.3399999999999997,21.0,0.556640625,10,39,49.0,58
10,seeded_random_10,20261507,10,5.0,15.0,0.3,12.198333333333334,12.226666666666667,0.028333333333332968,27.5,1.0,10,39,49.0,58
10,seeded_random_10,20261508,10,5.0,15.0,0.3,12.499999999999998,11.508333333333335,-0.9916666666666654,3.0,0.009765625,10,39,49.0,58
10,seeded_random_10,20261509,10,5.0,15.0,0.3,12.258333333333335,11.631666666666668,-0.6266666666666663,9.0,0.064453125,10,39,49.0,58
10,seeded_random_10,20261510,10,5.0,15.0,0.3,12.27,12.103333333333333,-0.16666666666666696,18.0,0.375,10,39,49.0,58
10,seeded_random_10,20261511,10,5.0,15.0,0.3,11.928333333333333,11.791666666666668,-0.13666666666666655,19.0,0.431640625,10,39,49.0,58
10,seeded_random_10,20261512,10,5.0,15.0,0.3,12.371666666666666,11.908333333333335,-0.4633333333333331,14.0,0.193359375,10,39,49.0,58
10,seeded_random_10,20261513,10,5.0,15.0,0.3,12.215000000000002,11.863333333333333,-0.3516666666666671,15.0,0.232421875,10,39,49.0,58
10,seeded_random_10,20261514,10,5.0,15.0,0.3,12.293333333333333,11.786666666666665,-0.5066666666666672,9.0,0.060546875,10,39,49.0,58
10,seeded_random_10,20261515,10,5.0,15.0,0.3,12.438333333333334,11.718333333333332,-0.7200000000000012,9.0,0.064453125,10,39,49.0,58
10,seeded_random_10,20261516,10,5.0,15.0,0.3,12.471666666666668,11.731666666666666,-0.7400000000000008,8.0,0.048828125,10,39,49.0,58
10,seeded_random_10,20261517,10,5.0,15.0,0.3,12.23,11.376666666666665,-0.8533333333333342,4.0,0.013671875,10,39,49.0,58
10,seeded_random_10,20261518,10,5.0,15.0,0.3,11.966666666666669,12.141666666666667,0.17499999999999966,23.0,0.6953125,10,39,49.0,58
10,seeded_random_10,20261519,10,5.0,15.0,0.3,12.093333333333334,11.831666666666667,-0.261666666666666,15.0,0.232421875,10,39,49.0,58
10,seeded_random_10,20261520,10,5.0,15.0,0.3,12.385,11.573333333333334,-0.8116666666666663,11.0,0.10546875,10,39,49.0,58
10,seeded_random_10,20261521,10,5.0,15.0,0.3,12.046666666666665,11.578333333333333,-0.46833333333333405,14.0,0.193359375,10,39,49.0,58
10,seeded_random_10,20261522,10,5.0,15.0,0.3,12.183333333333334,11.756666666666666,-0.4266666666666662,8.0,0.048828125,10,39,49.0,58
10,seeded_random_10,20261523,10,5.0,15.0,0.3,12.445,11.776666666666667,-0.6683333333333337,9.0,0.064453125,10,39,49.0,58
10,seeded_random_10,20261524,10,5.0,15.0,0.3,12.146666666666667,11.94,-0.20666666666666664,15.0,0.232421875,10,39,49.0,58
10,seeded_random_10,20261525,10,5.0,15.0,0.3,12.068333333333332,11.511666666666667,-0.5566666666666666,13.0,0.16015625,10,39,49.0,58
10,seeded_random_10,20261526,10,5.0,15.0,0.3,12.231666666666666,11.625,-0.6066666666666674,7.0,0.03515625,10,39,49.0,58
10,seeded_random_10,20261527,10,5.0,15.0,0.3,12.158333333333333,11.57,-0.5883333333333324,5.0,0.01953125,10,39,49.0,58
10,seeded_random_10,20261528,10,5.0,15.0,0.3,12.078333333333333,12.105,0.02666666666666693,27.0,1.0,10,39,49.0,58
10,seeded_random_10,20261529,10,5.0,15.0,0.3,12.183333333333334,11.786666666666667,-0.39666666666666756,7.0,0.037109375,10,39,49.0,58
10,seeded_random_10,20261530,10,5.0,15.0,0.3,11.671666666666667,11.959999999999999,0.28833333333333344,17.0,0.310546875,10,39,49.0,58
10,seeded_random_10,20261531,10,5.0,15.0,0.3,11.993333333333334,11.613333333333333,-0.3800000000000002,10.5,0.087890625,10,39,49.0,58
10,seeded_random_10,20261532,10,5.0,15.0,0.3,12.026666666666667,11.498333333333331,-0.5283333333333328,9.0,0.12890625,10,39,49.0,58
10,seeded_random_10,20261533,10,5.0,15.0,0.3,12.283333333333333,12.091666666666667,-0.1916666666666666,16.0,0.49609375,10,39,49.0,58
10,seeded_random_10,20261534,10,5.0,15.0,0.3,12.184999999999999,11.576666666666666,-0.6083333333333331,9.0,0.064453125,10,39,49.0,58
10,seeded_random_10,20261535,10,5.0,15.0,0.3,11.941666666666666,11.678333333333333,-0.263333333333334,18.0,0.375,10,39,49.0,58
10,seeded_random_10,20261536,10,5.0,15.0,0.3,12.165000000000003,11.48,-0.6850000000000008,12.0,0.130859375,10,39,49.0,58
10,seeded_random_10,20261537,10,5.0,15.0,0.3,12.318333333333332,11.681666666666668,-0.6366666666666655,10.0,0.083984375,10,39,49.0,58
10,seeded_random_10,20261538,10,5.0,15.0,0.3,12.3,11.723333333333334,-0.576666666666666,8.0,0.048828125,10,39,49.0,58
10,seeded_random_10,20261539,10,5.0,15.0,0.3,12.31,11.811666666666667,-0.4983333333333331,1.0,0.0078125,10,39,49.0,58
10,seeded_random_10,20261540,10,5.0,15.0,0.3,12.135,11.668333333333333,-0.4666666666666668,14.0,0.193359375,10,39,49.0,58
10,seeded_random_10,20261541,10,5.0,15.0,0.3,12.141666666666666,11.84,-0.3016666666666662,17.0,0.322265625,10,39,49.0,58
10,seeded_random_10,20261542,10,5.0,15.0,0.3,12.308333333333334,12.116666666666667,-0.19166666666666643,20.0,0.4921875,10,39,49.0,58
10,seeded_random_10,20261543,10,5.0,15.0,0.3,12.208333333333334,11.988333333333333,-0.21999999999999958,23.0,0.6953125,10,39,49.0,58
10,seeded_random_10,20261544,10,5.0,15.0,0.3,12.328333333333335,11.605,-0.7233333333333334,9.0,0.064453125,10,39,49.0,58
10,seeded_random_10,20261545,10,5.0,15.0,0.3,12.266666666666667,12.021666666666665,-0.24500000000000047,16.0,0.275390625,10,39,49.0,58
10,seeded_random_10,20261546,10,5.0,15.0,0.3,12.176666666666666,11.344999999999999,-0.8316666666666672,3.0,0.009765625,10,39,49.0,58
10,seeded_random_10,20261547,10,5.0,15.0,0.3,12.299999999999999,11.806666666666668,-0.4933333333333332,10.0,0.083984375,10,39,49.0,58
10,seeded_random_10,20261548,10,5.0,15.0,0.3,12.296666666666665,11.508333333333335,-0.7883333333333333,4.0,0.013671875,10,39,49.0,58
10,seeded_random_10,20261549,10,5.0,15.0,0.3,11.946666666666667,12.043333333333333,0.09666666666666686,24.5,0.7890625,10,39,49.0,58
10,seeded_random_10,20261550,10,5.0,15.0,0.3,12.218333333333334,11.899999999999999,-0.3183333333333335,20.0,0.4921875,10,39,49.0,58
10,seeded_random_10,20261551,10,5.0,15.0,0.3,12.093333333333332,12.176666666666668,0.08333333333333375,26.0,0.921875,10,39,49.0,58
10,seeded_random_10,20261552,10,5.0,15.0,0.3,12.15,11.636666666666667,-0.5133333333333331,6.0,0.02734375,10,39,49.0,58
10,seeded_random_10,20261553,10,5.0,15.0,0.3,11.91,11.548333333333332,-0.3616666666666665,11.0,0.10546875,10,39,49.0,58
10,seeded_random_10,20261554,10,5.0,15.0,0.3,11.79666666666667,11.945,0.14833333333333343,19.0,0.431640625,10,39,49.0,58
10,seeded_random_10,20261555,10,5.0,15.0,0.3,12.425,11.935,-0.489999999999999,11.0,0.10546875,10,39,49.0,58
10,seeded_random_10,20261556,10,5.0,15.0,0.3,11.916666666666668,11.853333333333333,-0.06333333333333294,24.0,0.76953125,10,39,49.0,58
10,seeded_random_10,20261557,10,5.0,15.0,0.3,12.26,11.648333333333333,-0.611666666666667,11.0,0.10546875,10,39,49.0,58
10,seeded_random_10,20261558,10,5.0,15.0,0.3,12.006666666666668,11.76,-0.24666666666666703,16.0,0.275390625,10,39,49.0,58
10,seeded_random_10,20261559,10,5.0,15.0,0.3,12.061666666666667,11.483333333333333,-0.5783333333333338,13.0,0.16015625,10,39,49.0,58
10,seeded_random_10,20261560,10,5.0,15.0,0.3,11.951666666666664,11.764999999999999,-0.1866666666666667,26.0,0.921875,10,39,49.0,58
10,seeded_random_10,20261561,10,5.0,15.0,0.3,12.178333333333333,11.786666666666665,-0.39166666666666644,16.0,0.275390625,10,39,49.0,58
10,seeded_random_10,20261562,10,5.0,15.0,0.3,12.158333333333333,11.879999999999999,-0.278333333333333,17.0,0.322265625,10,39,49.0,58
10,seeded_random_10,20261563,10,5.0,15.0,0.3,12.198333333333332,11.898333333333333,-0.3,11.0,0.10546875,10,39,49.0,58
10,seeded_random_10,20261564,10,5.0,15.0,0.3,12.555000000000001,11.938333333333333,-0.6166666666666669,13.0,0.16015625,10,39,49.0,58
10,seeded_random_10,20261565,10,5.0,15.0,0.3,12.278333333333334,11.35,-0.928333333333333,6.5,0.029296875,10,39,49.0,58
10,seeded_random_10,20261566,10,5.0,15.0,0.3,12.188333333333334,11.700000000000003,-0.4883333333333331,9.0,0.12890625,10,39,49.0,58
10,seeded_random_10,20261567,10,5.0,15.0,0.3,11.84,11.816666666666666,-0.023333333333333428,24.0,0.748046875,10,39,49.0,58
10,seeded_random_10,20261568,10,5.0,15.0,0.3,12.053333333333335,11.868333333333334,-0.18499999999999997,20.5,0.509765625,10,39,49.0,58
10,seeded_random_10,20261569,10,5.0,15.0,0.3,11.770000000000001,11.928333333333335,0.15833333333333305,11.0,0.09765625,10,39,49.0,58
10,seeded_random_10,20261570,10,5.0,15.0,0.3,12.273333333333333,11.959999999999999,-0.31333333333333313,14.0,0.193359375,10,39,49.0,58
10,seeded_random_10,20261571,10,5.0,15.0,0.3,12.051666666666666,11.738333333333333,-0.313333333333334,19.0,0.431640625,10,39,49.0,58
10,seeded_random_10,20261572,10,5.0,15.0,0.3,12.016666666666666,11.951666666666666,-0.06499999999999932,27.0,1.0,10,39,49.0,58
10,seeded_random_10,20261573,10,5.0,15.0,0.3,12.211666666666666,11.678333333333335,-0.5333333333333335,13.0,0.16015625,10,39,49.0,58
10,seeded_random_10,20261574,10,5.0,15.0,0.3,12.298333333333332,11.975,-0.3233333333333334,12.0,0.25,10,39,49.0,58
10,seeded_random_10,20261575,10,5.0,15.0,0.3,12.07,11.861666666666668,-0.2083333333333332,23.0,0.6953125,10,39,49.0,58
10,seeded_random_10,20261576,10,5.0,15.0,0.3,12.23333333333333,11.666666666666666,-0.5666666666666661,3.5,0.01171875,10,39,49.0,58
10,seeded_random_10,20261577,10,5.0,15.0,0.3,12.113333333333333,11.951666666666668,-0.1616666666666669,20.5,0.505859375,10,39,49.0,58
10,seeded_random_10,20261578,10,5.0,15.0,0.3,12.106666666666667,11.489999999999998,-0.6166666666666671,11.0,0.10546875,10,39,49.0,58
10,seeded_random_10,20261579,10,5.0,15.0,0.3,12.281666666666666,11.851666666666667,-0.4299999999999999,16.0,0.275390625,10,39,49.0,58
10,seeded_random_10,20261580,10,5.0,15.0,0.3,12.056666666666667,11.930000000000003,-0.12666666666666568,27.0,0.9765625,10,39,49.0,58
10,seeded_random_10,20261581,10,5.0,15.0,0.3,12.330000000000002,11.940000000000001,-0.39000000000000024,20.0,0.4921875,10,39,49.0,58
10,seeded_random_10,20261582,10,5.0,15.0,0.3,11.989999999999998,11.943333333333333,-0.046666666666666856,27.0,1.0,10,39,49.0,58
10,seeded_random_10,20261583,10,5.0,15.0,0.3,11.761666666666667,11.688333333333333,-0.07333333333333289,27.5,1.0,10,39,49.0,58
10,seeded_random_10,20261584,10,5.0,15.0,0.3,12.316666666666666,11.296666666666667,-1.0200000000000007,5.0,0.01953125,10,39,49.0,58
10,seeded_random_10,20261585,10,5.0,15.0,0.3,12.486666666666668,11.766666666666666,-0.7200000000000003,6.0,0.02734375,10,39,49.0,58
10,seeded_random_10,20261586,10,5.0,15.0,0.3,12.145,11.711666666666668,-0.43333333333333324,12.0,0.130859375,10,39,49.0,58
10,seeded_random_10,20261587,10,5.0,15.0,0.3,11.825,12.134999999999998,0.30999999999999994,16.0,0.275390625,10,39,49.0,58
10,seeded_random_10,20261588,10,5.0,15.0,0.3,11.726666666666665,11.806666666666668,0.08000000000000007,24.0,0.76953125,10,39,49.0,58
10,seeded_random_10,20261589,10,5.0,15.0,0.3,12.020000000000001,11.954999999999998,-0.0649999999999995,25.0,0.845703125,10,39,49.0,58
10,seeded_random_10,20261590,10,5.0,15.0,0.3,12.323333333333332,11.888333333333332,-0.4349999999999998,13.0,0.30078125,10,39,49.0,58
10,seeded_random_10,20261591,10,5.0,15.0,0.3,12.011666666666667,11.856666666666666,-0.15499999999999972,19.0,0.431640625,10,39,49.0,58
10,seeded_random_10,20261592,10,5.0,15.0,0.3,12.298333333333336,11.943333333333333,-0.3550000000000001,18.0,0.375,10,39,49.0,58
10,seeded_random_10,20261593,10,5.0,15.0,0.3,12.22,11.698333333333334,-0.5216666666666671,7.0,0.037109375,10,39,49.0,58
10,seeded_random_10,20261594,10,5.0,15.0,0.3,12.035,11.936666666666667,-0.0983333333333329,25.0,0.845703125,10,39,49.0,58
10,seeded_random_10,20261595,10,5.0,15.0,0.3,12.371666666666666,11.433333333333334,-0.9383333333333328,5.0,0.01953125,10,39,49.0,58
10,seeded_random_10,20261596,10,5.0,15.0,0.3,12.031666666666666,11.846666666666668,-0.18500000000000066,23.0,0.6953125,10,39,49.0,58
10,seeded_random_10,20261597,10,5.0,15.0,0.3,11.875000000000002,11.788333333333332,-0.08666666666666636,23.0,0.6953125,10,39,49.0,58
10,seeded_random_10,20261598,10,5.0,15.0,0.3,12.221666666666666,11.618333333333332,-0.6033333333333328,12.0,0.126953125,10,39,49.0,58
10,seeded_random_10,20261599,10,5.0,15.0,0.3,11.841666666666665,11.743333333333332,-0.09833333333333272,23.0,0.671875,10,39,49.0,58
10,seeded_random_10,20261600,10,5.0,15.0,0.3,12.066666666666666,11.926666666666666,-0.14000000000000004,23.0,0.6953125,10,39,49.0,58
10,seeded_random_10,20261601,10,5.0,15.0,0.3,12.19,11.551666666666666,-0.6383333333333336,1.0,0.00390625,10,39,49.0,58
10,seeded_random_10,20261602,10,5.0,15.0,0.3,11.951666666666666,11.795,-0.15666666666666665,22.0,0.625,10,39,49.0,58
10,seeded_random_10,20261603,10,5.0,15.0,0.3,12.07,11.451666666666668,-0.6183333333333328,10.0,0.083984375,10,39,49.0,58
10,seeded_random_10,20261604,10,5.0,15.0,0.3,12.236666666666668,11.903333333333332,-0.33333333333333376,13.5,0.1640625,10,39,49.0,58
10,seeded_random_10,20261605,10,5.0,15.0,0.3,12.025,11.855,-0.17000000000000065,27.0,1.0,10,39,49.0,58
10,seeded_random_10,20261606,10,5.0,15.0,0.3,11.928333333333333,11.788333333333332,-0.14000000000000073,21.0,0.556640625,10,39,49.0,58
10,seeded_random_10,20261607,10,5.0,15.0,0.3,12.385,11.693333333333333,-0.6916666666666671,6.0,0.02734375,10,39,49.0,58
10,seeded_random_10,20261608,10,5.0,15.0,0.3,12.348333333333333,11.735000000000001,-0.6133333333333327,8.0,0.048828125,10,39,49.0,58
10,seeded_random_10,20261609,10,5.0,15.0,0.3,12.061666666666666,11.951666666666668,-0.10999999999999925,25.0,0.845703125,10,39,49.0,58
10,seeded_random_10,20261610,10,5.0,15.0,0.3,12.114999999999998,11.798333333333334,-0.31666666666666626,17.0,0.322265625,10,39,49.0,58
10,seeded_random_10,20261611,10,5.0,15.0,0.3,11.866666666666665,11.86,-0.00666666666666611,26.0,0.921875,10,39,49.0,58
10,seeded_random_10,20261612,10,5.0,15.0,0.3,11.943333333333333,11.82,-0.12333333333333343,23.0,0.6953125,10,39,49.0,58
10,seeded_random_10,20261613,10,5.0,15.0,0.3,12.235000000000003,11.778333333333334,-0.45666666666666716,13.0,0.16015625,10,39,49.0,58
10,seeded_random_10,20261614,10,5.0,15.0,0.3,11.866666666666665,11.813333333333333,-0.05333333333333314,27.0,1.0,10,39,49.0,58
10,seeded_random_10,20261615,10,5.0,15.0,0.3,12.208333333333332,11.824999999999998,-0.3833333333333339,11.0,0.10546875,10,39,49.0,58
10,seeded_random_10,20261616,10,5.0,15.0,0.3,12.155,11.6,-0.5550000000000003,5.0,0.0390625,10,39,49.0,58
10,seeded_random_10,20261617,10,5.0,15.0,0.3,12.243333333333332,11.758333333333333,-0.4850000000000003,11.0,0.10546875,10,39,49.0,58
10,seeded_random_10,20261618,10,5.0,15.0,0.3,11.983333333333333,11.691666666666666,-0.2916666666666668,24.0,0.76953125,10,39,49.0,58
10,seeded_random_10,20261619,10,5.0,15.0,0.3,11.98,11.59,-0.39000000000000024,8.5,0.052734375,10,39,49.0,58
10,seeded_random_10,20261620,10,5.0,15.0,0.3,12.088333333333335,11.940000000000001,-0.14833333333333218,24.0,0.76953125,10,39,49.0,58
10,seeded_random_10,20261621,10,5.0,15.0,0.3,12.238333333333332,12.003333333333332,-0.23500000000000032,11.0,0.10546875,10,39,49.0,58
10,seeded_random_10,20261622,10,5.0,15.0,0.3,12.281666666666668,12.053333333333335,-0.22833333333333297,24.0,0.76953125,10,39,49.0,58
10,seeded_random_10,20261623,10,5.0,15.0,0.3,12.151666666666667,11.583333333333332,-0.568333333333334,9.0,0.064453125,10,39,49.0,58
10,seeded_random_10,20261624,10,5.0,15.0,0.3,11.96,11.758333333333333,-0.20166666666666638,25.0,0.845703125,10,39,49.0,58
10,seeded_random_10,20261625,10,5.0,15.0,0.3,12.043333333333333,11.551666666666666,-0.4916666666666668,11.0,0.10546875,10,39,49.0,58
10,seeded_random_10,20261626,10,5.0,15.0,0.3,12.368333333333332,11.883333333333335,-0.48499999999999927,13.0,0.16015625,10,39,49.0,58
10,seeded_random_10,20261627,10,5.0,15.0,0.3,12.108333333333334,11.691666666666666,-0.41666666666666663,10.0,0.083984375,10,39,49.0,58
10,seeded_random_10,20261628,10,5.0,15.0,0.3,12.338333333333335,11.655,-0.6833333333333345,3.0,0.009765625,10,39,49.0,58
10,seeded_random_10,20261629,10,5.0,15.0,0.3,12.105,11.688333333333333,-0.41666666666666663,15.0,0.232421875,10,39,49.0,58
10,seeded_random_10,20261630,10,5.0,15.0,0.3,12.158333333333335,11.715,-0.4433333333333337,7.0,0.037109375,10,39,49.0,58
10,seeded_random_10,20261631,10,5.0,15.0,0.3,12.151666666666667,11.318333333333332,-0.8333333333333334,9.0,0.064453125,10,39,49.0,58
10,seeded_random_10,20261632,10,5.0,15.0,0.3,12.129999999999999,11.844999999999999,-0.2849999999999998,21.0,0.556640625,10,39,49.0,58
10,seeded_random_10,20261633,10,5.0,15.0,0.3,12.128333333333334,11.625,-0.5033333333333342,16.0,0.275390625,10,39,49.0,58
10,seeded_random_10,20261634,10,5.0,15.0,0.3,12.011666666666667,12.24,0.22833333333333367,11.0,0.10546875,10,39,49.0,58
10,seeded_random_10,20261635,10,5.0,15.0,0.3,12.098333333333333,11.599999999999998,-0.49833333333333363,14.0,0.193359375,10,39,49.0,58
10,seeded_random_10,20261636,10,5.0,15.0,0.3,11.941666666666666,11.713333333333335,-0.2283333333333335,7.0,0.037109375,10,39,49.0,58
10,seeded_random_10,20261637,10,5.0,15.0,0.3,12.296666666666665,11.885,-0.41166666666666635,17.0,0.30859375,10,39,49.0,58
10,seeded_random_10,20261638,10,5.0,15.0,0.3,12.051666666666668,11.003333333333334,-1.0483333333333331,0.0,0.001953125,10,39,49.0,58
10,seeded_random_10,20261639,10,5.0,15.0,0.3,12.176666666666666,11.703333333333335,-0.4733333333333333,18.0,0.375,10,39,49.0,58
10,seeded_random_10,20261640,10,5.0,15.0,0.3,12.184999999999999,11.635000000000002,-0.5499999999999998,9.0,0.064453125,10,39,49.0,58
10,seeded_random_10,20261641,10,5.0,15.0,0.3,12.141666666666667,12.278333333333332,0.13666666666666635,22.0,0.625,10,39,49.0,58
10,seeded_random_10,20261642,10,5.0,15.0,0.3,12.17,11.768333333333334,-0.40166666666666656,10.0,0.080078125,10,39,49.0,58
10,seeded_random_10,20261643,10,5.0,15.0,0.3,11.975,11.733333333333333,-0.2416666666666673,21.0,0.556640625,10,39,49.0,58
10,seeded_random_10,20261644,10,5.0,15.0,0.3,12.188333333333334,11.796666666666667,-0.39166666666666694,12.0,0.130859375,10,39,49.0,58
10,seeded_random_10,20261645,10,5.0,15.0,0.3,12.146666666666665,12.003333333333334,-0.14333333333333248,24.0,0.76953125,10,39,49.0,58
10,seeded_random_10,20261646,10,5.0,15.0,0.3,11.953333333333333,11.783333333333335,-0.16999999999999904,27.0,0.9765625,10,39,49.0,58
10,seeded_random_10,20261647,10,5.0,15.0,0.3,12.363333333333333,11.753333333333334,-0.61,9.0,0.064453125,10,39,49.0,58
10,seeded_random_10,20261648,10,5.0,15.0,0.3,12.34,11.856666666666667,-0.48333333333333356,13.0,0.16015625,10,39,49.0,58
10,seeded_random_10,20261649,10,5.0,15.0,0.3,12.125000000000002,11.85,-0.2750000000000002,16.0,0.265625,10,39,49.0,58
10,seeded_random_10,20261650,10,5.0,15.0,0.3,11.986666666666666,11.756666666666668,-0.23000000000000043,22.0,0.625,10,39,49.0,58
10,seeded_random_10,20261651,10,5.0,15.0,0.3,12.293333333333333,11.66,-0.6333333333333329,13.0,0.16015625,10,39,49.0,58
10,seeded_random_10,20261652,10,5.0,15.0,0.3,12.333333333333332,11.978333333333333,-0.35499999999999954,14.0,0.185546875,10,39,49.0,58
10,seeded_random_10,20261653,10,5.0,15.0,0.3,11.870000000000001,12.031666666666666,0.1616666666666667,20.0,0.4921875,10,39,49.0,58
10,seeded_random_10,20261654,10,5.0,15.0,0.3,12.080000000000002,11.803333333333333,-0.2766666666666667,14.0,0.193359375,10,39,49.0,58
10,seeded_random_10,20261655,10,5.0,15.0,0.3,12.015,11.788333333333334,-0.2266666666666664,21.5,0.576171875,10,39,49.0,58
10,seeded_random_10,20261656,10,5.0,15.0,0.3,12.385,11.73,-0.6550000000000005,4.0,0.013671875,10,39,49.0,58
10,seeded_random_10,20261657,10,5.0,15.0,0.3,12.315000000000001,11.665000000000001,-0.6500000000000006,1.0,0.00390625,10,39,49.0,58
10,seeded_random_10,20261658,10,5.0,15.0,0.3,12.186666666666667,12.063333333333334,-0.12333333333333325,21.5,0.57421875,10,39,49.0,58
10,seeded_random_10,20261659,10,5.0,15.0,0.3,12.12,11.98,-0.13999999999999968,23.0,0.6953125,10,39,49.0,58
10,seeded_random_10,20261660,10,5.0,15.0,0.3,12.368333333333334,11.219999999999999,-1.148333333333333,0.0,0.001953125,10,39,49.0,58
10,seeded_random_10,20261661,10,5.0,15.0,0.3,12.02,12.23,0.2099999999999998,19.0,0.431640625,10,39,49.0,58
10,seeded_random_10,20261662,10,5.0,15.0,0.3,12.084999999999999,11.604999999999999,-0.4800000000000001,18.0,0.375,10,39,49.0,58
10,seeded_random_10,20261663,10,5.0,15.0,0.3,11.838333333333335,11.543333333333333,-0.2950000000000008,18.0,0.375,10,39,49.0,58
10,seeded_random_10,20261664,10,5.0,15.0,0.3,12.086666666666668,11.801666666666668,-0.28500000000000014,15.0,0.232421875,10,39,49.0,58
10,seeded_random_10,20261665,10,5.0,15.0,0.3,12.535,11.66,-0.8749999999999998,8.0,0.048828125,10,39,49.0,58
10,seeded_random_10,20261666,10,5.0,15.0,0.3,12.191666666666666,11.39333333333333,-0.7983333333333331,0.0,0.001953125,10,39,49.0,58
10,seeded_random_10,20261667,10,5.0,15.0,0.3,12.4,12.031666666666666,-0.368333333333333,14.0,0.193359375,10,39,49.0,58
10,seeded_random_10,20261668,10,5.0,15.0,0.3,12.233333333333334,11.806666666666665,-0.42666666666666747,15.0,0.232421875,10,39,49.0,58
10,seeded_random_10,20261669,10,5.0,15.0,0.3,12.466666666666667,11.975,-0.4916666666666677,11.0,0.10546875,10,39,49.0,58
10,seeded_random_10,20261670,10,5.0,15.0,0.3,12.341666666666667,11.751666666666667,-0.5900000000000005,10.0,0.083984375,10,39,49.0,58
10,seeded_random_10,20261671,10,5.0,15.0,0.3,12.051666666666668,11.64166666666667,-0.4099999999999994,19.0,0.431640625,10,39,49.0,58
10,seeded_random_10,20261672,10,5.0,15.0,0.3,12.253333333333334,11.774999999999999,-0.47833333333333317,10.0,0.083984375,10,39,49.0,58
10,seeded_random_10,20261673,10,5.0,15.0,0.3,11.715,11.876666666666667,0.16166666666666654,25.0,0.845703125,10,39,49.0,58
10,seeded_random_10,20261674,10,5.0,15.0,0.3,12.251666666666667,11.789999999999997,-0.46166666666666745,9.5,0.068359375,10,39,49.0,58
10,seeded_random_10,20261675,10,5.0,15.0,0.3,11.881666666666664,12.208333333333332,0.32666666666666727,15.0,0.232421875,10,39,49.0,58
10,seeded_random_10,20261676,10,5.0,15.0,0.3,12.146666666666668,11.653333333333332,-0.4933333333333339,14.0,0.193359375,10,39,49.0,58
10,seeded_random_10,20261677,10,5.0,15.0,0.3,12.139999999999997,11.808333333333334,-0.33166666666666667,20.0,0.4921875,10,39,49.0,58
10,seeded_random_10,20261678,10,5.0,15.0,0.3,11.963333333333335,11.859999999999998,-0.10333333333333439,26.0,0.900390625,10,39,49.0,58
10,seeded_random_10,20261679,10,5.0,15.0,0.3,12.236666666666666,11.561666666666666,-0.6750000000000005,10.0,0.083984375,10,39,49.0,58
10,seeded_random_10,20261680,10,5.0,15.0,0.3,12.133333333333331,11.648333333333333,-0.4850000000000003,14.0,0.185546875,10,39,49.0,58
10,seeded_random_10,20261681,10,5.0,15.0,0.3,11.93,11.756666666666666,-0.1733333333333329,24.0,0.767578125,10,39,49.0,58
10,seeded_random_10,20261682,10,5.0,15.0,0.3,11.995000000000001,11.598333333333333,-0.3966666666666665,18.0,0.375,10,39,49.0,58
10,seeded_random_10,20261683,10,5.0,15.0,0.3,12.086666666666668,11.491666666666665,-0.5950000000000003,10.0,0.083984375,10,39,49.0,58
10,seeded_random_10,20261684,10,5.0,15.0,0.3,12.236666666666668,11.955,-0.28166666666666684,15.0,0.232421875,10,39,49.0,58
10,seeded_random_10,20261685,10,5.0,15.0,0.3,12.428333333333333,11.65,-0.7783333333333333,8.5,0.052734375,10,39,49.0,58
10,seeded_random_10,20261686,10,5.0,15.0,0.3,12.34,12.048333333333334,-0.29166666666666696,20.0,0.4921875,10,39,49.0,58
10,seeded_random_10,20261687,10,5.0,15.0,0.3,12.065,11.889999999999999,-0.17500000000000035,23.0,0.6953125,10,39,49.0,58
10,seeded_random_10,20261688,10,5.0,15.0,0.3,12.145,11.794999999999998,-0.35,18.0,0.375,10,39,49.0,58
10,seeded_random_10,20261689,10,5.0,15.0,0.3,12.705000000000002,12.053333333333333,-0.651666666666667,5.0,0.017578125,10,39,49.0,58
10,seeded_random_10,20261690,10,5.0,15.0,0.3,12.169999999999998,11.855,-0.3149999999999995,23.0,0.6953125,10,39,49.0,58
10,seeded_random_10,20261691,10,5.0,15.0,0.3,11.926666666666666,11.77,-0.1566666666666663,18.0,0.375,10,39,49.0,58
10,seeded_random_10,20261692,10,5.0,15.0,0.3,12.171666666666667,11.729999999999999,-0.44166666666666715,13.0,0.16015625,10,39,49.0,58
10,seeded_random_10,20261693,10,5.0,15.0,0.3,12.218333333333332,11.811666666666666,-0.40666666666666684,9.0,0.064453125,10,39,49.0,58
10,seeded_random_10,20261694,10,5.0,15.0,0.3,12.223333333333333,11.821666666666669,-0.4016666666666664,18.0,0.361328125,10,39,49.0,58
10,seeded_random_10,20261695,10,5.0,15.0,0.3,11.875000000000002,11.716666666666667,-0.15833333333333374,18.0,0.375,10,39,49.0,58
10,seeded_random_10,20261696,10,5.0,15.0,0.3,12.151666666666666,11.876666666666667,-0.275,21.0,0.556640625,10,39,49.0,58
10,seeded_random_10,20261697,10,5.0,15.0,0.3,11.921666666666667,11.636666666666667,-0.28500000000000014,22.0,0.625,10,39,49.0,58
10,seeded_random_10,20261698,10,5.0,15.0,0.3,12.403333333333334,11.969999999999999,-0.4333333333333341,11.0,0.1015625,10,39,49.0,58
10,seeded_random_10,20261699,10,5.0,15.0,0.3,12.178333333333333,11.688333333333334,-0.48999999999999916,10.0,0.083984375,10,39,49.0,58
10,seeded_random_10,20261700,10,5.0,15.0,0.3,12.131666666666666,11.841666666666667,-0.2899999999999995,20.0,0.4921875,10,39,49.0,58
10,seeded_random_10,20261701,10,5.0,15.0,0.3,12.100000000000001,11.440000000000001,-0.6600000000000001,6.0,0.02734375,10,39,49.0,58
10,seeded_random_10,20261702,10,5.0,15.0,0.3,11.836666666666668,12.02,0.18333333333333304,20.0,0.4921875,10,39,49.0,58
10,seeded_random_10,20261703,10,5.0,15.0,0.3,12.108333333333333,11.756666666666666,-0.3516666666666673,17.0,0.322265625,10,39,49.0,58
10,seeded_random_10,20261704,10,5.0,15.0,0.3,12.143333333333333,12.063333333333333,-0.08000000000000007,26.0,0.921875,10,39,49.0,58
10,seeded_random_10,20261705,10,5.0,15.0,0.3,12.384999999999998,11.823333333333332,-0.5616666666666668,4.0,0.013671875,10,39,49.0,58
10,seeded_random_10,20261706,10,5.0,15.0,0.3,12.446666666666665,11.715,-0.7316666666666671,10.0,0.083984375,10,39,49.0,58
10,seeded_random_10,20261707,10,5.0,15.0,0.3,11.908333333333333,11.78,-0.12833333333333313,23.0,0.6953125,10,39,49.0,58
10,seeded_random_10,20261708,10,5.0,15.0,0.3,11.863333333333333,11.581666666666665,-0.2816666666666675,20.0,0.4921875,10,39,49.0,58
10,seeded_random_10,20261709,10,5.0,15.0,0.3,12.146666666666667,11.870000000000001,-0.27666666666666606,19.0,0.431640625,10,39,49.0,58
10,seeded_random_10,20261710,10,5.0,15.0,0.3,12.303333333333331,11.596666666666668,-0.7066666666666661,6.0,0.02734375,10,39,49.0,58
10,seeded_random_10,20261711,10,5.0,15.0,0.3,12.466666666666667,11.770000000000001,-0.6966666666666661,9.0,0.064453125,10,39,49.0,58
10,seeded_random_10,20261712,10,5.0,15.0,0.3,12.285,12.038333333333334,-0.2466666666666663,10.0,0.083984375,10,39,49.0,58
10,seeded_random_10,20261713,10,5.0,15.0,0.3,12.389999999999999,11.366666666666665,-1.023333333333334,6.0,0.02734375,10,39,49.0,58
10,seeded_random_10,20261714,10,5.0,15.0,0.3,12.273333333333333,11.655,-0.6183333333333332,5.0,0.01953125,10,39,49.0,58
10,seeded_random_10,20261715,10,5.0,15.0,0.3,11.966666666666665,11.818333333333333,-0.14833333333333326,26.0,0.921875,10,39,49.0,58
10,seeded_random_10,20261716,10,5.0,15.0,0.3,12.228333333333333,11.64,-0.5883333333333327,11.0,0.10546875,10,39,49.0,58
10,seeded_random_10,20261717,10,5.0,15.0,0.3,12.035,11.801666666666666,-0.23333333333333375,19.0,0.431640625,10,39,49.0,58
10,seeded_random_10,20261718,10,5.0,15.0,0.3,12.304999999999998,11.758333333333333,-0.5466666666666663,10.0,0.083984375,10,39,49.0,58
10,seeded_random_10,20261719,10,5.0,15.0,0.3,12.125,11.723333333333333,-0.40166666666666695,12.0,0.130859375,10,39,49.0,58
10,seeded_random_10,20261720,10,5.0,15.0,0.3,12.268333333333334,12.330000000000002,0.061666666666666536,26.0,0.921875,10,39,49.0,58
10,seeded_random_10,20261721,10,5.0,15.0,0.3,12.231666666666667,11.498333333333333,-0.733333333333334,1.0,0.00390625,10,39,49.0,58
10,seeded_random_10,20261722,10,5.0,15.0,0.3,12.256666666666666,11.930000000000001,-0.3266666666666655,19.0,0.431640625,10,39,49.0,58
10,seeded_random_10,20261723,10,5.0,15.0,0.3,12.065,11.106666666666666,-0.9583333333333336,3.0,0.009765625,10,39,49.0,58
10,seeded_random_10,20261724,10,5.0,15.0,0.3,12.105,11.59,-0.5149999999999993,16.0,0.275390625,10,39,49.0,58
10,seeded_random_10,20261725,10,5.0,15.0,0.3,12.420000000000002,11.693333333333333,-0.7266666666666671,0.0,0.001953125,10,39,49.0,58
10,seeded_random_10,20261726,10,5.0,15.0,0.3,11.968333333333334,11.628333333333334,-0.3399999999999995,20.0,0.4921875,10,39,49.0,58
10,seeded_random_10,20261727,10,5.0,15.0,0.3,12.108333333333333,12.001666666666665,-0.10666666666666699,23.0,0.685546875,10,39,49.0,58
10,seeded_random_10,20261728,10,5.0,15.0,0.3,12.003333333333334,11.715,-0.28833333333333366,20.0,0.4921875,10,39,49.0,58
10,seeded_random_10,20261729,10,5.0,15.0,0.3,12.086666666666666,11.903333333333332,-0.18333333333333304,23.0,0.6953125,10,39,49.0,58
10,seeded_random_10,20261730,10,5.0,15.0,0.3,12.268333333333334,11.790000000000001,-0.4783333333333335,7.0,0.037109375,10,39,49.0,58
10,seeded_random_10,20261731,10,5.0,15.0,0.3,11.956666666666667,12.015,0.05833333333333339,23.0,0.6953125,10,39,49.0,58
10,seeded_random_10,20261732,10,5.0,15.0,0.3,12.083333333333334,11.993333333333334,-0.08999999999999968,23.0,0.6953125,10,39,49.0,58
10,seeded_random_10,20261733,10,5.0,15.0,0.3,12.093333333333332,11.666666666666668,-0.4266666666666666,14.0,0.193359375,10,39,49.0,58
10,seeded_random_10,20261734,10,5.0,15.0,0.3,11.931666666666667,12.005,0.07333333333333343,27.0,1.0,10,39,49.0,58
10,seeded_random_10,20261735,10,5.0,15.0,0.3,12.131666666666666,11.538333333333332,-0.5933333333333332,10.5,0.08984375,10,39,49.0,58
10,seeded_random_10,20261736,10,5.0,15.0,0.3,12.081666666666667,11.901666666666667,-0.18000000000000024,19.0,0.431640625,10,39,49.0,58
10,seeded_random_10,20261737,10,5.0,15.0,0.3,11.915,11.831666666666667,-0.08333333333333356,26.0,0.921875,10,39,49.0,58
10,seeded_random_10,20261738,10,5.0,15.0,0.3,12.153333333333332,11.740000000000002,-0.41333333333333344,7.0,0.037109375,10,39,49.0,58
10,seeded_random_10,20261739,10,5.0,15.0,0.3,11.776666666666667,11.975000000000001,0.1983333333333329,15.0,0.232421875,10,39,49.0,58
10,seeded_random_10,20261740,10,5.0,15.0,0.3,12.165000000000001,12.288333333333332,0.1233333333333336,24.0,0.76953125,10,39,49.0,58
10,seeded_random_10,20261741,10,5.0,15.0,0.3,12.17,11.481666666666666,-0.6883333333333331,10.0,0.083984375,10,39,49.0,58
10,seeded_random_10,20261742,10,5.0,15.0,0.3,12.095,11.853333333333335,-0.2416666666666666,22.0,0.625,10,39,49.0,58
10,seeded_random_10,20261743,10,5.0,15.0,0.3,12.113333333333333,11.778333333333334,-0.33499999999999963,17.0,0.322265625,10,39,49.0,58
10,seeded_random_10,20261744,10,5.0,15.0,0.3,12.001666666666667,11.379999999999999,-0.6216666666666664,9.0,0.064453125,10,39,49.0,58
10,seeded_random_10,20261745,10,5.0,15.0,0.3,12.245,11.561666666666666,-0.6833333333333325,10.0,0.083984375,10,39,49.0,58
10,seeded_random_10,20261746,10,5.0,15.0,0.3,11.754999999999999,11.313333333333333,-0.44166666666666643,10.5,0.0859375,10,39,49.0,58
10,seeded_random_10,20261747,10,5.0,15.0,0.3,12.078333333333333,11.586666666666666,-0.49166666666666714,16.0,0.275390625,10,39,49.0,58
10,seeded_random_10,20261748,10,5.0,15.0,0.3,12.166666666666666,11.673333333333334,-0.4933333333333335,14.0,0.193359375,10,39,49.0,58
10,seeded_random_10,20261749,10,5.0,15.0,0.3,11.988333333333333,12.261666666666667,0.2733333333333343,19.0,0.431640625,10,39,49.0,58
10,seeded_random_10,20261750,10,5.0,15.0,0.3,12.043333333333331,11.955,-0.08833333333333311,25.0,0.845703125,10,39,49.0,58
10,seeded_random_10,20261751,10,5.0,15.0,0.3,12.005000000000003,11.546666666666665,-0.4583333333333341,14.0,0.193359375,10,39,49.0,58
10,seeded_random_10,20261752,10,5.0,15.0,0.3,12.41,11.89,-0.5199999999999998,10.0,0.083984375,10,39,49.0,58
10,seeded_random_10,20261753,10,5.0,15.0,0.3,12.279999999999998,11.296666666666667,-0.9833333333333334,3.0,0.009765625,10,39,49.0,58
10,seeded_random_10,20261754,10,5.0,15.0,0.3,12.361666666666668,11.635000000000002,-0.7266666666666672,3.0,0.009765625,10,39,49.0,58
10,seeded_random_10,20261755,10,5.0,15.0,0.3,12.456666666666667,11.888333333333332,-0.5683333333333331,10.0,0.083984375,10,39,49.0,58
10,seeded_random_10,20261756,10,5.0,15.0,0.3,11.891666666666667,11.75,-0.14166666666666677,17.0,0.322265625,10,39,49.0,58
10,seeded_random_10,20261757,10,5.0,15.0,0.3,12.356666666666667,11.761666666666667,-0.5949999999999998,5.0,0.01953125,10,39,49.0,58
10,seeded_random_10,20261758,10,5.0,15.0,0.3,12.376666666666667,11.680000000000001,-0.6966666666666665,8.0,0.09765625,10,39,49.0,58
10,seeded_random_10,20261759,10,5.0,15.0,0.3,12.055,11.818333333333333,-0.23666666666666708,16.0,0.263671875,10,39,49.0,58
10,seeded_random_10,20261760,10,5.0,15.0,0.3,11.896666666666667,11.671666666666667,-0.22500000000000017,18.0,0.375,10,39,49.0,58
10,seeded_random_10,20261761,10,5.0,15.0,0.3,12.245000000000001,11.988333333333333,-0.25666666666666627,20.0,0.4765625,10,39,49.0,58
10,seeded_random_10,20261762,10,5.0,15.0,0.3,12.014999999999997,11.431666666666667,-0.5833333333333327,11.0,0.10546875,10,39,49.0,58
10,seeded_random_10,20261763,10,5.0,15.0,0.3,11.97,11.81,-0.15999999999999961,23.0,0.6953125,10,39,49.0,58
10,seeded_random_10,20261764,10,5.0,15.0,0.3,12.025000000000002,12.105,0.08000000000000043,27.0,1.0,10,39,49.0,58
10,seeded_random_10,20261765,10,5.0,15.0,0.3,12.250000000000002,11.658333333333333,-0.5916666666666682,9.0,0.064453125,10,39,49.0,58
10,seeded_random_10,20261766,10,5.0,15.0,0.3,12.198333333333332,11.596666666666666,-0.6016666666666666,9.0,0.064453125,10,39,49.0,58
10,seeded_random_10,20261767,10,5.0,15.0,0.3,12.423333333333334,11.896666666666667,-0.5266666666666664,12.0,0.130859375,10,39,49.0,58
10,seeded_random_10,20261768,10,5.0,15.0,0.3,12.038333333333332,11.29,-0.7483333333333337,11.0,0.10546875,10,39,49.0,58
10,seeded_random_10,20261769,10,5.0,15.0,0.3,12.093333333333334,11.733333333333334,-0.35999999999999927,13.0,0.16015625,10,39,49.0,58
10,seeded_random_10,20261770,10,5.0,15.0,0.3,12.086666666666666,11.59,-0.4966666666666676,14.0,0.193359375,10,39,49.0,58
10,seeded_random_10,20261771,10,5.0,15.0,0.3,12.238333333333333,11.833333333333334,-0.4050000000000001,10.0,0.083984375,10,39,49.0,58
10,seeded_random_10,20261772,10,5.0,15.0,0.3,12.241666666666665,11.686666666666667,-0.5549999999999999,10.0,0.083984375,10,39,49.0,58
10,seeded_random_10,20261773,10,5.0,15.0,0.3,12.545,11.995000000000001,-0.5499999999999996,11.0,0.10546875,10,39,49.0,58
10,seeded_random_10,20261774,10,5.0,15.0,0.3,12.145,12.021666666666667,-0.12333333333333307,20.0,0.4921875,10,39,49.0,58
10,seeded_random_10,20261775,10,5.0,15.0,0.3,12.186666666666666,11.796666666666667,-0.3899999999999997,14.0,0.193359375,10,39,49.0,58
10,seeded_random_10,20261776,10,5.0,15.0,0.3,12.098333333333333,11.686666666666667,-0.4116666666666665,16.0,0.275390625,10,39,49.0,58
10,seeded_random_10,20261777,10,5.0,15.0,0.3,12.195,11.793333333333333,-0.4016666666666667,24.0,0.76953125,10,39,49.0,58
10,seeded_random_10,20261778,10,5.0,15.0,0.3,12.191666666666666,11.47,-0.721666666666667,3.0,0.009765625,10,39,49.0,58
10,seeded_random_10,20261779,10,5.0,15.0,0.3,12.063333333333333,12.181666666666667,0.11833333333333318,23.0,0.6953125,10,39,49.0,58
10,seeded_random_10,20261780,10,5.0,15.0,0.3,12.16,11.588333333333335,-0.5716666666666667,12.0,0.130859375,10,39,49.0,58
10,seeded_random_10,20261781,10,5.0,15.0,0.3,11.926666666666666,11.655000000000001,-0.2716666666666665,17.0,0.322265625,10,39,49.0,58
10,seeded_random_10,20261782,10,5.0,15.0,0.3,12.320000000000002,12.093333333333335,-0.22666666666666674,16.0,0.275390625,10,39,49.0,58
10,seeded_random_10,20261783,10,5.0,15.0,0.3,12.405,12.110000000000001,-0.2949999999999996,20.0,0.4921875,10,39,49.0,58
10,seeded_random_10,20261784,10,5.0,15.0,0.3,11.835,11.868333333333334,0.033333333333334283,27.0,1.0,10,39,49.0,58
10,seeded_random_10,20261785,10,5.0,15.0,0.3,12.346666666666668,12.013333333333332,-0.33333333333333426,18.0,0.375,10,39,49.0,58
10,seeded_random_10,20261786,10,5.0,15.0,0.3,12.165000000000001,11.721666666666668,-0.44333333333333264,20.5,0.5078125,10,39,49.0,58
10,seeded_random_10,20261787,10,5.0,15.0,0.3,12.010000000000002,11.808333333333334,-0.20166666666666586,20.0,0.4921875,10,39,49.0,58
10,seeded_random_10,20261788,10,5.0,15.0,0.3,12.336666666666668,11.76,-0.5766666666666677,15.0,0.232421875,10,39,49.0,58
10,seeded_random_10,20261789,10,5.0,15.0,0.3,11.983333333333333,11.468333333333332,-0.5149999999999988,15.0,0.232421875,10,39,49.0,58
10,seeded_random_10,20261790,10,5.0,15.0,0.3,12.055,11.316666666666666,-0.7383333333333333,9.0,0.064453125,10,39,49.0,58
10,seeded_random_10,20261791,10,5.0,15.0,0.3,12.291666666666668,11.701666666666666,-0.5899999999999999,12.0,0.130859375,10,39,49.0,58
10,seeded_random_10,20261792,10,5.0,15.0,0.3,12.078333333333335,11.751666666666665,-0.3266666666666678,18.0,0.359375,10,39,49.0,58
10,seeded_random_10,20261793,10,5.0,15.0,0.3,11.996666666666666,11.818333333333333,-0.17833333333333332,21.0,0.556640625,10,39,49.0,58
10,seeded_random_10,20261794,10,5.0,15.0,0.3,12.156666666666668,11.753333333333334,-0.4033333333333333,13.0,0.16015625,10,39,49.0,58
10,seeded_random_10,20261795,10,5.0,15.0,0.3,12.015,11.666666666666666,-0.34833333333333377,14.0,0.193359375,10,39,49.0,58
10,seeded_random_10,20261796,10,5.0,15.0,0.3,12.313333333333334,11.715,-0.5983333333333333,9.0,0.060546875,10,39,49.0,58
10,seeded_random_10,20261797,10,5.0,15.0,0.3,12.036666666666667,11.7,-0.33666666666666634,22.0,0.625,10,39,49.0,58
10,seeded_random_10,20261798,10,5.0,15.0,0.3,11.936666666666667,11.511666666666667,-0.42499999999999966,10.0,0.078125,10,39,49.0,58
10,seeded_random_10,20261799,10,5.0,15.0,0.3,12.308333333333334,11.553333333333335,-0.7549999999999999,13.0,0.16015625,10,39,49.0,58
10,seeded_random_10,20261800,10,5.0,15.0,0.3,12.456666666666669,11.625,-0.8316666666666677,7.0,0.037109375,10,39,49.0,58
10,seeded_random_10,20261801,10,5.0,15.0,0.3,11.945,11.685,-0.25999999999999995,15.0,0.232421875,10,39,49.0,58
10,seeded_random_10,20261802,10,5.0,15.0,0.3,11.921666666666667,12.066666666666666,0.1450000000000001,20.0,0.4921875,10,39,49.0,58
10,seeded_random_10,20261803,10,5.0,15.0,0.3,11.896666666666667,11.771666666666665,-0.12500000000000053,25.0,0.826171875,10,39,49.0,58
10,seeded_random_10,20261804,10,5.0,15.0,0.3,12.146666666666665,11.446666666666669,-0.6999999999999987,3.0,0.009765625,10,39,49.0,58
10,seeded_random_10,20261805,10,5.0,15.0,0.3,12.251666666666667,11.838333333333333,-0.4133333333333328,16.0,0.275390625,10,39,49.0,58
10,seeded_random_10,20261806,10,5.0,15.0,0.3,12.616666666666667,11.998333333333331,-0.6183333333333334,11.0,0.10546875,10,39,49.0,58
10,seeded_random_10,20261807,10,5.0,15.0,0.3,12.25,11.308333333333334,-0.9416666666666675,8.0,0.048828125,10,39,49.0,58
10,seeded_random_10,20261808,10,5.0,15.0,0.3,11.921666666666667,11.886666666666667,-0.03500000000000032,25.0,0.845703125,10,39,49.0,58
10,seeded_random_10,20261809,10,5.0,15.0,0.3,12.213333333333333,11.651666666666666,-0.5616666666666669,9.0,0.064453125,10,39,49.0,58
10,seeded_random_10,20261810,10,5.0,15.0,0.3,11.938333333333333,11.708333333333332,-0.23000000000000007,19.0,0.431640625,10,39,49.0,58
10,seeded_random_10,20261811,10,5.0,15.0,0.3,12.07,11.663333333333334,-0.40666666666666645,11.0,0.10546875,10,39,49.0,58
10,seeded_random_10,20261812,10,5.0,15.0,0.3,11.928333333333333,11.645,-0.2833333333333323,13.0,0.30078125,10,39,49.0,58
10,seeded_random_10,20261813,10,5.0,15.0,0.3,12.141666666666666,11.975000000000001,-0.16666666666666624,25.0,0.845703125,10,39,49.0,58
10,seeded_random_10,20261814,10,5.0,15.0,0.3,12.303333333333333,11.48,-0.8233333333333335,7.0,0.037109375,10,39,49.0,58
10,seeded_random_10,20261815,10,5.0,15.0,0.3,12.05,11.911666666666667,-0.13833333333333311,23.0,0.6953125,10,39,49.0,58
10,seeded_random_10,20261816,10,5.0,15.0,0.3,12.098333333333333,12.061666666666667,-0.03666666666666618,24.5,0.787109375,10,39,49.0,58
10,seeded_random_10,20261817,10,5.0,15.0,0.3,12.233333333333333,11.628333333333334,-0.6049999999999993,8.0,0.048828125,10,39,49.0,58
10,seeded_random_10,20261818,10,5.0,15.0,0.3,11.838333333333335,11.8,-0.03833333333333293,23.0,0.6953125,10,39,49.0,58
10,seeded_random_10,20261819,10,5.0,15.0,0.3,11.991666666666667,11.538333333333332,-0.4533333333333335,16.0,0.275390625,10,39,49.0,58
10,seeded_random_10,20261820,10,5.0,15.0,0.3,12.371666666666666,12.226666666666667,-0.1450000000000001,23.0,0.6953125,10,39,49.0,58
10,seeded_random_10,20261821,10,5.0,15.0,0.3,12.173333333333332,11.633333333333333,-0.5399999999999998,8.5,0.05078125,10,39,49.0,58
10,seeded_random_10,20261822,10,5.0,15.0,0.3,12.185,12.016666666666667,-0.1683333333333339,22.0,0.625,10,39,49.0,58
10,seeded_random_10,20261823,10,5.0,15.0,0.3,12.221666666666666,11.903333333333332,-0.3183333333333335,25.0,0.845703125,10,39,49.0,58
10,seeded_random_10,20261824,10,5.0,15.0,0.3,11.853333333333333,11.961666666666666,0.10833333333333287,24.0,0.76953125,10,39,49.0,58
10,seeded_random_10,20261825,10,5.0,15.0,0.3,12.038333333333334,11.676666666666666,-0.3616666666666665,11.0,0.10546875,10,39,49.0,58
10,seeded_random_10,20261826,10,5.0,15.0,0.3,12.471666666666668,12.01,-0.46166666666666706,16.0,0.275390625,10,39,49.0,58
10,seeded_random_10,20261827,10,5.0,15.0,0.3,12.298333333333336,12.078333333333333,-0.22000000000000047,18.0,0.375,10,39,49.0,58
10,seeded_random_10,20261828,10,5.0,15.0,0.3,12.041666666666668,11.561666666666666,-0.48000000000000026,6.0,0.0546875,10,39,49.0,58
10,seeded_random_10,20261829,10,5.0,15.0,0.3,12.063333333333334,11.678333333333335,-0.38499999999999995,12.0,0.130859375,10,39,49.0,58
10,seeded_random_10,20261830,10,5.0,15.0,0.3,12.153333333333332,11.853333333333335,-0.29999999999999927,20.0,0.4921875,10,39,49.0,58
10,seeded_random_10,20261831,10,5.0,15.0,0.3,12.335,11.168333333333333,-1.1666666666666667,1.0,0.00390625,10,39,49.0,58
10,seeded_random_10,20261832,10,5.0,15.0,0.3,12.235,11.523333333333335,-0.7116666666666657,7.0,0.037109375,10,39,49.0,58
10,seeded_random_10,20261833,10,5.0,15.0,0.3,12.123333333333331,12.209999999999999,0.0866666666666676,26.0,0.921875,10,39,49.0,58
10,seeded_random_10,20261834,10,5.0,15.0,0.3,12.16,11.801666666666666,-0.3583333333333334,13.0,0.16015625,10,39,49.0,58
10,seeded_random_10,20261835,10,5.0,15.0,0.3,12.266666666666666,11.951666666666666,-0.3149999999999995,13.0,0.150390625,10,39,49.0,58
10,seeded_random_10,20261836,10,5.0,15.0,0.3,12.621666666666666,11.658333333333333,-0.9633333333333338,0.0,0.001953125,10,39,49.0,58
10,seeded_random_10,20261837,10,5.0,15.0,0.3,12.101666666666667,12.136666666666667,0.03500000000000085,27.0,1.0,10,39,49.0,58
10,seeded_random_10,20261838,10,5.0,15.0,0.3,12.105,11.495,-0.6100000000000001,15.0,0.232421875,10,39,49.0,58
10,seeded_random_10,20261839,10,5.0,15.0,0.3,12.378333333333334,11.896666666666667,-0.4816666666666668,16.0,0.275390625,10,39,49.0,58
10,seeded_random_10,20261840,10,5.0,15.0,0.3,12.166666666666666,11.601666666666667,-0.5649999999999988,4.0,0.013671875,10,39,49.0,58
10,seeded_random_10,20261841,10,5.0,15.0,0.3,12.003333333333334,11.773333333333332,-0.2299999999999999,24.0,0.76953125,10,39,49.0,58
10,seeded_random_10,20261842,10,5.0,15.0,0.3,12.3,11.398333333333335,-0.9016666666666673,4.0,0.013671875,10,39,49.0,58
10,seeded_random_10,20261843,10,5.0,15.0,0.3,12.353333333333333,11.415,-0.9383333333333335,4.0,0.013671875,10,39,49.0,58
10,seeded_random_10,20261844,10,5.0,15.0,0.3,12.001666666666667,11.776666666666667,-0.225,17.0,0.322265625,10,39,49.0,58
10,seeded_random_10,20261845,10,5.0,15.0,0.3,11.94,11.773333333333332,-0.1666666666666675,14.0,0.193359375,10,39,49.0,58
10,seeded_random_10,20261846,10,5.0,15.0,0.3,12.41,11.638333333333332,-0.7716666666666667,8.0,0.048828125,10,39,49.0,58
10,seeded_random_10,20261847,10,5.0,15.0,0.3,12.305,11.825,-0.47999999999999987,11.0,0.10546875,10,39,49.0,58
10,seeded_random_10,20261848,10,5.0,15.0,0.3,12.155000000000001,11.575,-0.5799999999999998,12.0,0.123046875,10,39,49.0,58
10,seeded_random_10,20261849,10,5.0,15.0,0.3,12.08,12.121666666666668,0.04166666666666732,27.0,1.0,10,39,49.0,58
10,seeded_random_10,20261850,10,5.0,15.0,0.3,11.691666666666666,11.858333333333333,0.1666666666666659,25.0,0.845703125,10,39,49.0,58
10,seeded_random_10,20261851,10,5.0,15.0,0.3,12.256666666666666,11.663333333333334,-0.5933333333333334,9.0,0.064453125,10,39,49.0,58
10,seeded_random_10,20261852,10,5.0,15.0,0.3,12.216666666666665,11.896666666666668,-0.3199999999999994,12.0,0.130859375,10,39,49.0,58
10,seeded_random_10,20261853,10,5.0,15.0,0.3,12.136666666666667,11.989999999999998,-0.14666666666666667,23.0,0.6953125,10,39,49.0,58
10,seeded_random_10,20261854,10,5.0,15.0,0.3,12.391666666666667,11.626666666666665,-0.7650000000000003,9.0,0.064453125,10,39,49.0,58
10,seeded_random_10,20261855,10,5.0,15.0,0.3,12.334999999999999,11.896666666666667,-0.43833333333333313,10.0,0.083984375,10,39,49.0,58
10,seeded_random_10,20261856,10,5.0,15.0,0.3,12.023333333333332,11.809999999999999,-0.2133333333333324,20.0,0.4921875,10,39,49.0,58
10,seeded_random_10,20261857,10,5.0,15.0,0.3,12.288333333333334,11.973333333333333,-0.31500000000000006,6.0,0.02734375,10,39,49.0,58
10,seeded_random_10,20261858,10,5.0,15.0,0.3,12.148333333333333,11.84,-0.30833333333333324,17.0,0.322265625,10,39,49.0,58
10,seeded_random_10,20261859,10,5.0,15.0,0.3,12.356666666666666,11.973333333333333,-0.3833333333333336,11.0,0.1015625,10,39,49.0,58
10,seeded_random_10,20261860,10,5.0,15.0,0.3,12.133333333333331,11.471666666666668,-0.6616666666666665,9.5,0.068359375,10,39,49.0,58
10,seeded_random_10,20261861,10,5.0,15.0,0.3,12.196666666666665,11.781666666666668,-0.41499999999999915,13.0,0.16015625,10,39,49.0,58
10,seeded_random_10,20261862,10,5.0,15.0,0.3,12.266666666666666,11.631666666666668,-0.6350000000000007,2.0,0.005859375,10,39,49.0,58
10,seeded_random_10,20261863,10,5.0,15.0,0.3,12.094999999999999,11.478333333333333,-0.6166666666666665,12.0,0.130859375,10,39,49.0,58
10,seeded_random_10,20261864,10,5.0,15.0,0.3,12.478333333333333,11.8,-0.6783333333333331,4.0,0.013671875,10,39,49.0,58
10,seeded_random_10,20261865,10,5.0,15.0,0.3,12.343333333333334,11.695,-0.6483333333333325,11.0,0.10546875,10,39,49.0,58
10,seeded_random_10,20261866,10,5.0,15.0,0.3,11.953333333333333,12.016666666666666,0.06333333333333258,25.0,0.82421875,10,39,49.0,58
10,seeded_random_10,20261867,10,5.0,15.0,0.3,12.145,12.175,0.030000000000000072,21.0,0.91015625,10,39,49.0,58
10,seeded_random_10,20261868,10,5.0,15.0,0.3,12.043333333333333,12.055000000000001,0.011666666666666714,27.0,1.0,10,39,49.0,58
10,seeded_random_10,20261869,10,5.0,15.0,0.3,12.156666666666666,11.523333333333332,-0.6333333333333335,1.0,0.00390625,10,39,49.0,58
10,seeded_random_10,20261870,10,5.0,15.0,0.3,12.108333333333334,11.615,-0.4933333333333335,14.0,0.193359375,10,39,49.0,58
10,seeded_random_10,20261871,10,5.0,15.0,0.3,12.233333333333334,11.863333333333333,-0.3699999999999998,16.0,0.275390625,10,39,49.0,58
10,seeded_random_10,20261872,10,5.0,15.0,0.3,12.110000000000001,11.723333333333333,-0.3866666666666667,10.0,0.083984375,10,39,49.0,58
10,seeded_random_10,20261873,10,5.0,15.0,0.3,12.726666666666667,11.603333333333333,-1.123333333333333,0.0,0.001953125,10,39,49.0,58
10,seeded_random_10,20261874,10,5.0,15.0,0.3,12.285,11.59,-0.6950000000000003,4.0,0.013671875,10,39,49.0,58
10,seeded_random_10,20261875,10,5.0,15.0,0.3,12.211666666666668,11.771666666666668,-0.4400000000000004,15.0,0.232421875,10,39,49.0,58
10,seeded_random_10,20261876,10,5.0,15.0,0.3,12.256666666666666,12.004999999999999,-0.2516666666666671,20.0,0.4921875,10,39,49.0,58
10,seeded_random_10,20261877,10,5.0,15.0,0.3,11.721666666666668,11.808333333333334,0.08666666666666671,24.0,0.76953125,10,39,49.0,58
10,seeded_random_10,20261878,10,5.0,15.0,0.3,12.111666666666668,11.595,-0.5166666666666664,14.0,0.185546875,10,39,49.0,58
10,seeded_random_10,20261879,10,5.0,15.0,0.3,12.28,11.559999999999999,-0.7199999999999991,7.0,0.037109375,10,39,49.0,58
10,seeded_random_10,20261880,10,5.0,15.0,0.3,11.948333333333334,11.833333333333332,-0.11500000000000074,19.0,0.431640625,10,39,49.0,58
10,seeded_random_10,20261881,10,5.0,15.0,0.3,12.27,11.751666666666669,-0.5183333333333332,6.0,0.02734375,10,39,49.0,58
10,seeded_random_10,20261882,10,5.0,15.0,0.3,12.26,11.821666666666667,-0.43833333333333363,13.0,0.16015625,10,39,49.0,58
10,seeded_random_10,20261883,10,5.0,15.0,0.3,11.950000000000001,11.754999999999999,-0.19500000000000045,14.5,0.203125,10,39,49.0,58
10,seeded_random_10,20261884,10,5.0,15.0,0.3,12.041666666666668,11.648333333333333,-0.393333333333333,19.0,0.431640625,10,39,49.0,58
10,seeded_random_10,20261885,10,5.0,15.0,0.3,12.081666666666667,11.836666666666666,-0.2450000000000001,22.0,0.625,10,39,49.0,58
10,seeded_random_10,20261886,10,5.0,15.0,0.3,12.37,11.693333333333333,-0.6766666666666659,10.0,0.083984375,10,39,49.0,58
10,seeded_random_10,20261887,10,5.0,15.0,0.3,12.391666666666666,11.838333333333333,-0.553333333333333,7.0,0.037109375,10,39,49.0,58
10,seeded_random_10,20261888,10,5.0,15.0,0.3,12.258333333333335,11.808333333333334,-0.44999999999999984,18.0,0.375,10,39,49.0,58
10,seeded_random_10,20261889,10,5.0,15.0,0.3,12.303333333333335,11.798333333333334,-0.5049999999999999,13.0,0.16015625,10,39,49.0,58
10,seeded_random_10,20261890,10,5.0,15.0,0.3,11.918333333333333,12.178333333333333,0.2600000000000005,24.5,0.79296875,10,39,49.0,58
10,seeded_random_10,20261891,10,5.0,15.0,0.3,11.876666666666665,11.815000000000001,-0.06166666666666672,26.0,0.904296875,10,39,49.0,58
10,seeded_random_10,20261892,10,5.0,15.0,0.3,12.396666666666667,11.85,-0.5466666666666669,4.0,0.013671875,10,39,49.0,58
10,seeded_random_10,20261893,10,5.0,15.0,0.3,12.173333333333332,11.77,-0.403333333333333,13.0,0.16015625,10,39,49.0,58
10,seeded_random_10,20261894,10,5.0,15.0,0.3,12.248333333333333,11.878333333333334,-0.36999999999999955,15.0,0.232421875,10,39,49.0,58
10,seeded_random_10,20261895,10,5.0,15.0,0.3,12.026666666666667,11.65,-0.3766666666666669,13.0,0.16015625,10,39,49.0,58
10,seeded_random_10,20261896,10,5.0,15.0,0.3,11.98,11.84,-0.1400000000000004,22.0,0.625,10,39,49.0,58
10,seeded_random_10,20261897,10,5.0,15.0,0.3,12.458333333333334,11.709999999999999,-0.7483333333333345,1.0,0.00390625,10,39,49.0,58
10,seeded_random_10,20261898,10,5.0,15.0,0.3,11.866666666666667,11.83,-0.036666666666666715,26.0,0.921875,10,39,49.0,58
10,seeded_random_10,20261899,10,5.0,15.0,0.3,11.893333333333333,11.799999999999999,-0.09333333333333335,15.0,0.232421875,10,39,49.0,58
10,seeded_random_10,20261900,10,5.0,15.0,0.3,11.981666666666666,11.666666666666666,-0.31500000000000006,17.0,0.322265625,10,39,49.0,58
10,seeded_random_10,20261901,10,5.0,15.0,0.3,11.875,11.506666666666666,-0.368333333333333,13.0,0.16015625,10,39,49.0,58
10,seeded_random_10,20261902,10,5.0,15.0,0.3,12.108333333333333,11.661666666666667,-0.4466666666666665,14.0,0.193359375,10,39,49.0,58
10,seeded_random_10,20261903,10,5.0,15.0,0.3,12.093333333333334,11.421666666666665,-0.6716666666666669,5.0,0.01953125,10,39,49.0,58
10,seeded_random_10,20261904,10,5.0,15.0,0.3,11.903333333333332,11.728333333333333,-0.1749999999999993,25.0,0.82421875,10,39,49.0,58
10,seeded_random_10,20261905,10,5.0,15.0,0.3,12.09,11.968333333333334,-0.12166666666666667,20.0,0.4921875,10,39,49.0,58
10,seeded_random_10,20261906,10,5.0,15.0,0.3,12.110000000000001,11.751666666666667,-0.35833333333333306,15.0,0.22265625,10,39,49.0,58
10,seeded_random_10,20261907,10,5.0,15.0,0.3,12.241666666666667,12.086666666666666,-0.15500000000000025,20.0,0.4921875,10,39,49.0,58
10,seeded_random_10,20261908,10,5.0,15.0,0.3,12.346666666666666,11.913333333333332,-0.43333333333333324,18.0,0.375,10,39,49.0,58
10,seeded_random_10,20261909,10,5.0,15.0,0.3,11.741666666666667,11.455,-0.2866666666666665,20.0,0.4921875,10,39,49.0,58
10,seeded_random_10,20261910,10,5.0,15.0,0.3,12.163333333333334,11.75,-0.4133333333333328,12.0,0.130859375,10,39,49.0,58
10,seeded_random_10,20261911,10,5.0,15.0,0.3,12.313333333333333,11.803333333333331,-0.5099999999999992,10.0,0.080078125,10,39,49.0,58
10,seeded_random_10,20261912,10,5.0,15.0,0.3,12.035,11.805,-0.2299999999999999,24.0,0.75,10,39,49.0,58
10,seeded_random_10,20261913,10,5.0,15.0,0.3,12.33,11.323333333333334,-1.0066666666666664,2.0,0.005859375,10,39,49.0,58
10,seeded_random_10,20261914,10,5.0,15.0,0.3,12.056666666666665,12.093333333333334,0.03666666666666689,27.0,1.0,10,39,49.0,58
10,seeded_random_10,20261915,10,5.0,15.0,0.3,12.325,11.336666666666668,-0.9883333333333331,2.5,0.0078125,10,39,49.0,58
10,seeded_random_10,20261916,10,5.0,15.0,0.3,12.083333333333332,11.603333333333332,-0.48000000000000026,17.0,0.322265625,10,39,49.0,58
10,seeded_random_10,20261917,10,5.0,15.0,0.3,12.346666666666666,11.830000000000002,-0.516666666666666,6.0,0.02734375,10,39,49.0,58
10,seeded_random_10,20261918,10,5.0,15.0,0.3,12.10833333333333,11.741666666666665,-0.3666666666666664,14.0,0.359375,10,39,49.0,58
10,seeded_random_10,20261919,10,5.0,15.0,0.3,12.398333333333332,11.833333333333332,-0.5649999999999998,4.0,0.013671875,10,39,49.0,58
10,seeded_random_10,20261920,10,5.0,15.0,0.3,12.218333333333332,12.198333333333332,-0.01999999999999975,21.0,0.556640625,10,39,49.0,58
10,seeded_random_10,20261921,10,5.0,15.0,0.3,11.986666666666668,11.596666666666666,-0.39000000000000073,8.0,0.048828125,10,39,49.0,58
10,seeded_random_10,20261922,10,5.0,15.0,0.3,12.458333333333332,12.018333333333334,-0.4399999999999988,10.0,0.08203125,10,39,49.0,58
10,seeded_random_10,20261923,10,5.0,15.0,0.3,12.209999999999999,11.860000000000001,-0.3499999999999989,18.0,0.375,10,39,49.0,58
10,seeded_random_10,20261924,10,5.0,15.0,0.3,12.058333333333334,12.015,-0.04333333333333318,24.0,0.76953125,10,39,49.0,58
10,seeded_random_10,20261925,10,5.0,15.0,0.3,12.155,11.908333333333333,-0.2466666666666663,17.0,0.322265625,10,39,49.0,58
10,seeded_random_10,20261926,10,5.0,15.0,0.3,11.993333333333334,11.848333333333334,-0.1449999999999992,24.0,0.75,10,39,49.0,58
10,seeded_random_10,20261927,10,5.0,15.0,0.3,12.16,11.781666666666666,-0.37833333333333385,10.0,0.083984375,10,39,49.0,58
10,seeded_random_10,20261928,10,5.0,15.0,0.3,11.775,11.709999999999999,-0.06500000000000003,23.0,0.67578125,10,39,49.0,58
10,seeded_random_10,20261929,10,5.0,15.0,0.3,12.27,12.046666666666667,-0.22333333333333308,20.0,0.4921875,10,39,49.0,58
10,seeded_random_10,20261930,10,5.0,15.0,0.3,12.188333333333333,11.893333333333334,-0.2949999999999992,16.0,0.275390625,10,39,49.0,58
10,seeded_random_10,20261931,10,5.0,15.0,0.3,12.16,11.874999999999998,-0.2849999999999994,21.0,0.556640625,10,39,49.0,58
10,seeded_random_10,20261932,10,5.0,15.0,0.3,12.238333333333333,11.583333333333334,-0.6549999999999987,10.0,0.083984375,10,39,49.0,58
10,seeded_random_10,20261933,10,5.0,15.0,0.3,12.209999999999999,11.748333333333333,-0.4616666666666667,14.0,0.193359375,10,39,49.0,58
10,seeded_random_10,20261934,10,5.0,15.0,0.3,12.203333333333333,11.751666666666669,-0.45166666666666694,4.0,0.013671875,10,39,49.0,58
10,seeded_random_10,20261935,10,5.0,15.0,0.3,12.1,11.643333333333334,-0.45666666666666683,6.0,0.02734375,10,39,49.0,58
10,seeded_random_10,20261936,10,5.0,15.0,0.3,12.036666666666667,11.905000000000001,-0.131666666666667,24.0,0.76953125,10,39,49.0,58
10,seeded_random_10,20261937,10,5.0,15.0,0.3,11.993333333333334,11.446666666666665,-0.5466666666666663,6.0,0.02734375,10,39,49.0,58
10,seeded_random_10,20261938,10,5.0,15.0,0.3,12.503333333333334,11.596666666666668,-0.9066666666666666,0.0,0.001953125,10,39,49.0,58
10,seeded_random_10,20261939,10,5.0,15.0,0.3,12.145,11.938333333333334,-0.20666666666666683,20.0,0.4921875,10,39,49.0,58
10,seeded_random_10,20261940,10,5.0,15.0,0.3,12.06,11.843333333333334,-0.2166666666666675,23.0,0.6953125,10,39,49.0,58
10,seeded_random_10,20261941,10,5.0,15.0,0.3,12.101666666666667,11.701666666666666,-0.3999999999999998,14.0,0.193359375,10,39,49.0,58
10,seeded_random_10,20261942,10,5.0,15.0,0.3,12.035,11.978333333333333,-0.05666666666666629,27.0,1.0,10,39,49.0,58
10,seeded_random_10,20261943,10,5.0,15.0,0.3,12.08,11.531666666666666,-0.5483333333333335,14.0,0.193359375,10,39,49.0,58
10,seeded_random_10,20261944,10,5.0,15.0,0.3,12.169999999999998,11.648333333333335,-0.521666666666666,12.0,0.130859375,10,39,49.0,58
10,seeded_random_10,20261945,10,5.0,15.0,0.3,11.826666666666664,11.376666666666667,-0.44999999999999984,18.0,0.375,10,39,49.0,58
10,seeded_random_10,20261946,10,5.0,15.0,0.3,12.038333333333334,12.29,0.2516666666666666,16.0,0.275390625,10,39,49.0,58
10,seeded_random_10,20261947,10,5.0,15.0,0.3,11.996666666666666,12.245000000000001,0.2483333333333327,26.0,0.921875,10,39,49.0,58
10,seeded_random_10,20261948,10,5.0,15.0,0.3,12.401666666666667,11.545,-0.8566666666666662,4.0,0.013671875,10,39,49.0,58
10,seeded_random_10,20261949,10,5.0,15.0,0.3,11.834999999999999,11.67,-0.16499999999999987,17.5,0.333984375,10,39,49.0,58
10,seeded_random_10,20261950,10,5.0,15.0,0.3,12.276666666666667,11.628333333333334,-0.6483333333333332,5.0,0.01953125,10,39,49.0,58
10,seeded_random_10,20261951,10,5.0,15.0,0.3,12.379999999999999,12.139999999999999,-0.23999999999999969,23.0,0.6953125,10,39,49.0,58
10,seeded_random_10,20261952,10,5.0,15.0,0.3,12.389999999999999,11.508333333333333,-0.8816666666666665,0.0,0.001953125,10,39,49.0,58
10,seeded_random_10,20261953,10,5.0,15.0,0.3,11.94,11.775,-0.1650000000000002,20.0,0.4921875,10,39,49.0,58
10,seeded_random_10,20261954,10,5.0,15.0,0.3,12.208333333333332,11.763333333333334,-0.44499999999999995,15.0,0.232421875,10,39,49.0,58
10,seeded_random_10,20261955,10,5.0,15.0,0.3,11.845,12.063333333333334,0.21833333333333335,16.0,0.275390625,10,39,49.0,58
10,seeded_random_10,20261956,10,5.0,15.0,0.3,12.008333333333333,11.65,-0.3583333333333337,14.0,0.193359375,10,39,49.0,58
10,seeded_random_10,20261957,10,5.0,15.0,0.3,12.161666666666665,11.773333333333333,-0.3883333333333331,18.0,0.375,10,39,49.0,58
10,seeded_random_10,20261958,10,5.0,15.0,0.3,12.023333333333333,11.638333333333334,-0.38499999999999995,20.0,0.4921875,10,39,49.0,58
10,seeded_random_10,20261959,10,5.0,15.0,0.3,11.976666666666665,11.753333333333334,-0.22333333333333397,22.0,0.625,10,39,49.0,58
10,seeded_random_10,20261960,10,5.0,15.0,0.3,11.993333333333332,12.166666666666668,0.17333333333333342,26.0,0.921875,10,39,49.0,58
10,seeded_random_10,20261961,10,5.0,15.0,0.3,12.343333333333332,11.999999999999998,-0.343333333333333,18.0,0.375,10,39,49.0,58
10,seeded_random_10,20261962,10,5.0,15.0,0.3,12.325,12.418333333333335,0.09333333333333389,27.0,1.0,10,39,49.0,58
10,seeded_random_10,20261963,10,5.0,15.0,0.3,12.190000000000001,11.688333333333334,-0.5016666666666666,5.5,0.021484375,10,39,49.0,58
10,seeded_random_10,20261964,10,5.0,15.0,0.3,12.163333333333332,12.066666666666668,-0.09666666666666704,21.0,0.556640625,10,39,49.0,58
10,seeded_random_10,20261965,10,5.0,15.0,0.3,12.383333333333335,12.061666666666666,-0.32166666666666754,15.0,0.232421875,10,39,49.0,58
10,seeded_random_10,20261966,10,5.0,15.0,0.3,12.344999999999999,11.935,-0.4099999999999996,15.0,0.232421875,10,39,49.0,58
10,seeded_random_10,20261967,10,5.0,15.0,0.3,11.923333333333334,12.186666666666666,0.2633333333333333,18.0,0.375,10,39,49.0,58
10,seeded_random_10,20261968,10,5.0,15.0,0.3,12.345000000000002,12.061666666666667,-0.2833333333333334,17.0,0.322265625,10,39,49.0,58
10,seeded_random_10,20261969,10,5.0,15.0,0.3,12.085000000000003,11.853333333333333,-0.2316666666666672,25.0,0.845703125,10,39,49.0,58
10,seeded_random_10,20261970,10,5.0,15.0,0.3,12.018333333333334,12.011666666666667,-0.006666666666666998,27.0,1.0,10,39,49.0,58
10,seeded_random_10,20261971,10,5.0,15.0,0.3,12.430000000000001,11.383333333333335,-1.0466666666666664,2.0,0.005859375,10,39,49.0,58
10,seeded_random_10,20261972,10,5.0,15.0,0.3,12.316666666666666,12.023333333333332,-0.29333333333333356,13.0,0.16015625,10,39,49.0,58
10,seeded_random_10,20261973,10,5.0,15.0,0.3,12.456666666666667,11.693333333333333,-0.7633333333333331,6.0,0.02734375,10,39,49.0,58
10,seeded_random_10,20261974,10,5.0,15.0,0.3,12.366666666666665,11.981666666666667,-0.3849999999999998,9.0,0.064453125,10,39,49.0,58
10,seeded_random_10,20261975,10,5.0,15.0,0.3,12.069999999999999,11.61,-0.4599999999999994,11.0,0.10546875,10,39,49.0,58
10,seeded_random_10,20261976,10,5.0,15.0,0.3,11.765,11.870000000000001,0.10499999999999972,27.0,1.0,10,39,49.0,58
10,seeded_random_10,20261977,10,5.0,15.0,0.3,12.216666666666667,11.481666666666666,-0.7350000000000003,1.0,0.00390625,10,39,49.0,58
10,seeded_random_10,20261978,10,5.0,15.0,0.3,12.24,11.951666666666668,-0.28833333333333383,15.0,0.232421875,10,39,49.0,58
10,seeded_random_10,20261979,10,5.0,15.0,0.3,12.056666666666668,12.408333333333335,0.35166666666666674,14.0,0.193359375,10,39,49.0,58
10,seeded_random_10,20261980,10,5.0,15.0,0.3,12.121666666666666,11.794999999999998,-0.32666666666666677,14.0,0.193359375,10,39,49.0,58
10,seeded_random_10,20261981,10,5.0,15.0,0.3,12.486666666666666,12.031666666666666,-0.45500000000000096,19.0,0.431640625,10,39,49.0,58
10,seeded_random_10,20261982,10,5.0,15.0,0.3,12.279999999999998,11.879999999999999,-0.3999999999999998,17.0,0.322265625,10,39,49.0,58
10,seeded_random_10,20261983,10,5.0,15.0,0.3,12.08,11.826666666666666,-0.253333333333334,18.0,0.375,10,39,49.0,58
10,seeded_random_10,20261984,10,5.0,15.0,0.3,12.221666666666668,11.546666666666667,-0.675,0.0,0.001953125,10,39,49.0,58
10,seeded_random_10,20261985,10,5.0,15.0,0.3,12.091666666666667,11.73333333333333,-0.3583333333333337,12.0,0.130859375,10,39,49.0,58
10,seeded_random_10,20261986,10,5.0,15.0,0.3,12.218333333333334,11.905,-0.3133333333333342,18.0,0.375,10,39,49.0,58
10,seeded_random_10,20261987,10,5.0,15.0,0.3,12.145,11.334999999999999,-0.8100000000000003,1.0,0.00390625,10,39,49.0,58
10,seeded_random_10,20261988,10,5.0,15.0,0.3,12.348333333333334,11.68,-0.6683333333333337,14.5,0.201171875,10,39,49.0,58
10,seeded_random_10,20261989,10,5.0,15.0,0.3,11.905,11.716666666666667,-0.18833333333333382,20.0,0.4921875,10,39,49.0,58
10,seeded_random_10,20261990,10,5.0,15.0,0.3,11.955,11.821666666666667,-0.13333333333333358,21.0,0.556640625,10,39,49.0,58
10,seeded_random_10,20261991,10,5.0,15.0,0.3,11.963333333333333,11.785,-0.17833333333333332,27.0,1.0,10,39,49.0,58
10,seeded_random_10,20261992,10,5.0,15.0,0.3,12.128333333333334,11.848333333333333,-0.2800000000000006,12.5,0.13671875,10,39,49.0,58
10,seeded_random_10,20261993,10,5.0,15.0,0.3,11.981666666666666,12.04,0.05833333333333339,27.0,1.0,10,39,49.0,58
10,seeded_random_10,20261994,10,5.0,15.0,0.3,11.988333333333333,11.665000000000001,-0.3233333333333336,18.0,0.375,10,39,49.0,58
10,seeded_random_10,20261995,10,5.0,15.0,0.3,11.889999999999999,11.555,-0.3349999999999998,15.0,0.232421875,10,39,49.0,58
10,seeded_random_10,20261996,10,5.0,15.0,0.3,12.076666666666666,11.536666666666667,-0.5399999999999998,10.0,0.083984375,10,39,49.0,58
10,seeded_random_10,20261997,10,5.0,15.0,0.3,12.156666666666666,11.766666666666667,-0.38999999999999985,11.5,0.111328125,10,39,49.0,58
10,seeded_random_10,20261998,10,5.0,15.0,0.3,12.13,11.428333333333335,-0.7016666666666669,15.0,0.232421875,10,39,49.0,58
10,seeded_random_10,20261999,10,5.0,15.0,0.3,12.318333333333333,11.818333333333333,-0.5000000000000007,14.0,0.193359375,10,39,49.0,58
